[
  {
    "type": "overmap_terrain",
    "id": "cs_gardening_allotment",
    "name": "社区花园",
    "sym": 97,
    "color": "brown_green",
    "see_cost": 5,
    "extras": "build",
    "mondensity": 2,
    "flags": ["SIDEWALK"]
  },
  {
    "type": "overmap_terrain",
    "id": "cs_open_sewer",
    "name": "下水道施工现场",
    "sym": 115,
    "color": "i_light_blue",
    "see_cost": 5,
    "extras": "build",
    "mondensity": 2,
    "flags": ["SIDEWALK"]
  },
  {
    "type": "overmap_terrain",
    "id": "cs_private_park",
    "name": "私人公园",
    "sym": 112,
    "color": "light_green_red",
    "see_cost": 5,
    "extras": "build",
    "mondensity": 2,
    "flags": ["SIDEWALK"]
  },
  {
    "type": "overmap_terrain",
    "id": "cs_city_dump_small",
    "name": "垃圾场",
    "sym": 100,
    "color": "i_brown",
    "see_cost": 5,
    "extras": "build",
    "mondensity": 2,
    "flags": ["SIDEWALK"]
  },
  {
    "type": "overmap_terrain",
    "id": "cs_market_small",
    "name": "跳蚤市场",
    "sym": 109,
    "color": "i_light_gray",
    "see_cost": 5,
    "extras": "build",
    "mondensity": 2,
    "flags": ["SIDEWALK"]
  },
  {
    "type": "overmap_terrain",
    "id": "cs_sex_shop",
    "name": "成人用品店",
    "sym": 120,
    "color": "i_pink",
    "see_cost": 5,
    "extras": "build",
    "mondensity": 2,
    "flags": ["SIDEWALK"]
  },
  {
    "type": "overmap_terrain",
    "id": "cs_internet_cafe",
    "name": "网咖",
    "sym": 105,
    "color": "light_green_cyan",
    "see_cost": 5,
    "extras": "build",
    "mondensity": 2,
    "flags": ["SIDEWALK"]
  },
  
  {
    "type": "overmap_terrain",
    "id": "ws_giant_sinkhole_1",
    "name": "巨型天坑",
    "sym": 79,
    "color": "brown",
    "see_cost": 5,
    "extras": "build",
    "mondensity": 2,
    "flags": []
  },
  {
    "type": "overmap_terrain",
    "id": "ws_giant_sinkhole_2",
    "name": "巨型天坑底部",
    "sym": 79,
    "color": "brown",
    "see_cost": 5,
    "extras": "build",
    "mondensity": 2,
    "flags": []
  },
  
  {
    "type": "overmap_terrain",
    "id": "ws_fire_lookout_tower_base",
    "name": "防火瞭望塔",
    "sym": 84,
    "color": "red",
    "see_cost": 5,
    "extras": "build",
    "mondensity": 2,
    "flags": []
  },
  {
    "type": "overmap_terrain",
    "id": "ws_fire_lookout_tower_f1",
    "name": "防火瞭望塔",
    "sym": 84,
    "color": "red",
    "see_cost": 5,
    "extras": "build",
    "mondensity": 2,
    "flags": []
  },
  {
    "type": "overmap_terrain",
    "id": "ws_fire_lookout_tower_f2",
    "name": "防火瞭望塔",
    "sym": 84,
    "color": "red",
    "see_cost": 5,
    "extras": "build",
    "mondensity": 2,
    "flags": []
  },
  {
    "type": "overmap_terrain",
    "id": "ws_fire_lookout_tower_f3",
    "name": "防火瞭望塔",
    "sym": 84,
    "color": "red",
    "see_cost": 5,
    "extras": "build",
    "mondensity": 2,
    "flags": []
  },
  
  {
    "type": "overmap_terrain",
    "id": "ws_survivor_bunker_f0",
    "name": "幸存者地堡",
    "sym": 98,
    "color": "green",
    "see_cost": 5,
    "extras": "build",
    "mondensity": 2,
    "flags": []
  },
  {
    "type": "overmap_terrain",
    "id": "ws_survivor_bunker_f-1",
    "name": "幸存者地堡",
    "sym": 98,
    "color": "green",
    "see_cost": 5,
    "extras": "build",
    "mondensity": 2,
    "flags": []
  },
  
  {
    "type": "overmap_terrain",
    "id": "ws_survivor_camp",
    "name": "幸存者营地",
    "sym": 99,
    "color": "brown",
    "see_cost": 5,
    "extras": "build",
    "mondensity": 2,
    "flags": []
  },
  
  {
    "type": "overmap_terrain",
    "id": "cs_public_art_piece",
    "name": "公共艺术作品",
    "sym": 97,
    "color": "i_white",
    "see_cost": 5,
    "extras": "build",
    "mondensity": 2,
    "flags": ["SIDEWALK"]
  },
  {
    "type": "overmap_terrain",
    "id": "cs_public_space",
    "name": "公共场所",
    "sym": 94,
    "color": "i_white",
    "see_cost": 5,
    "extras": "build",
    "mondensity": 2,
    "flags": ["SIDEWALK"]
  },
  {
    "type": "overmap_terrain",
    "id": "cs_car_showroom",
    "name": "汽车展厅",
    "sym": 99,
    "color": "i_cyan",
    "see_cost": 5,
    "extras": "build",
    "mondensity": 2,
    "flags": ["SIDEWALK"]
  },
  {
    "type": "overmap_terrain",
    "id": "cs_car_dealership",
    "name": "汽车经销商",
    "sym": 99,
    "color": "i_cyan",
    "see_cost": 5,
    "extras": "build",
    "mondensity": 2,
    "flags": ["SIDEWALK"]
  },
  {
    "type": "overmap_terrain",
    "id": "cs_tire_shop",
    "name": "轮胎店",
    "sym": 79,
    "color": "white",
    "see_cost": 5,
    "extras": "build",
    "mondensity": 2,
    "flags": ["SIDEWALK"]
  },


  {
    "type": "overmap_terrain",
    "id": "ws_regional_dump_0_0",
    "name": "地区垃圾场",
    "sym": 100,
    "color": "i_brown",
    "see_cost": 5,
    "extras": "build",
    "mondensity": 2,
    "flags": []
  },
  {
    "type": "overmap_terrain",
    "id": "ws_regional_dump_1_0",
    "name": "地区垃圾场",
    "sym": 100,
    "color": "i_brown",
    "see_cost": 5,
    "extras": "build",
    "mondensity": 2,
    "flags": []
  },
  {
    "type": "overmap_terrain",
    "id": "ws_regional_dump_2_0",
    "name": "地区垃圾场",
    "sym": 100,
    "color": "i_brown",
    "see_cost": 5,
    "extras": "build",
    "mondensity": 2,
    "flags": []
  },
  {
    "type": "overmap_terrain",
    "id": "ws_regional_dump_3_0",
    "name": "地区垃圾场",
    "sym": 100,
    "color": "i_brown",
    "see_cost": 5,
    "extras": "build",
    "mondensity": 2,
    "flags": []
  },
  {
    "type": "overmap_terrain",
    "id": "ws_regional_dump_0_1",
    "name": "地区垃圾场",
    "sym": 100,
    "color": "i_brown",
    "see_cost": 5,
    "extras": "build",
    "mondensity": 2,
    "flags": []
  },
  {
    "type": "overmap_terrain",
    "id": "ws_regional_dump_1_1",
    "name": "地区垃圾场",
    "sym": 100,
    "color": "i_brown",
    "see_cost": 5,
    "extras": "build",
    "mondensity": 2,
    "flags": []
  },
  {
    "type": "overmap_terrain",
    "id": "ws_regional_dump_2_1",
    "name": "地区垃圾场",
    "sym": 100,
    "color": "i_brown",
    "see_cost": 5,
    "extras": "build",
    "mondensity": 2,
    "flags": []
  },
  {
    "type": "overmap_terrain",
    "id": "ws_regional_dump_3_1",
    "name": "地区垃圾场",
    "sym": 100,
    "color": "i_brown",
    "see_cost": 5,
    "extras": "build",
    "mondensity": 2,
    "flags": []
  },
  {
    "type": "overmap_terrain",
    "id": "ws_regional_dump_0_2",
    "name": "地区垃圾场",
    "sym": 100,
    "color": "i_brown",
    "see_cost": 5,
    "extras": "build",
    "mondensity": 2,
    "flags": []
  },
  {
    "type": "overmap_terrain",
    "id": "ws_regional_dump_1_2",
    "name": "地区垃圾场",
    "sym": 100,
    "color": "i_brown",
    "see_cost": 5,
    "extras": "build",
    "mondensity": 2,
    "flags": []
  },
  {
    "type": "overmap_terrain",
    "id": "ws_regional_dump_2_2",
    "name": "地区垃圾场",
    "sym": 100,
    "color": "i_brown",
    "see_cost": 5,
    "extras": "build",
    "mondensity": 2,
    "flags": []
  },
  {
    "type": "overmap_terrain",
    "id": "ws_regional_dump_3_2",
    "name": "地区垃圾场",
    "sym": 100,
    "color": "i_brown",
    "see_cost": 5,
    "extras": "build",
    "mondensity": 2,
    "flags": []
  },
  {
    "type": "overmap_terrain",
    "id": "ws_regional_dump_0_3",
    "name": "地区垃圾场",
    "sym": 100,
    "color": "i_brown",
    "see_cost": 5,
    "extras": "build",
    "mondensity": 2,
    "flags": []
  },
  {
    "type": "overmap_terrain",
    "id": "ws_regional_dump_1_3",
    "name": "地区垃圾场",
    "sym": 100,
    "color": "i_brown",
    "see_cost": 5,
    "extras": "build",
    "mondensity": 2,
    "flags": []
  },
  {
    "type": "overmap_terrain",
    "id": "ws_regional_dump_2_3",
    "name": "地区垃圾场",
    "sym": 100,
    "color": "i_brown",
    "see_cost": 5,
    "extras": "build",
    "mondensity": 2,
    "flags": []
  },
  {
    "type": "overmap_terrain",
    "id": "ws_regional_dump_3_3",
    "name": "地区垃圾场",
    "sym": 100,
    "color": "i_brown",
    "see_cost": 5,
    "extras": "build",
    "mondensity": 2,
    "flags": []
  }
]
