[
	{
		"type" : "overmap_terrain",
		"id" : "homelesscamp",
		"name" : "流浪汉营地",
		"rotate" : true,
		"sym" : 72,
		"color" : "green",
		"see_cost" : 5,
		"extras" : "build",
		"mondensity" : 1,
		"sidewalk" : false
	},{
		"type" : "overmap_terrain",
		"id" : "smallscrapyard",
		"name" : "小型废料场",
		"rotate" : true,
		"sym" : 115,
		"color" : "red",
		"see_cost" : 5,
		"extras" : "build",
		"mondensity" : 1,
		"sidewalk" : false
	},{
		"type" : "overmap_terrain",
		"id" : "stripclub",
		"name" : "香草独角兽",
		"rotate" : true,
		"sym" : 115,
		"color" : "i_red",
		"see_cost" : 5,
		"extras" : "build",
		"mondensity" : 1,
		"sidewalk" : true
	},{
		"type" : "overmap_terrain",
		"id" : "trailerparksmall0",
		"name" : "拖车公园",
		"rotate" : true,
		"sym" : 35,
		"color" : "white",
		"see_cost" : 5,
		"extras" : "build",
		"mondensity" : 1,
		"sidewalk" : false
	},{
		"type" : "overmap_terrain",
		"id" : "trailerparksmall1",
		"name" : "拖车公园",
		"rotate" : true,
		"sym" : 35,
		"color" : "i_white",
		"see_cost" : 5,
		"extras" : "build",
		"mondensity" : 1,
		"sidewalk" : true
	},{
		"type" : "overmap_terrain",
		"id" : "trailerparksmall2",
		"name" : "拖车公园",
		"rotate" : true,
		"sym" : 35,
		"color" : "white",
		"see_cost" : 5,
		"extras" : "build",
		"mondensity" : 1,
		"sidewalk" : false
	}
]