[
  {
    "type": "mapgen",
    "method": "json",
    "om_terrain": [ "b2_field" ],
    "weight": 1000,
    "object": {
      "rows": [
        "------&&&&&&&&&&&&------",
        "|,,.,,,,.,,,,.,..,,,,,,|",
        "|,,,,,,..,,,,,,,,.,,,,.|",
        "|,,,,,,,,,,,,,..,,,,,,,|",
        "|,,,,,,.,,,,..,,,..,,,,|",
        "|,,..,,,,,,,,,,..,,,,..|",
        "|,,,,,,,,,..,,,.,,,,,,,|",
        "|,,..,,,,,,,,.,,,,,,,,.|",
        "|,,,,,,..,,,.,,,,,,,,..|",
        "|,,..,,,,,,,,,,,,,,,,,.|",
        "|.,,,,,,,.,,,,.,,,,,,,.|",
        "|,,,,,,,,,,,,,,,,.,,,,.|",
        "|,,.,,,,,,,,,,,,,,,,,,.|",
        "|,,..,,,,,,,,..,,,,,,,,|",
        "|,,,..,,,,..,,,,..,,,,.|",
        "|,,.,,,,,,,,,,,,,,.,,,,|",
        "|,,,,,,..,,,,.,,,,.,,,.|",
        "|,,..,,,,.,,,,..,,,,,,,|",
        "|,,..,,,,,,,,,,,,..,,,.|",
        "|.,,,,..,,,,,,,,,,,.,,,|",
        "|,,..,..,,,,.,..,,,,,,,|",
        "|,,,,,.,,,,.,,,,,,,,,,,|",
        "|,,..,,,,,,,,,,,,,,,,,,|",
        "|,,.,,,,.,,,,,,,,,,,,,,|"
      ],
      "terrain": {
        "|": "t_chainfence_v",
        "-": "t_chainfence_h",
        "&": "t_chaingate_l",
        ",": "t_grass",
        ".": "t_dirt"
      },
      "place_vehicles": [
        { "vehicle": "lux_rv", "x": 11, "y": 12, "chance": 99, "fuel": 85, "status": -1, "rotation": 90 }
      ]
    }
  }
]
