[
  {
    "type": "mapgen",
    "method": "json",
    "om_terrain": [ "bio_field" ],
    "weight": 1000,
    "object": {
      "rows": [
        "----&,.,&&,.,,,&,,,.&---",
        "|,,.,,,,.,,,,.,..,,,,,,|",
        "|,,,,,,..,,,,,,,,..,,,,|",
        "|,,,,,,,,,,,,,..,,,,,,,&",
        "|,,,,,,.,,,,..,,,,..,,,&",
        "|,,..,,,,,,,,,,,..,,,,.&",
        "|,,,,,,,,,..,,,,.,,,,,,|",
        "|,,..,,,,,,,,..,,,,,,,,|",
        "|,,,,,,..,,,,.,,,,,,,,.|",
        "|,,..,,,,,,,,,,,,,,,,,,|",
        "|.,,,,,,,,.,,,,.,,,,,,,|",
        "|,,,,,,,,,,,,,,,,,.,,,,|",
        "|,,.,,,,,,,,,,,,,,,,,,,|",
        "|,,..,,,,,,,,..,,,,,,,,|",
        "&,,,..,,,,..,,,,..,,,,.|",
        ",,,.,,,,,,,,,,,,,,,.,,,|",
        ",,,,,,,..,,,,.,,,,.,,,,|",
        "&,,..,,,,.,,,,..,,,,,,,|",
        "&,,..,,,,,,,,,,,,..,,,,|",
        "|.,,,,..,,,,,,,,,,,.,,,|",
        "|,,..,..,,,,.,..,,,,,,,|",
        "|,,,,,.,,,,.,,,,,,,,,,,|",
        "|,,..,,,,,,,,,,,,,,,,,,|",
        "|,,.,,,,.,,,,,,,,,,,,,,|"
      ],
      "terrain": {
        " ": "t_null",
        ",": "t_grass",
        ".": "t_dirt",
        "|": "t_chainfence_v",
        "-": "t_chainfence_h",
        "&": "t_chainfence_posts"
      },
      "place_loot": [
        { "item": "pipe", "x": [ 3, 21 ], "y": [ 0, 2 ], "repeat": [ 2, 6 ] },
        { "item": "wire", "x": [ 3, 21 ], "y": [ 0, 2 ], "repeat": [ 4, 10 ] },
        { "item": "scrap", "x": [ 3, 21 ], "y": [ 0, 2 ], "repeat": [ 1, 5 ] },
        { "item": "pipe", "x": [ 0, 2 ], "y": [ 13, 19 ], "repeat": [ 1, 2 ] },
        { "item": "wire", "x": [ 0, 2 ], "y": [ 13, 19 ], "repeat": [ 3, 6 ] },
        { "item": "scrap", "x": [ 0, 2 ], "y": [ 13, 19 ], "repeat": [ 1, 3 ] },
        { "item": "wire", "x": [ 21, 23 ], "y": [ 2, 6 ], "repeat": [ 2, 4 ] },
        { "item": "scrap", "x": [ 21, 23 ], "y": [ 2, 6 ], "repeat": [ 0, 2 ] }
      ],
      "place_monster": [
        { "monster": "mon_zombie_soldier", "x": 3, "y": 6 },
        { "monster": "mon_zombie_soldier", "x": 17, "y": 7 },
        { "monster": "mon_zombie_soldier", "x": 2, "y": 15 },
        { "monster": "mon_zombie_soldier", "x": 19, "y": 15 },
        { "monster": "mon_zombie_soldier", "x": 6, "y": 20 },
        { "monster": "mon_zombie_soldier", "x": 13, "y": 22 }
      ],
      "place_vehicles": [
        { "vehicle": "humvee", "x": 9, "y": 10, "chance": 99, "fuel": 85, "status": -1, "rotation": 90 }
      ]
    }
  }
]
