[
  {
    "type": "mapgen",
    "method": "json",
    "om_terrain": [ "Bio_Weapon_Lab" ],
    "weight": 1000,
    "object": {
      "rows": [
        "F,,,,,,,,,C,,,,,,,,,,,,F",
        "|||||||||||dd|||||||||||",
        "|&&&{{{{{.C....{{{{{&&&|",
        "|&&&................&&&|",
        "|6....................6|",
        "|6..sSs..........sSs..6|",
        "|6..._............_...6|",
        "|6..cac..........cac..6|",
        "|6....................6|",
        "||||.....T####T.....||||",
        "|e.|b....#tttt#....b|.e|",
        "|.T|b....#tttt#....b|T.|",
        "|.f|b....#tttt#....b|f.|",
        "|..D.....#tttt#.....D..|",
        "||||.....T####T.....||||",
        "|6....................6|",
        "|6....................6|",
        "|{..sSs..........sSs..{|",
        "|{..._............_...{|",
        "|{..cac..........cac..{|",
        "|o....................o|",
        "|......................|",
        "|E--------------------E|",
        "||||||||||||||||||||||||"
      ],
      "terrain": {
        "#": "t_metal_floor",
        "&": "t_plut_generator",
        ",": "t_dirt",
        "-": "t_vat",
        ".": "t_metal_floor",
        "6": "t_console_broken",
        "C": "t_card_reader_broken",
        "D": "t_door_o",
        "E": "t_elevator_control_off",
        "F": "t_chainfence_v",
        "S": "t_station_disc",
        "T": "t_metal_floor",
        "_": "t_utility_light",
        "a": "t_switchgear_l",
        "b": "t_metal_floor",
        "c": "t_current_trans",
        "d": "t_door_metal_c",
        "e": "t_metal_floor",
        "f": "t_metal_floor",
        "o": "t_metal_floor",
        "s": "t_switchgear_s",
        "t": "t_metal_floor",
        "{": "t_metal_floor",
        "|": "t_wall_metal"
      },
      "furniture": {
        " ": "f_null",
        "#": "f_chair",
        "&": "f_null",
        "-": "f_null",
        ".": "f_null",
        "6": "f_null",
        "C": "f_null",
        "D": "f_null",
        "E": "f_null",
        "S": "f_null",
        "T": "f_trashcan",
        "_": "f_null",
        "a": "f_null",
        "b": "f_bench",
        "c": "f_null",
        "d": "f_null",
        "e": "f_toilet",
        "f": "f_sink",
        "o": "f_oven",
        "s": "f_null",
        "t": "f_table",
        "{": "f_fridge",
        "|": "f_null"
      },
      "place_toilets": [
        { "x": 1, "y": 10 },
        { "x": 22, "y": 10 }
      ],
      "place_items": [
        { "item": "fridge", "x": 22, "y": [ 17, 19 ], "chance": 100 },
        { "item": "fridge", "x": 1, "y": [ 17, 19 ], "chance": 100 },
        { "item": "oven", "x": 22, "y": 20, "chance": 100 },
        { "item": "oven", "x": 1, "y": 20, "chance": 100 },
        { "item": "science", "x": [ 15, 19 ], "y": 2, "chance": 100 },
        { "item": "science", "x": [ 4, 8 ], "y": 2, "chance": 100 },
        { "item": "mon_zombie_scientist_death_drops", "x": 13, "y": 20, "chance": 50 },
        { "item": "mon_zombie_scientist_death_drops", "x": 10, "y": 20, "chance": 50 },
        { "item": "mon_zombie_scientist_death_drops", "x": 5, "y": 20, "chance": 50 },
        { "item": "mon_zombie_scientist_death_drops", "x": 20, "y": 18, "chance": 50 },
        { "item": "mon_zombie_scientist_death_drops", "x": 14, "y": 16, "chance": 50 },
        { "item": "mon_zombie_scientist_death_drops", "x": 9, "y": 16, "chance": 50 },
        { "item": "mon_zombie_scientist_death_drops", "x": 5, "y": 16, "chance": 50 },
        { "item": "mon_zombie_scientist_death_drops", "x": 5, "y": 12, "chance": 50 },
        { "item": "mon_zombie_scientist_death_drops", "x": 17, "y": [ 11, 12 ], "chance": 50 },
        { "item": "mon_zombie_scientist_death_drops", "x": 5, "y": 10, "chance": 50 },
        { "item": "mon_zombie_scientist_death_drops", "x": 20, "y": 6, "chance": 50 },
        { "item": "mon_zombie_scientist_death_drops", "x": 16, "y": 6, "chance": 50 },
        { "item": "mon_zombie_scientist_death_drops", "x": [ 11, 12 ], "y": 6, "chance": 50 },
        { "item": "mon_zombie_scientist_death_drops", "x": 7, "y": 6, "chance": 50 }
      ],
      "add": [
        { "item": "mccmap", "x": 12, "y": 12, "repeat": 1 },
		{ "item": "laser_rifle", "x": 12, "y": 11, "repeat": 1 },
        { "item": "goggles_welding", "x": 4, "y": 20, "repeat": 1 }
      ],
      "place_npcs": [
        { "class": "bio_hunter", "x": 5, "y": 21 }
      ],
      "place_vehicles": [
        { "vehicle": "welding_cart", "x": 4, "y": 20, "chance": 99, "fuel": 25, "status": 25, "rotation": 0 },
        { "vehicle": "chem_cart", "x": 19, "y": 20, "chance": 99, "fuel": 25, "status": 25, "rotation": 0 }
      ]
    }
  }
]
