[
  {
    "type": "mapgen",
    "method": "json",
    "om_terrain": [ "biow_field" ],
    "weight": 1000,
    "object": {
      "rows": [
        ",,,,,,.,,,,.,,,,,,,.,,,,",
        ",,,.,,,,.,,,,.,..,,,,,,,",
        ",,,,,,,..,,,,,,,,..,,,,.",
        ",,,,,,,,,,,,,,..,,,,,,,,",
        ",,,,,,,.,,,,..,,,,..,,,,",
        ",,,..,,,,,,,,,,,..,,,,..",
        ",,,,,,,,,,..,,,,.,,,,,,,",
        ",,,..,,,,,,,,..,,,,,,,,.",
        ",,,,,,,..,,,,.,,,,,,,,..",
        ",,,..,,,,,,,,,,,,,,,,,,.",
        "..,,,,,,,,.,,,,.,,,,,,,.",
        ",,,,,,,,,,,,,,,,,,.,,,,.",
        ",,,.,,,,,,,,,,,,,,,,,,,.",
        ",,,..,,,,,,,,..,,,,,,,,.",
        ",,,,..,,,,..,,,,..,,,,..",
        ",,,.,,,,,,,,,,,,,,,.,,,,",
        ",,,,,,,..,,,,.,,,,.,,,,.",
        ",,,..,,,,.,,,,..,,,,,,,,",
        ",,,..,,,,,,,,,,,,..,,,,.",
        "..,,,,..,,,,,,,,,,,.,,,,",
        ",,,..,..,,,,.,..,,,,,,,.",
        ",,,,,,.,,,,.,,,,,,,,,,,.",
        ",,,..,,,,,,,,,,,,,,,,,,.",
        ",,,.,,,,.,,,,,,,,,,,,,,,"
      ],
      "terrain": {
        " ": "t_null",
        ",": "t_grass",
        ".": "t_dirt"
      },
      "furniture": {
        " ": "f_null",
        ",": "f_null",
        ".": "f_null"
      },
      "place_monster": [
        { "monster": "mon_failed_weapon", "x": 3, "y": 6 },
        { "monster": "mon_zombie_failed_weapon", "x": 6, "y": 20 },
        { "monster": "mon_zombie_failed_weapon", "x": 13, "y": 22 }
      ]
    }
  }
]
