[
  {
    "type": "mapgen",
    "method": "json",
    "om_terrain": [ "forest_slaghter" ],
    "weight": 1000,
    "object": {
      "rows": [
        ".......t._.._._____.....",
        "....1..._...7.....__7...",
        ".......__..._.......___.",
        "..._____...._...1_...t__",
        "..._.._______.........._",
        "...7__...____.........._",
        "..___.1._7_._..t....7_._",
        "..__.._____._t..__7__.._",
        "__..t__...______..___._.",
        ".....___......._.__..__.",
        "....._.___7...._._...__.",
        "...7._..._...1._..t.._..",
        "....._..._....._........",
        "....._..__...._.........",
        "...._..1......_...1.....",
        "...._..._.t.7_..........",
        ".t.__.._..____..........",
        "..._7......._._._..7....",
        "..___________...._.__...",
        "7___.._..._.._t_........",
        "__...._..._...._........",
        "_....._..1___7__.1......",
        "_.. ..t_................",
        "... ..._................"
      ],
      "terrain": {
        " ": "t_null",
        ".": "t_dirt",
        "1": "t_tree_young",
        "7": "t_tree",
        "_": "t_grass",
        "t": "t_tree_dead"
      },
      "furniture": {
        " ": "f_null",
        ".": "f_null",
        "1": "f_null",
        "7": "f_null",
        "_": "f_null",
        "t": "f_null"
      },
      "place_loot": [
        { "group": "dead_slave_fighters", "x": [ 1, 22 ], "y": [ 9, 12 ], "repeat": [ 2, 5 ] }
      ],
      "place_npcs": [
        { "class": "slave_fight", "x": 11, "y": 13 }
      ]
    }
  }
]
