[
  {
    "type": "mapgen",
    "method": "json",
    "om_terrain": [ "house_fight" ],
    "weight": 1000,
    "object": {
      "//": "This npcs know fighting and killing...",
      "rows": [
        "||||||w||||--||||w||||||",
        "|d{f |            | f{d|",
        "|    + ||||++|||| +    |",
        "|    + |BBB  BBa| +    |",
        "|##  | |        | |  ##|",
        "|||||| |bbbbbbbb| ||||||",
        "|d{f | |r      r| | f{d|",
        "|    + |r      r| +    |",
        "|    + |r      r| +    |",
        "|##  | +        + |  ##|",
        "|||||| |r      r| ||||||",
        "|C & + |r      r| + &  |",
        "|o   + |r      r| +    |",
        "|||||| |bbbbbbbb| ||||||",
        "|d{f | |        | | f{d|",
        "|    + |BBB  BBB| +    |",
        "|    + ||||++|||| +    |",
        "|##  |            |  ##|",
        "|||||| ||D||||D|| ||||||",
        "|d{f | |  {||l  | | f{d|",
        "|    + |  {||{  | +    |",
        "|    + |c {||{ c| +    |",
        "|##  | |c {||{ c| |  ##|",
        "||||||w||||||||||w||||||"
      ],
      "terrain": {
        " ": "t_floor",
        "#": "t_floor",
        "&": "t_floor",
        "+": "t_door_c",
        "-": "t_door_boarded",
        "B": "t_floor",
        "C": "t_floor",
        "D": "t_door_locked_interior",
        "a": "t_hole",
        "b": "t_bars",
        "c": "t_floor",
        "d": "t_floor",
        "f": "t_floor",
        "h": "t_hole",
        "l": "t_hole",
        "o": "t_floor",
        "r": "t_floor",
        "w": "t_window_boarded",
        "{": "t_floor",
        "|": "t_wall"
      },
      "furniture": {
        " ": "f_null",
        "#": "f_bed",
        "&": "f_sink",
        "+": "f_null",
        "-": "f_null",
        "B": "f_bench",
        "C": "f_cupboard",
        "D": "f_null",
        "a": "f_bench",
        "b": "f_null",
        "c": "f_counter",
        "d": "f_dresser",
        "f": "f_fridge",
        "h": "f_null",
        "l": "f_locker",
        "o": "f_oven",
        "r": "f_rack",
        "w": "f_null",
        "{": "f_locker",
        "|": "f_null"
      },
      "place_toilets": [
        { "x": 22, "y": 12 }
      ],
      "place_items": [
        { "item": "bed", "x": [ 21, 22 ], "y": 22, "chance": 100 },
        { "item": "bed", "x": [ 1, 2 ], "y": 22, "chance": 100 },
        { "item": "bed", "x": [ 21, 22 ], "y": 17, "chance": 100 },
        { "item": "bed", "x": [ 1, 2 ], "y": 17, "chance": 100 },
        { "item": "bed", "x": [ 21, 22 ], "y": 9, "chance": 100 },
        { "item": "bed", "x": [ 1, 2 ], "y": 9, "chance": 100 },
        { "item": "bed", "x": [ 21, 22 ], "y": 4, "chance": 100 },
        { "item": "bed", "x": [ 1, 2 ], "y": 4, "chance": 100 },
        { "item": "survivor_weapons", "x": 15, "y": [ 10, 12 ], "chance": 100 },
        { "item": "survivor_weapons", "x": 8, "y": [ 10, 12 ], "chance": 100 },
        { "item": "survivor_weapons", "x": 15, "y": [ 6, 8 ], "chance": 100 },
        { "item": "survivor_weapons", "x": 8, "y": [ 6, 8 ], "chance": 100 },
        { "item": "gear_medical", "x": 13, "y": 19, "chance": 100 },
        { "item": "gear_medical", "x": 10, "y": 19, "chance": 100 },
        { "item": "tools_medical", "x": 15, "y": [ 21, 22 ], "chance": 100 },
        { "item": "tools_medical", "x": 8, "y": [ 21, 22 ], "chance": 100 },
        { "item": "science", "x": 13, "y": 20, "chance": 100 },
        { "item": "science", "x": 10, "y": 20, "chance": 100 },
        { "item": "dresser", "x": 22, "y": 19, "chance": 100 },
        { "item": "dresser", "x": 1, "y": 19, "chance": 100 },
        { "item": "dresser", "x": 22, "y": 14, "chance": 100 },
        { "item": "dresser", "x": 1, "y": 14, "chance": 100 },
        { "item": "dresser", "x": 22, "y": 6, "chance": 100 },
        { "item": "dresser", "x": 1, "y": 6, "chance": 100 },
        { "item": "dresser", "x": 22, "y": 1, "chance": 100 },
        { "item": "dresser", "x": 1, "y": 1, "chance": 100 },
        { "item": "fridge", "x": 20, "y": 19, "chance": 100 },
        { "item": "fridge", "x": 3, "y": 19, "chance": 100 },
        { "item": "fridge", "x": 20, "y": 14, "chance": 100 },
        { "item": "fridge", "x": 3, "y": 14, "chance": 100 },
        { "item": "fridge", "x": 20, "y": 6, "chance": 100 },
        { "item": "fridge", "x": 3, "y": 6, "chance": 100 },
        { "item": "fridge", "x": 20, "y": 1, "chance": 100 },
        { "item": "fridge", "x": 3, "y": 1, "chance": 100 },
        { "item": "bionics", "x": 13, "y": [ 21, 22 ], "chance": 100 },
        { "item": "bionics", "x": 10, "y": [ 21, 22 ], "chance": 100 },
        { "item": "oven", "x": 1, "y": 12, "chance": 100 },
        { "item": "dojo_manuals", "x": 21, "y": 19, "chance": 100 },
        { "item": "dojo_manuals", "x": 2, "y": 19, "chance": 100 },
        { "item": "dojo_manuals", "x": 21, "y": 14, "chance": 100 },
        { "item": "dojo_manuals", "x": 2, "y": 14, "chance": 100 },
        { "item": "dojo_manuals", "x": 21, "y": 6, "chance": 100 },
        { "item": "dojo_manuals", "x": 2, "y": 6, "chance": 100 },
        { "item": "dojo_manuals", "x": 21, "y": 1, "chance": 100 },
        { "item": "dojo_manuals", "x": 2, "y": 1, "chance": 100 }
      ],
      "place_npcs": [
        { "class": "slave_fight_ally", "x": 3, "y": 3 },
        { "class": "slave_fight", "x": 9, "y": 4 },
        { "class": "slave_fight_ally", "x": 17, "y": 2 },
        { "class": "slave_fight", "x": 21, "y": 3 },
        { "class": "slave_fight_ally", "x": 4, "y": 20 },
        { "class": "slave_fight", "x": 9, "y": 21 },
        { "class": "slave_fight_ally", "x": 17, "y": 22 },
        { "class": "slave_fight", "x": 21, "y": 21 },
        { "class": "slave_fight", "x": 10, "y": 7 }
      ]
    }
  }
]
