[
  {
    "type": "mapgen",
    "method": "json",
    "om_terrain": [ "makeshift_command_center" ],
    "weight": 1000,
    "object": {
      "rows": [
        "F,,,,,,,,,,,,,,,,,,,,,,F",
        "!!!!!!!!!!!<<!!!!!!!!!!!",
        "!Wbaaaa.f|K..|.....6T.Z!",
        "!........|>//|.ppp._..Z!",
        "!..&CC&..|K....ppp._..Z!",
        "!_.C##C..+............&!",
        "!_.C##C..|Z..ZZZZ&..ZZZ!",
        "!..&CC&..||++|||||++|||!",
        "!........|....|HH{..{mm!",
        "!........+....|_......{!",
        "!eD.....=|....+......mm!",
        "!|||++||||....+..._...{!",
        "!........+....|_.....mm!",
        "!........+....|.......{!",
        "!.w.w.|||||++||HH{..{mm!",
        "!.ww..|c._...c||||++|||!",
        "!w..w.|cd.d.dc|4......r!",
        "!w.ww.+.d.d.dc|4......R!",
        "!.www.+.d.d.d.+.......l!",
        "!.w.ww|c......+...__..l!",
        "!||||||cd.d.dc|.......l!",
        "!s....+.d.d.dc|.......m!",
        "!t.B..+.d_d_dc|.....O.v!",
        "!!!!!!!!!!!!!!!!!!!!!!!!"
      ],
      "terrain": {
        "!": "t_wall_metal",
        "#": "t_metal_floor",
        "&": "t_metal_floor",
        "+": "t_rdoor_c",
        ",": "t_dirt",
        "-": "t_metal_floor",
        ".": "t_metal_floor",
        "/": "t_door_metal_locked",
        "4": "t_plut_generator",
        "6": "t_metal_floor",
        "<": "t_door_metal_c",
        "=": "t_metal_floor",
        ">": "t_wall",
        "A": "t_metal_floor",
        "B": "t_metal_floor",
        "C": "t_metal_floor",
        "D": "t_metal_floor",
        "F": "t_chainfence_v",
        "H": "t_metal_floor",
        "K": "t_gates_mech_control",
        "O": "t_metal_floor",
        "R": "t_radio_controls",
        "T": "t_metal_floor",
        "U": "t_metal_floor",
        "W": "t_metal_floor",
        "Z": "t_metal_floor",
        "^": "t_metal_floor",
        "_": "t_utility_light",
        "a": "t_metal_floor",
        "b": "t_water_pump",
        "c": "t_metal_floor",
        "d": "t_dirtmound",
        "e": "t_metal_floor",
        "f": "t_metal_floor",
        "g": "t_console",
        "h": "t_metal_floor",
        "l": "t_metal_floor",
        "m": "t_metal_floor",
        "p": "t_metal_floor",
        "r": "t_radio_tower",
        "s": "t_metal_floor",
        "t": "t_metal_floor",
        "v": "t_vat",
        "w": "t_metal_floor",
        "{": "t_metal_floor",
        "|": "t_wall_log"
      },
      "furniture": {
        "!": "f_null",
        "#": "f_table",
        "&": "f_trashcan",
        "+": "f_null",
        ",": "f_null",
        "-": "f_null",
        ".": "f_null",
        "/": "f_null",
        "4": "f_null",
        "6": "f_arcade_machine",
        "<": "f_null",
        "=": "f_smoking_rack",
        "A": "f_null",
        "B": "f_bathtub",
        "C": "f_chair",
        "D": "f_dryer",
        "H": "f_sofa",
        "K": "f_null",
        "O": "f_standing_tank",
        "R": "f_null",
        "T": "f_ball_mach",
        "U": "f_null",
        "W": "f_woodstove",
        "Z": "f_bench",
        "^": "f_null",
        "_": "f_null",
        "a": "f_cupboard",
        "b": "f_null",
        "c": "f_counter",
        "d": "f_null",
        "e": "f_washer",
        "f": "f_fridge",
        "g": "f_null",
        "h": "f_null",
        "l": "f_locker",
        "m": "f_makeshift_bed",
        "p": "f_pool_table",
        "r": "f_null",
        "s": "f_shower",
        "t": "f_toilet",
        "v": "f_null",
        "w": "f_wreckage",
        "{": "f_dresser",
        "|": "f_null"
      },
      "place_traps": [
        { "trap": "tr_dissector", "x": 15, "y": 21 }
      ],
      "place_toilets": [
        { "x": 1, "y": 22 }
      ],
      "place_items": [
        { "item": "stash_food", "x": 8, "y": 1, "chance": 99 },
        { "item": "textbooks", "x": 17, "y": 14, "chance": 85 },
        { "item": "textbooks", "x": 17, "y": 8, "chance": 85 },
        { "item": "farming_seeds", "x": 7, "y": [ 19, 20 ], "chance": 85 },
        { "item": "farming_seeds", "x": 7, "y": [ 15, 16 ], "chance": 85 },
        { "item": "allclothes", "x": 22, "y": 13, "chance": 85 },
        { "item": "allclothes", "x": 22, "y": 11, "chance": 85 },
        { "item": "allclothes", "x": 22, "y": 9, "chance": 85 },
        { "item": "tools_common", "x": 20, "y": 8, "chance": 85 },
        { "item": "science", "x": 22, "y": [ 18, 20 ], "chance": 85 },
        { "item": "survivor_weapons", "x": 20, "y": 14, "chance": 99 },
        { "item": "farming_tools", "x": 13, "y": [ 20, 22 ], "chance": 85 }
      ],
      "add": [
        { "item": "ulmap", "x": 22, "y": 20, "repeat": 1 },
        { "item": "recipe_surv", "x": 11, "y": 5, "repeat": 1 },
        { "item": "broken_manhack", "x": 1, "y": 14, "repeat": 1 },
        { "item": "broken_manhack", "x": 3, "y": 14, "repeat": 1 },
        { "item": "broken_manhack", "x": 5, "y": 14, "repeat": 1 },
        { "item": "broken_manhack", "x": 1, "y": 15, "repeat": 1 },
        { "item": "broken_manhack", "x": 4, "y": 15, "repeat": 1 },
        { "item": "broken_manhack", "x": 5, "y": 15, "repeat": 1 },
        { "item": "broken_manhack", "x": 2, "y": 16, "repeat": 1 },
        { "item": "broken_tankbot", "x": 3, "y": 16, "repeat": 1 },
        { "item": "broken_manhack", "x": 5, "y": 16, "repeat": 1 },
        { "item": "broken_manhack", "x": 2, "y": 17, "repeat": 1 },
        { "item": "broken_manhack", "x": 5, "y": 17, "repeat": 1 },
        { "item": "broken_manhack", "x": 1, "y": 18, "repeat": 1 },
        { "item": "broken_manhack", "x": 5, "y": 18, "repeat": 1 },
        { "item": "broken_manhack", "x": 1, "y": 19, "repeat": 1 },
        { "item": "broken_manhack", "x": 3, "y": 19, "repeat": 1 }
      ],
      "place_npcs": [
        { "class": "main_bio_sci", "x": 20, "y": 22 },
        { "class": "bio_weapon_1", "x": 22, "y": 10 },
        { "class": "bio_weapon_2", "x": 22, "y": 14 },
        { "class": "cmnd_guard_1", "x": 15, "y": 5 },
        { "class": "cmnd_guard_2", "x": 19, "y": 4 }
      ]
    }
  }
]
