[{
        "type" : "overmap_special",
        "id" : "Survivor_Holdout_s",
        "overmaps" :
        [
            { "point":[0,0,0], "overmap": "Survivor_Holdout", "connect":"road"}
        ],
        "locations" : [ "forest" ], 
        "city_distance" : [20, -1],         "city_sizes" : [0, 16], 
        "occurrences" : [1, 1], 
        "rotate" : false, 
        "unique" : true, 
        "required" : false, 
        "flags" : [ "CLASSIC", "UNIQUE" ]
    },{
        "type" : "overmap_special",
        "id" : "surv_camp_s",
        "overmaps" :
        [
            { "point":[0,0,0], "overmap": "surv_camp"}
        ],
        "locations" : [ "forest" ],         "city_distance" : [5, -1], 
        "city_sizes" : [0, 16],         "occurrences" : [0, 10], 
        "rotate" : false, 
        "unique" : false, 
        "required" : false, 
        "flags" : [ "CLASSIC" ]
    },{
        "type" : "overmap_special",
        "id" : "surv_emcampz_s",
        "overmaps" :
        [
            { "point":[0,0,0], "overmap": "surv_emcampz"}
        ],
        "locations" : [ "forest" ], 
        "city_distance" : [5, -1], 
        "city_sizes" : [0, 16], 
        "occurrences" : [0, 10], 
        "rotate" : false, 
        "unique" : false, 
        "required" : false, 
        "flags" : [ "CLASSIC" ]
    },{
        "type" : "overmap_special",
        "id" : "surv_emcampb_s",
        "overmaps" :
        [
            { "point":[0,0,0], "overmap": "surv_emcampb"}
        ],
        "locations" : [ "forest" ], 
        "city_distance" : [5, -1], 
        "city_sizes" : [0, 16], 
        "occurrences" : [0, 10], 
        "rotate" : false, 
        "unique" : false, 
        "required" : false, 
        "flags" : [ "CLASSIC" ]
    },{
        "type" : "overmap_special",
        "id" : "surv_emcampn_s",
        "overmaps" :
        [
            { "point":[0,0,0], "overmap": "surv_emcampn"}
        ],
        "locations" : [ "forest" ], 
        "city_distance" : [5, -1], 
        "city_sizes" : [0, 16], 
        "occurrences" : [0, 10],         "rotate" : false, 
        "unique" : false,
        "required" : false, 
        "flags" : [ "CLASSIC" ]
    },{
        "type" : "overmap_special",
        "id" : "surv_emcampnp_s",
        "overmaps" :
        [
            { "point":[0,0,0], "overmap": "surv_emcampnp"}
        ],
        "locations" : [ "forest" ], 
        "city_distance" : [5, -1], 
        "city_sizes" : [0, 16], 
        "occurrences" : [1, 1],         "rotate" : false, 
        "unique" : false,
        "required" : false, 
        "flags" : [ "CLASSIC" ]
    },
	{
        "type" : "overmap_special",
        "id" : "Bio_Weapon_Lab_s",
        "overmaps" :
        [
			{ "point":[0,0,0], "overmap": "biow_field"},
            { "point":[1,0,0], "overmap": "bio_field"},
            { "point":[2,0,0], "overmap": "biow_field"},
            { "point":[0,1,0], "overmap": "biow_field"},
            { "point":[1,1,0], "overmap": "Bio_Weapon_Lab"},
            { "point":[2,1,0], "overmap": "biow_field"},
            { "point":[0,2,0], "overmap": "biow_field"},
            { "point":[1,2,0], "overmap": "biow_field"},
            { "point":[2,2,0], "overmap": "biow_field"}
        ],
        "connections" : [
            { "point" : [1,-1,0], "terrain" : "road" }
        ],
        "locations" : [ "wilderness" ], "//":"what special locations does it spawn",
        "city_distance" : [20, -1], "//":"how far from a city it should be",
        "city_sizes" : [0, 16], "//":"what city sizes should it spawn in",
        "occurrences" : [1, 1], "//":"how many per overmap",
		"rotate" : false,
        "unique" : true, "//":"only allow one per city",
        "required" : true, "//":"is this special required for valid city sizes",
        "flags" : [ "CLASSIC", "UNIQUE" ]
 }, {
        "type" : "overmap_special",
        "id" : "Unknown_Lab_s",
        "overmaps" :
        [
            
            { "point":[0,0,0], "overmap": "Unknown_Bunker"},
			{ "point":[0,0,-1], "overmap": "Unknown_Lab"}
        ],
        "connections" : [
            { "point" : [0,-1,0], "terrain" : "road" }
        ],
        "locations" : [ "wilderness", "swamp" ], "//":"what special locations does it spawn",
        "city_distance" : [20, -1], "//":"how far from a city it should be",
        "city_sizes" : [0, 16], "//":"what city sizes should it spawn in",
        "occurrences" : [1, 1], "//":"how many per overmap",
        "rotate" : false, "//":"allow rotation",
        "unique" : true, "//":"only allow one per city",
        "required" : true, "//":"is this special required for valid city sizes",
        "flags" : [ "CLASSIC", "UNIQUE" ]
    }, {
        "type" : "overmap_special",
        "id" : "makeshift_command_center_s",
        "overmaps" :
        [
            { "point":[0,0,0], "overmap": "makeshift_command_center"},
            { "point":[0,-1,0], "overmap": "b2_field"}
        ],
        "connections" : [
            { "point" : [0,-2,0], "terrain" : "road" }
        ],
        "locations" : [ "wilderness" ], "//":"what special locations does it spawn",
        "city_distance" : [20, -1], "//":"how far from a city it should be",
        "city_sizes" : [0, 16], "//":"what city sizes should it spawn in",
        "occurrences" : [1, 1], "//":"how many per overmap",
        "rotate" : false, "//":"allow rotation",
        "unique" : true, "//":"only allow one per city",
        "required" : true, "//":"is this special required for valid city sizes",
        "flags" : [ "CLASSIC", "UNIQUE" ]
    },{
        "type" : "overmap_special",
        "id" : "house_fight_s",
        "overmaps" :
        [
            { "point":[0,0,0], "overmap": "house_fight"}
        ],
        "locations" : [ "forest" ], 
        "city_distance" : [5, -1], 
        "city_sizes" : [0, 16], 
        "occurrences" : [0, 15],         
		"rotate" : false, 
        "unique" : false,
        "required" : false, 
        "flags" : [ "CLASSIC" ]
    },{
        "type" : "overmap_special",
        "id" : "forest_slaghter_s",
        "overmaps" :
        [
            { "point":[0,0,0], "overmap": "forest_slaghter"}
        ],
        "locations" : [ "forest" ],         
		"city_distance" : [5, -1], 
        "city_sizes" : [0, 16],         
		"occurrences" : [0, 20], 
        "rotate" : false, 
        "unique" : false, 
        "required" : false, 
        "flags" : [ "CLASSIC" ]
    },{
        "type" : "overmap_special",
        "id" : "plain_slaughter1_s",
        "overmaps" :
        [
            { "point":[0,0,0], "overmap": "plain_slaughter1"}
        ],
        "locations" : [ "wilderness" ],         
		"city_distance" : [5, -1], 
        "city_sizes" : [0, 16],         
		"occurrences" : [0, 20], 
        "rotate" : false, 
        "unique" : false, 
        "required" : false, 
        "flags" : [ "CLASSIC" ]
    },{
        "type" : "overmap_special",
        "id" : "plain_slaughter2_s",
        "overmaps" :
        [
            { "point":[0,0,0], "overmap": "plain_slaughter2"}
        ],
        "locations" : [ "wilderness" ],         
		"city_distance" : [5, -1], 
        "city_sizes" : [0, 16],         
		"occurrences" : [0, 20], 
        "rotate" : false, 
        "unique" : false, 
        "required" : false, 
        "flags" : [ "CLASSIC" ]
    },{
        "type" : "overmap_special",
        "id" : "new_fungal_territory_s",
        "overmaps" :
        [
            { "point":[0,0,0], "overmap": "new_fungal_territory"}
        ],
        "locations" : [ "wilderness" ],         
		"city_distance" : [5, -1], 
        "city_sizes" : [0, 16],         
		"occurrences" : [0, 20], 
        "rotate" : false, 
        "unique" : false, 
        "required" : false, 
        "flags" : [ "CLASSIC" ]
    }]
