[
  {
    "id": "Survivor_Holdout",
    "type": "overmap_terrain",
    "name": "幸存者避难所",
    "sym": 72,
    "color": "i_red",
    "see_cost": 5,
    "mondensity": 0,
    "extras": "build",
    "flags": [ "NO_ROTATE" ]
  },
  {
    "id": "surv_camp",
    "type": "overmap_terrain",
    "name": "森林",
    "//": "Design to look like a normal forest.",
    "sym": 70,
    "color": "green",
    "see_cost": 5,
    "mondensity": 0,
    "extras": "build",
    "flags": [ "NO_ROTATE" ]
  },
  {
    "id": "surv_emcampz",
    "type": "overmap_terrain",
    "name": "幸存者营地",
    "sym": 67,
    "color": "light_green",
    "see_cost": 5,
    "mondensity": 0,
    "extras": "build",
    "flags": [ "NO_ROTATE" ]
  },
  {
    "id": "surv_emcampb",
    "type": "overmap_terrain",
    "name": "幸存者营地",
    "sym": 67,
    "color": "light_green",
    "see_cost": 5,
    "mondensity": 0,
    "extras": "build",
    "flags": [ "NO_ROTATE" ]
  },
  {
    "id": "surv_emcampn",
    "type": "overmap_terrain",
    "name": "幸存者营地",
    "sym": 67,
    "color": "light_green",
    "see_cost": 5,
    "mondensity": 0,
    "extras": "build",
    "flags": [ "NO_ROTATE" ]
  },
  {
    "id": "surv_emcampnp",
    "type": "overmap_terrain",
    "name": "幸存者营地",
    "sym": 67,
    "color": "light_green",
    "see_cost": 5,
    "mondensity": 0,
    "extras": "build",
    "flags": [ "NO_ROTATE" ]
  },
  {
    "id": "Bio_Weapon_Lab",
    "type": "overmap_terrain",
    "name": "生物武器实验室",
    "sym": 76,
    "color": "light_blue",
    "see_cost": 5,
    "mondensity": 0,
    "extras": "build",
    "flags": [ "NO_ROTATE" ]
  },
  {
    "id": "Unknown_Lab",
    "type": "overmap_terrain",
    "name": "未知的实验室",
    "sym": 76,
    "color": "light_blue",
    "see_cost": 5,
    "mondensity": 0,
    "extras": "build",
    "flags": [ "NO_ROTATE" ]
  },
  {
    "id": "Unknown_Bunker",
    "type": "overmap_terrain",
    "name": "未知的地堡",
    "sym": 66,
    "color": "light_blue",
    "see_cost": 5,
    "mondensity": 0,
    "extras": "build",
    "flags": [ "NO_ROTATE" ]
  },
  {
    "id": "makeshift_command_center",
    "type": "overmap_terrain",
    "name": "临时指挥中心",
    "sym": 67,
    "color": "blue",
    "see_cost": 5,
    "extras": "build",
    "flags": [ "NO_ROTATE" ]
  },
  {
    "id": "bio_field",
    "type": "overmap_terrain",
    "name": "停车场",
    "sym": 79,
    "color": "dark_gray",
    "see_cost": 2,
    "mondensity": 0,
    "extras": "build",
    "flags": [ "NO_ROTATE" ]
  },
  {
    "id": "b_field",
    "type": "overmap_terrain",
    "name": "旷野",
    "sym": 46,
    "color": "brown",
    "see_cost": 2,
    "mondensity": 0,
    "allow_road": true,
    "extras": "field",
    "flags": [ "NO_ROTATE" ]
  },
  {
    "id": "b2_field",
    "type": "overmap_terrain",
    "name": "停车场",
    "sym": 79,
    "color": "dark_gray",
    "see_cost": 2,
    "mondensity": 0,
    "allow_road": true,
    "extras": "field",
    "flags": [ "NO_ROTATE" ]
  },
  {
    "id": "biow_field",
    "type": "overmap_terrain",
    "name": "旷野",
    "sym": 46,
    "color": "brown",
    "see_cost": 2,
    "mondensity": 0,
    "extras": "build",
    "flags": [ "NO_ROTATE" ]
  },
  {
    "id": "house_fight",
    "type": "overmap_terrain",
    "name": "简陋的房子",
    "sym": 67,
    "color": "i_red",
    "see_cost": 5,
    "mondensity": 0,
    "extras": "build",
    "flags": [ "NO_ROTATE" ]
  },
  {
    "id": "forest_slaghter",
    "type": "overmap_terrain",
    "name": "森林",
    "//": "Design to look like a normal forest.",
    "sym": 70,
    "color": "green",
    "see_cost": 5,
    "mondensity": 0,
    "extras": "build",
    "flags": [ "NO_ROTATE" ]
  },
  {
    "id": "plain_slaughter1",
    "type": "overmap_terrain",
    "name": "旷野",
    "//": "Design to look like a normal plain tile.",
    "sym" : 46,
    "color" : "brown",
    "see_cost": 5,
    "mondensity": 0,
    "extras": "build",
    "flags": [ "NO_ROTATE" ]
  },
  {
    "id": "plain_slaughter2",
    "type": "overmap_terrain",
    "name": "旷野",
    "//": "Design to look like a normal plain tile.",
    "sym" : 46,
    "color" : "brown",
    "see_cost": 5,
    "mondensity": 0,
    "extras": "build",
    "flags": [ "NO_ROTATE" ]
  },
  {
    "id": "new_fungal_territory",
    "type": "overmap_terrain",
    "name": "真菌领域",
    "sym" : 116,
    "color" : "cyan",
    "see_cost": 5,
    "mondensity": 0,
    "extras": "build",
    "flags": [ "NO_ROTATE" ]
  }
]
