[
  {
    "type": "mapgen",
    "method": "json",
    "om_terrain": [ "plain_slaughter1" ],
    "weight": 1000,
    "object": {
      "rows": [
        ",,,,,,.,,,,.,,,,,,,.,,,,",
        ",,,.,,,,.,,,,.,..,,,,,,,",
        ",,,,,,,..,,,,,,,,..,,,,.",
        ",,,,,,,,,,,,,,..,,,,,,,,",
        ",,,,,,,.,,,,..,,,,..,,,,",
        ",,,..,,,,,,,,,,,..,,,,..",
        ",,,,,,,,,,..,,,,.,,,,,,,",
        ",,,..,,,,,,,,..,,,,,,,,.",
        ",,,,,,,..,,,,.,,,,,,,,..",
        ",,,..,,,,,,,,,,,,,,,,,,.",
        "..,,,,,,,,.,,,,.,,,,,,,.",
        ",,,,,,,,,,,,,,,,,,.,,,,.",
        ",,,.,,,,,,,,,,,,,,,,,,,.",
        ",,,..,,,,,,,,..,,,,,,,,.",
        ",,,,..,,,,..,,,,..,,,,..",
        ",,,.,,,,,,,,,,,,,,,.,,,,",
        ",,,,,,,..,,,,.,,,,.,,,,.",
        ",,,..,,,,.,,,,..,,,,,,,,",
        ",,,..,,,,,,,,,,,,..,,,,.",
        "..,,,,..,,,,,,,,,,,.,,,,",
        ",,,..,..,,,,.,..,,,,,,,.",
        ",,,,,,.,,,,.,,,,,,,,,,,.",
        ",,,..,,,,,,,,,,,,,,,,,,.",
        ",,,.,,,,.,,,,,,,,,,,,,,,"
      ],
      "terrain": {
        " ": "t_null",
        ",": "t_grass",
        ".": "t_dirt"
      },
      "furniture": {
        " ": "f_null",
        ",": "f_null",
        ".": "f_null"
      },
      "place_loot": [
        { "group": "wild_bio_weapom_item", "x": [ 1, 22 ], "y": [ 9, 12 ], "repeat": [ 2, 5 ] },
		{ "group": "dead_slave_fighters", "x": [ 3, 19 ], "y": [ 12, 8 ], "repeat": [ 2, 5 ] }
      ],
      "place_monster": [
        { "monster": "mon_failed_weapon", "x": 13, "y": 22 },
		{ "monster": "mon_failed_weapon", "x": 4, "y": 8 },
        { "monster": "mon_failed_weapon", "x": 10, "y": 15 },
        { "monster": "mon_failed_weapon", "x": 11, "y": 17 },
        { "monster": "mon_failed_weapon", "x": 19, "y": 13 }
      ],
      "place_npcs": [
        { "class": "slave_fight", "x": 2, "y": 7 },
		{ "class": "slave_fight", "x": 7, "y": 12 },
		{ "class": "slave_fight", "x": 9, "y": 22 },
		{ "class": "slave_fight", "x": 13, "y": 20 },
		{ "class": "slave_fight", "x": 17, "y": 5 }
      ]
    }
  }
]
