[
  {
    "type": "mapgen",
    "method": "json",
    "om_terrain": [ "surv_camp" ],
    "weight": 1000,
    "//": "Hight mapgen to make sure it spawns.",
    "object": {
      "//": "Can make all the meat jerky you want!",
      "rows": [
        "........................",
        "..5.............6.....1.",
        "....s...#...5.....s.....",
        "..#....b..6..s...4...1..",
        ".............#....1.....",
        "....4.S..b............#.",
        ".1..........S..7.S..6...",
        "...b..5...#.............",
        "....1...........#.b.....",
        "..3......00.00.......71.",
        ".....#..00p.p00..2......",
        "..1.7.1.0p...p0....s....",
        "4.......0p.i.p0.........",
        ".....3..0p...p0..7..8.1.",
        "..#.....00ppp00.........",
        "....2....00000....3.....",
        ".s.....b.......1.s#.....",
        "....ss...7.S.....ss...#.",
        "..7 7s......S.#.....77..",
        ".7........8.....721.....",
        "......7.17...s.......b..",
        "....8......S.......#....",
        "..#..s.1.S..7.7..1....7.",
        "........................"
      ],
      "terrain": {
        " ": "t_null",
        "#": "t_underbrush",
        ".": "t_dirt",
        "0": "t_pit_spiked",
        "1": "t_tree_young",
        "2": "t_tree_apple",
        "3": "t_tree_pear",
        "4": "t_tree_cherry",
        "5": "t_tree_peach",
        "6": "t_tree_apricot",
        "7": "t_tree",
        "8": "t_tree_plum",
        "S": "t_shrub_strawberry",
        "b": "t_shrub_blueberry",
        "i": "t_improvised_shelter",
        "p": "t_pit",
        "s": "t_swater_sh"
      },
      "furniture": {
        " ": "f_null",
        "#": "f_null",
        ".": "f_null",
        "0": "f_null",
        "1": "f_null",
        "7": "f_null",
        "i": "f_null",
        "p": "f_null",
        "s": "f_null"
      },
      "place_items": [
        { "item": "forest", "x": 21, "y": 21, "chance": 75, "//": "Drops to make it blend with the forest." },
        { "item": "forest", "x": 15, "y": 20, "chance": 75 },
        { "item": "forest", "x": 3, "y": 20, "chance": 75 },
        { "item": "forest", "x": 11, "y": 19, "chance": 75 },
        { "item": "forest", "x": 20, "y": 15, "chance": 75 },
        { "item": "forest", "x": 0, "y": 14, "chance": 75 },
        { "item": "forest", "x": 3, "y": 11, "chance": 75 },
        { "item": "forest", "x": 17, "y": 10, "chance": 75 },
        { "item": "forest", "x": 20, "y": 5, "chance": 75 },
        { "item": "forest", "x": 9, "y": 4, "chance": 75 },
        { "item": "forest", "x": 14, "y": 1, "chance": 75 },
        { "item": "forest", "x": 1, "y": 10, "chance": 75 }
      ],
      "place_npcs": [
        { "class": "survn_special", "x": 4, "y": 4 }
      ]
    }
  }
]
