[
  {
    "type": "mapgen",
    "method": "json",
    "om_terrain": [ "surv_emcampb" ],
    "weight": 1000,
    "object": {
      "//": "Unneeded Source of water. There for realism.",
      "rows": [
        ".........o..............",
        "$$$$$$$$$$++++$$$$$$$$$$",
        "$.||w|w||o____.||w|w||.$",
        "$.|dbbbb|.____.|Octc=|.$",
        "$.|_____-.____.-____W|.$",
        "$.|dbbbb|.____.|fctc&|.$",
        "$.||w|w||.____.||w|w||.$",
        "$.........____.........$",
        "$.||w|w||.____.||w|w||.$",
        "$.|BBaaa|.____.|{{{u^|.$",
        "$.|Bu___-.____.-____U|.$",
        "$.|BBaaa|.____.|{{{uA|.$",
        "$.||w|w||.____.||w|w||.$",
        "$.........____.........$",
        "$.||w|w||.____.||w|w||.$",
        "$.|bbgBB|.____.|{{{_{|.$",
        "$.|_____-.____.-____{|.$",
        "$.|bbgBB|.____.|{{{_{|.$",
        "$.||w|w||.____.||w|w||.$",
        "$.........____.........$",
        "$_#######|____|-|-|-|-|$",
        "$________|____|e|e|e|e|$",
        "$_#######||||||||||||||$",
        "$$$$$$$$$$$$$$$$$$$$$$$$"
      ],
      "terrain": {
        "#": "t_dirtmound",
        "$": "t_palisade",
        "&": "t_water_pump",
        "+": "t_palisade_gate",
        "-": "t_rdoor_c",
        ".": "t_dirtfloor",
        "=": "t_rock_floor",
        "A": "t_rock_floor",
        "B": "t_rock_floor",
        "O": "t_rock_floor",
        "U": "t_rock_floor",
        "W": "t_rock_floor",
        "^": "t_rock_floor",
        "_": "t_rock_floor",
        "a": "t_rock_floor",
        "b": "t_rock_floor",
        "c": "t_rock_floor",
        "d": "t_rock_floor",
        "e": "t_rock_floor",
        "f": "t_rock_floor",
        "g": "t_rock_floor",
        "o": "t_palisade_pulley",
        "t": "t_rock_floor",
        "u": "t_utility_light",
        "w": "t_window_enhanced",
        "{": "t_rock_floor",
        "|": "t_wall_log"
      },
      "furniture": {
        "#": "f_null",
        "$": "f_null",
        "&": "f_null",
        "+": "f_null",
        "-": "f_null",
        ".": "f_null",
        "=": "f_smoking_rack",
        "A": "f_anvil",
        "B": "f_bench",
        "O": "f_standing_tank",
        "U": "f_kiln_empty",
        "W": "f_woodstove",
        "^": "f_forge_rock",
        "_": "f_null",
        "a": "f_bookcase",
        "b": "f_bed",
        "c": "f_chair",
        "d": "f_dresser",
        "e": "f_toilet",
        "f": "f_fridge",
        "g": "f_glass_fridge",
        "o": "f_null",
        "t": "f_table",
        "u": "f_null",
        "w": "f_null",
        "{": "f_locker",
        "|": "f_null"
      },
      "place_toilets": [
        { "x": 15, "y": 21 },
        { "x": 17, "y": 21 },
        { "x": 19, "y": 21 },
        { "x": 21, "y": 21 }
      ],
      "place_items": [
        { "item": "homebooks", "x": 5, "y": 11, "chance": 75 },
        { "item": "homebooks", "x": 5, "y": 9, "chance": 75 },
        { "item": "gear_medical", "x": 5, "y": 17, "chance": 75 },
        { "item": "gear_medical", "x": 5, "y": 15, "chance": 75 },
        { "item": "tools_common", "x": 18, "y": 9, "chance": 75 },
        { "item": "textbooks", "x": 7, "y": 11, "chance": 75 },
        { "item": "textbooks", "x": 7, "y": 9, "chance": 75 },
        { "item": "allclothes", "x": 3, "y": 5, "chance": 75 },
        { "item": "allclothes", "x": 3, "y": 3, "chance": 75 },
        { "item": "tools_carpentry", "x": 18, "y": 11, "chance": 75 },
        { "item": "hand_tools", "x": 17, "y": 9, "chance": 75 },
        { "item": "power_tools", "x": 17, "y": 11, "chance": 75 },
        { "item": "tools_gunsmith", "x": 20, "y": 15, "chance": 75 },
        { "item": "gunsmith_gunparts", "x": 20, "y": 16, "chance": 75 },
        { "item": "survivor_weapons", "x": [ 16, 18 ], "y": 17, "chance": 75 },
        { "item": "survivor_weapons", "x": [ 16, 18 ], "y": 15, "chance": 75 },
        { "item": "gunxtras", "x": 20, "y": 17, "chance": 75 },
        { "item": "cannedfood", "x": 16, "y": 5, "chance": 75 },
        { "item": "elec_parts", "x": 16, "y": 9, "chance": 75 },
        { "item": "hospital_bed", "x": 3, "y": 17, "chance": 75 },
        { "item": "hospital_bed", "x": 3, "y": 15, "chance": 75 },
        { "item": "manuals", "x": 6, "y": 11, "chance": 75 },
        { "item": "manuals", "x": 6, "y": 9, "chance": 75 },
        { "item": "raw_materials", "x": 16, "y": 11, "chance": 75 }
      ],
      "add": [
        { "item": "recipe_surv", "x": 5, "y": 11, "repeat": 1 }
      ],
      "place_monster": [
        { "monster": "mon_zombie_survivor", "x": 4, "y": 4 },
        { "monster": "mon_zombie_survivor", "x": 6, "y": 4 },
        { "monster": "mon_zombie_survivor", "x": 18, "y": 4 },
        { "monster": "mon_zombie_survivor", "x": 6, "y": 10 },
        { "monster": "mon_zombie_survivor", "x": 18, "y": 10 },
        { "monster": "mon_zombie_survivor", "x": 4, "y": 16 },
        { "monster": "mon_zombie_survivor", "x": 17, "y": 16 },
        { "monster": "mon_secubot", "x": 11, "y": 10 },
        { "monster": "mon_secubot", "x": 12, "y": 10 },
        { "monster": "mon_secubot", "x": 11, "y": 16 },
        { "monster": "mon_turret", "x": 9, "y": 3 },
        { "monster": "mon_turret", "x": 14, "y": 3 },
        { "monster": "mon_turret", "x": 9, "y": 5 },
        { "monster": "mon_turret", "x": 14, "y": 5 },
        { "monster": "mon_turret", "x": 9, "y": 9 },
        { "monster": "mon_turret", "x": 14, "y": 9 },
        { "monster": "mon_turret", "x": 9, "y": 11 },
        { "monster": "mon_turret", "x": 14, "y": 11 },
        { "monster": "mon_turret", "x": 9, "y": 15 },
        { "monster": "mon_turret", "x": 14, "y": 15 },
        { "monster": "mon_turret", "x": 9, "y": 17 },
        { "monster": "mon_turret", "x": 14, "y": 17 },
        { "monster": "mon_turret", "x": 9, "y": 19 },
        { "monster": "mon_turret", "x": 14, "y": 19 },
        { "monster": "mon_skitterbot", "x": 9, "y": 5 },
        { "monster": "mon_skitterbot", "x": 10, "y": 7 },
        { "monster": "mon_skitterbot", "x": 11, "y": 3 },
        { "monster": "mon_skitterbot", "x": 12, "y": 5 },
        { "monster": "mon_skitterbot", "x": 13, "y": 2 },
        { "monster": "mon_skitterbot", "x": 14, "y": 8 },
        { "monster": "mon_skitterbot", "x": 10, "y": 16 },
        { "monster": "mon_skitterbot", "x": 11, "y": 3 },
        { "monster": "mon_skitterbot", "x": 12, "y": 9 },
        { "monster": "mon_skitterbot", "x": 13, "y": 4 },
        { "monster": "mon_skitterbot", "x": 14, "y": 16 },
        { "monster": "mon_skitterbot", "x": 10, "y": 2 },
        { "monster": "mon_skitterbot", "x": 11, "y": 6 }
      ],
      "place_vehicles": [
        { "vehicle": "bicycle_electric", "x": 10, "y": 20, "chance": 99, "fuel": 25, "status": -1, "rotation": 270, "//": "Damaged but works." },
        { "vehicle": "bicycle_electric", "x": 11, "y": 20, "chance": 99, "fuel": 25, "status": -1, "rotation": 270 },
        { "vehicle": "bicycle_electric", "x": 12, "y": 20, "chance": 99, "fuel": 25, "status": -1, "rotation": 270 },
        { "vehicle": "bicycle_electric", "x": 13, "y": 20, "chance": 99, "fuel": 25, "status": -1, "rotation": 270 }
      ]
    }
  }
]
