[
  {
    "type": "mapgen",
    "method": "json",
    "om_terrain": [ "Unknown_Lab" ],
    "weight": 1000,
    "object": {
      "rows": [
        "||||||||||||||||||||||||",
        "|&&&&&&&&-.<<.-&&&&&&&&|",
        "|&6offff{-....-{ffffo6&|",
        "|&.......--++--.......&|",
        "|W..s.c...-..-...s.c..I|",
        "|....uS...+..+...suS..E|",
        "|...s.c...+..+...s.c...|",
        "|.........-..-.........|",
        "|----------++----------|",
        "|T..d..............d..T|",
        "|...-b...T####T...b-...|",
        "|..a-b...#tttt#...b-a..|",
        "|e.a-b...#tttt#...b-a.e|",
        "|----b...T####T%..b----|",
        "|......................|",
        "|.........%..C%........|",
        "|||||||||||%.|||||||||||",
        "|rr.......|.%%.......rr|",
        "|r..s.c...|%....s.c...r|",
        "|....uS...|DD|...uS....|",
        "|6..s.c.........s.c...6|",
        "|6....................6|",
        "|6{{{{{{{{{v6wO^AgU=Fh6|",
        "||||||||||||||||||||||||"
      ],
      "terrain": {
        " ": "t_null",
        "#": "t_metal_floor",
        "%": "t_metal_floor",
        "&": "t_plut_generator",
        "+": "t_door_metal_c",
        "-": "t_wall",
        ".": "t_metal_floor",
        "6": "t_console_broken",
        "<": "t_stairs_up",
        "=": "t_metal_floor",
        "A": "t_metal_floor",
        "C": "t_card_reader_broken",
        "D": "t_door_metal_locked",
        "E": "t_cvdmachine",
        "F": "t_metal_floor",
        "I": "t_cvdbody",
        "O": "t_metal_floor",
        "S": "t_switchgear_l",
        "T": "t_metal_floor",
        "U": "t_metal_floor",
        "W": "t_water_pump",
        "^": "t_metal_floor",
        "a": "t_metal_floor",
        "b": "t_metal_floor",
        "c": "t_current_trans",
        "d": "t_door_o",
        "e": "t_metal_floor",
        "f": "t_metal_floor",
        "g": "t_metal_floor",
        "h": "t_metal_floor",
        "o": "t_metal_floor",
        "r": "t_metal_floor",
        "s": "t_switchgear_s",
        "t": "t_metal_floor",
        "u": "t_utility_light",
        "v": "t_vat",
        "w": "t_metal_floor",
        "{": "t_metal_floor",
        "|": "t_wall_metal"
      },
      "furniture": {
        " ": "f_null",
        "#": "f_chair",
        "%": "f_wreckage",
        "&": "f_null",
        "+": "f_null",
        "-": "f_null",
        ".": "f_null",
        "6": "f_null",
        "<": "f_null",
        "=": "f_smoking_rack",
        "A": "f_anvil",
        "C": "f_null",
        "F": "f_forge_rock",
        "O": "f_fvat_empty",
        "S": "f_null",
        "T": "f_trashcan",
        "U": "f_kiln_metal_empty",
        "^": "f_forge",
        "a": "f_sink",
        "b": "f_bench",
        "c": "f_null",
        "d": "f_null",
        "e": "f_toilet",
        "f": "f_fridge",
        "g": "f_still",
        "h": "f_clay_kiln",
        "o": "f_oven",
        "r": "f_rack",
        "s": "f_null",
        "t": "f_table",
        "u": "f_null",
        "v": "f_null",
        "w": "f_woodstove",
        "{": "f_locker",
        "|": "f_null"
      },
      "place_toilets": [
        { "x": 1, "y": 12 },
        { "x": 22, "y": 12 }
      ],
      "place_loot": [
        { "group": "chem_lab", "x": 4, "y": 22, "chance": 99 },
        { "group": "trash", "x": 14, "y": 13, "chance": 50 },
        { "group": "trash", "x": 9, "y": 13, "chance": 50 },
        { "group": "trash", "x": 14, "y": 10, "chance": 50 },
        { "group": "trash", "x": 9, "y": 10, "chance": 50 },
        { "group": "science", "x": 7, "y": 22, "chance": 99 },
        { "group": "science", "x": 10, "y": 22, "chance": 99 },
        { "group": "electronics", "x": 5, "y": 22, "chance": 99 },
        { "group": "rare", "x": 9, "y": 22, "chance": 99 },
        { "group": "fridge", "x": [ 16, 19 ], "y": 2, "chance": 99 },
        { "group": "fridge", "x": [ 4, 7 ], "y": 2, "chance": 85 },
        { "group": "power_tools", "x": 8, "y": 22, "chance": 99 },
        { "group": "bionics_mil", "x": 15, "y": 22, "chance": 99 },
        { "group": "oven", "x": 18, "y": 2, "chance": 99 },
        { "group": "oven", "x": 20, "y": 2, "chance": 99 },
        { "group": "bionics_sci", "x": 6, "y": 22, "chance": 99 },
        { "item": "flesh_blade", "x": 21, "y": 17 },
        { "item": "flesh_rifle", "x": 22, "y": 17 },
        { "item": "blood_m", "x": 22, "y": 18 },
        { "item": "blood_p", "x": 22, "y": 18 },
        { "item": "laser_sniper", "x": 1, "y": 17 },
        { "item": "arc_laser_rifle", "x": 1, "y": 17 },
        { "item": "laser_lmg", "x": 1, "y": 17 },
        { "item": "bolt_rifle_elec", "x": 2, "y": 17 },
        { "item": "UPS_off", "x": 1, "y": 18 },
        { "item": "megamap", "x": 1, "y": 18 },
        { "item": "stealth_cloak_f", "x": 1, "y": 18 },
        { "item": "scrap", "x": 10, "y": 15, "repeat": [ 1, 5 ] },
        { "item": "scrap", "x": 15, "y": 13, "repeat": [ 1, 5 ] },
        { "item": "scrap", "x": 14, "y": 15, "repeat": [ 1, 5 ] },
        { "item": "scrap", "x": 11, "y": 16, "repeat": [ 1, 5 ] },
        { "item": "scrap", "x": 12, "y": 17, "repeat": [ 1, 5 ] },
        { "item": "scrap", "x": 13, "y": 17, "repeat": [ 1, 5 ] },
        { "item": "scrap", "x": 11, "y": 18, "repeat": [ 1, 5 ] }
      ],
      "place_monster": [
        { "monster": "mon_failed_weapon", "x": 7, "y": 4 },
        { "monster": "mon_failed_weapon", "x": 12, "y": 4 },
        { "monster": "mon_failed_weapon", "x": 2, "y": 6 },
        { "monster": "mon_failed_weapon", "x": 11, "y": 6 },
        { "monster": "mon_failed_weapon", "x": 21, "y": 6 },
        { "monster": "mon_failed_weapon", "x": 5, "y": 7 },
        { "monster": "mon_failed_weapon", "x": 14, "y": 7 },
        { "monster": "mon_failed_weapon", "x": 20, "y": 9 },
        { "monster": "mon_failed_weapon", "x": 7, "y": 10 },
        { "monster": "mon_failed_weapon", "x": 16, "y": 10 },
        { "monster": "mon_failed_weapon", "x": 11, "y": 15 },
        { "monster": "mon_failed_weapon", "x": 2, "y": 16 },
        { "monster": "mon_failed_weapon", "x": 7, "y": 16 },
        { "monster": "mon_failed_weapon", "x": 15, "y": 16 },
        { "monster": "mon_failed_weapon", "x": 13, "y": 18 },
        { "monster": "mon_failed_weapon", "x": 3, "y": 19 },
        { "monster": "mon_failed_weapon", "x": 9, "y": 19 },
        { "monster": "mon_failed_weapon", "x": 20, "y": 19 },
        { "monster": "hulk_weapon", "x": 16, "y": 21 }
      ],
      "place_vehicles": [
        { "vehicle": "welding_cart", "x": 5, "y": 21, "chance": 99, "fuel": 25, "status": 25, "rotation": 0 },
        { "vehicle": "chem_cart", "x": 17, "y": 21, "chance": 99, "fuel": 25, "status": 25, "rotation": 0 }
      ]
    }
  }
]
