[
  {
    "type": "mapgen",
    "method": "json",
    "om_terrain": [ "Unknown_Bunker" ],
    "weight": 1000,
    "object": {
      "rows": [
        "------------------------",
        "f  7#     1 1  #7  #  7f",
        "f7#   # 7 # # 7   #  7 f",
        "f 1     7  1   7      #f",
        "f7                  7  f",
        "f#                   # f",
        "f  7   ##########   #  f",
        "f7# #  #||||||||#   # 7f",
        "f  1#  #|6c>>c6|#      f",
        "f#     #|6cmmc6|#     #f",
        "f1# #  #|6cmmc6|#    7 f",
        "f  7   #|6cmmc6|#   # 7f",
        "f      #|6cmmc6|#      f",
        "f 1#   #|6cmmc6|#    1#f",
        "f #  # #||C++|||#  7# 1f",
        "f7     ####  ####  # 7 f",
        "f 7#       #          #f",
        "f           #    #     f",
        "f#         1         # f",
        "f1       #  # #     #  f",
        "f# 7#            ## 7  f",
        "f7    #  7 1#  7     7 f",
        "f # 1 7#  # 7   # 7 1 1f",
        "---------xxxxxx---------"
      ],
      "terrain": {
        " ": [ "t_grass", "t_grass", "t_grass", "t_dirt" ],
        "#": "t_shrub",
        "+": "t_door_metal_locked",
        "-": "t_chainfence_h",
        ".": "t_dirt",
        "1": "t_tree_young",
        "6": "t_console_broken",
        "7": "t_tree",
        ">": "t_stairs_down",
        "C": "t_card_reader_broken",
        "_": "t_grass",
        "c": "t_metal_floor",
        "f": "t_chainfence_v",
        "m": "t_metal_floor",
        "x": "t_chaingate_l",
        "|": "t_wall_metal"
      },
      "furniture": {
        " ": "f_null",
        "#": "f_null",
        "+": "f_null",
        "-": "f_null",
        ".": "f_null",
        "1": "f_null",
        "6": "f_null",
        "7": "f_null",
        ">": "f_null",
        "C": "f_null",
        "_": "f_null",
        "c": "f_chair",
        "f": "f_null",
        "m": "f_null",
        "x": "f_null",
        "|": "f_null"
      },
      "place_monster": [
        { "monster": "mon_turret_bmg", "x": 5, "y": 4 },
        { "monster": "mon_turret_bmg", "x": 18, "y": 4 },
        { "monster": "mon_turret_bmg", "x": 10, "y": 5 },
        { "monster": "mon_turret_bmg", "x": 13, "y": 5 },
        { "monster": "mon_turret_bmg", "x": 6, "y": 9 },
        { "monster": "mon_turret_bmg", "x": 18, "y": 9 },
        { "monster": "mon_turret_bmg", "x": 6, "y": 12 },
        { "monster": "mon_turret_bmg", "x": 18, "y": 12 },
        { "monster": "mon_turret_bmg", "x": 5, "y": 17 },
        { "monster": "mon_laserturret", "x": 9, "y": 17 },
        { "monster": "mon_laserturret", "x": 14, "y": 17 },
        { "monster": "mon_turret_bmg", "x": 18, "y": 17 },
        { "monster": "mon_turret_bmg", "x": 7, "y": 19 },
        { "monster": "mon_turret_bmg", "x": 16, "y": 19 }
      ]
    }
  }
]
