{
    "method": "json",
    "object": {
        "furniture": {
            "#": "f_null",
            ".": "f_null",
            "0": "f_null",
            "4": "f_null",
            "7": "f_null",
            "C": "f_chair",
            "D": "f_null",
            "F": "f_null",
            "O": "f_crate_o",
            "R": "f_rubble",
            "W": "f_wreckage",
            "^": "f_rubble",
            "_": "f_null",
            "a": "f_dahlia",
            "c": "f_null",
            "d": "f_dandelion",
            "f": "f_null",
            "h": "f_hay",
            "r": "f_rubble",
            "s": "f_null",
            "t": "f_table",
            "w": "f_null",
            "|": "f_null"
        },
        "place_items": [
            {
                "chance": 35,
                "item": "trash",
                "x": 11,
                "y": 17
            },
            {
                "chance": 35,
                "item": "trash",
                "x": 8,
                "y": 14
            },
            {
                "chance": 35,
                "item": "trash",
                "x": 10,
                "y": 8
            },
            {
                "chance": 25,
                "item": "tools_common",
                "x": 12,
                "y": 11
            },
            {
                "chance": 15,
                "item": "tools_blacksmith",
                "x": 8,
                "y": 16
            }
        ],
        "rows": [
            "_......_._........_..._.",
            "...4..................F.",
            "....._....._..d_........",
            "_.._..##.._...#.##._._..",
            "...._##_....__....._....",
            "........#r_____r_.#..sF.",
            ".._....|||w__Rw||......_",
            ".d..#.#|cc^ccc^c|._.._..",
            ".._..._|cccccccc0#_.....",
            "......h|cccccOc^|...#.F.",
            "..#...h|||||ccccw_..#...",
            "..._#..|fff|cccc__......",
            "_.._#..0fff|cccc__._..7.",
            "......#|fffDccccw_..#...",
            "......#|fff|cccc|r....._",
            "...#...||||||cc^|#..._..",
            "...#_..|ccccccc^|...._..",
            "......#|^ccccCcc|#._..a.",
            "._s...rwcc^cccct|#..W...",
            "....##._cw||||0||..W....",
            "..4.##.._R..##.#...._.._",
            "_._....r........_._#.W..",
            "............#...#.......",
            "..._..__..._....._......"
        ],
        "terrain": {
            "#": "t_underbrush",
            ".": "t_grass",
            "0": "t_window_empty",
            "4": "t_tree_pine",
            "7": "t_tree_dead",
            "C": "t_concrete",
            "D": "t_door_o",
            "F": "t_fence_post",
            "O": "t_concrete",
            "R": "t_dirt",
            "W": "t_grass",
            "^": "t_concrete",
            "_": "t_dirt",
            "a": "t_grass",
            "c": "t_concrete",
            "d": "t_grass",
            "f": "t_floor",
            "h": "t_grass",
            "r": "t_grass",
            "s": "t_shrub_blueberry",
            "t": "t_concrete",
            "w": "t_wall_half",
            "|": "t_wall"
        }
    },
    "om_terrain": "derelict_property",
    "type": "mapgen",
    "weight": 100
}
