{
    "method": "json",
    "object": {
        "furniture": {
            "#": "f_null",
            "$": "f_null",
            "&": "f_sink",
            "-": "f_null",
            ".": "f_null",
            "0": "f_null",
            "4": "f_null",
            "D": "f_dandelion",
            "F": "f_null",
            "R": "f_rubble",
            "S": "f_null",
            "T": "f_toilet",
            "W": "f_wreckage",
            "^": "f_rubble",
            "_": "f_null",
            "a": "f_null",
            "b": "f_null",
            "c": "f_chair",
            "d": "f_null",
            "f": "f_null",
            "r": "f_rubble",
            "s": "f_null",
            "t": "f_table",
            "w": "f_null",
            "|": "f_null"
        },
        "place_items": [
            {
                "chance": 25,
                "item": "tools_earthworking",
                "x": 7,
                "y": 19
            },
            {
                "chance": 35,
                "item": "trash",
                "x": 17,
                "y": 13
            },
            {
                "chance": 35,
                "item": "trash",
                "x": 8,
                "y": 7
            },
            {
                "chance": 25,
                "item": "tools_common",
                "x": 12,
                "y": 11
            },
            {
                "chance": 25,
                "item": "hand_tools",
                "x": 9,
                "y": 13
            },
            {
                "chance": 25,
                "item": "hardware_trash",
                "x": 2,
                "y": 8
            },
            {
                "chance": 25,
                "item": "hardware_trash",
                "x": 21,
                "y": 6
            },
            {
                "chance": 25,
                "item": "homebooks",
                "x": 10,
                "y": 11
            },
            {
                "chance": 5,
                "item": "antique_ammo",
                "x": 19,
                "y": 21
            },
            {
                "chance": 5,
                "item": "antique_guns",
                "x": 20,
                "y": 20
            }
        ],
        "rows": [
            "d....d........d......d..",
            ".........d.........d....",
            ".d....#....d...d..d.....",
            ".....d..................",
            ".D.#..###...d.....#..#..",
            ".....#####....r.S###...d",
            "d....--0-br....b--a--...",
            "...s.-fff_______Rfff-...",
            "...d.bfff_______ffff-#..",
            "......_________wRfffb...",
            "d..#..___c____^|^___b.d.",
            "......#___tt_^^|^___.d..",
            "...#.##_w|||||||___.#.#.",
            ".....#______&_T|___.....",
            ".d....^________|^__.#.Dd",
            "..4...w||||w___|_^^.....",
            "....#r.r_______w_^##.4d.",
            ".....-...._#_##_^_.--...",
            "..d.r....d........s.#...",
            "........#.....d......d.d",
            "....F$$$$$$$F...#..F.W..",
            ".d...d..........d...WW..",
            "...D...d......d.4..d..W.",
            "...........d............"
        ],
        "terrain": {
            "#": "t_underbrush",
            "$": "t_fence_wire",
            "&": "t_concrete",
            "-": "t_brick_wall",
            ".": "t_grass",
            "0": "t_window_empty",
            "4": "t_tree_pine",
            "D": "t_grass",
            "F": "t_fence_post",
            "R": "t_floor",
            "S": "t_shrub_strawberry",
            "T": "t_concrete",
            "W": "t_grass",
            "^": "t_concrete",
            "_": "t_concrete",
            "a": "t_window_boarded_noglass",
            "b": "t_brick_wall_halfway",
            "c": "t_concrete",
            "d": "t_dirt",
            "f": "t_floor",
            "r": "t_grass",
            "s": "t_shrub_blueberry",
            "t": "t_concrete",
            "w": "t_wall_half",
            "|": "t_wall"
        }
    },
    "om_terrain": "derelict_property",
    "type": "mapgen",
    "weight": 100
}
