{
    "method": "json",
    "object": {
        "add": [
            {
                "item": "2x4",
                "repeat": 1,
                "x": 11,
                "y": 14
            },
            {
                "item": "2x4",
                "repeat": 1,
                "x": 3,
                "y": 15
            },
            {
                "item": "2x4",
                "repeat": 1,
                "x": 9,
                "y": 16
            }
        ],
        "furniture": {
            "#": "f_null",
            "$": "f_null",
            "&": "f_null",
            ".": "f_null",
            "4": "f_null",
            "D": "f_null",
            "F": "f_null",
            "H": "f_hay",
            "W": "f_null",
            "^": "f_rubble",
            "_": "f_null",
            "a": "f_null",
            "c": "f_counter",
            "d": "f_dandelion",
            "f": "f_null",
            "h": "f_hay",
            "r": "f_rubble",
            "t": "f_table",
            "w": "f_wreckage",
            "|": "f_null"
        },
        "place_items": [
            {
                "chance": 35,
                "item": "tools_construction",
                "x": 20,
                "y": 12
            },
            {
                "chance": 5,
                "item": "antique_guns",
                "x": 9,
                "y": 10
            },
            {
                "chance": 25,
                "item": "tools_carpentry",
                "x": 8,
                "y": 13
            },
            {
                "chance": 45,
                "item": "tools_earthworking",
                "x": 19,
                "y": 13
            }
        ],
        "place_monster": [
            {
                "monster": "mon_cat",
                "x": 9,
                "y": 12
            },
            {
                "monster": "mon_dog",
                "x": 17,
                "y": 13
            }
        ],
        "rows": [
            ".._......__......_......",
            "....._..................",
            "..._...d_....._...._..._",
            "......_....._..._d._#.._",
            "_.4__#....#_.......4....",
            "......._.........._..._.",
            "....._.._.....w_..#.___.",
            "......___.__............",
            "..._#_____##..._.....4..",
            "_..#||fff||_......_...._",
            "....|hfffc|.._....##.#..",
            "_...|tfffc|#..._#W||||_.",
            "..d_|tffff|#.....#Dff|..",
            ".._#|ffffh|_...d.__Df|#.",
            "....&^____a._....._Hf|#.",
            "._.__^_^_^#_...._W||||._",
            "...#&_^^#_a#..#....#_.._",
            "_#_#|^_r_^&_._._......._",
            "_...|_#^_||.#......w....",
            "_..#.#___#......ww.___d.",
            "_..._#_##.#....._...._..",
            "..4._.##._.....4__._..._",
            "...F$$F#.F.#F$$F$$F#....",
            "..._.._.._....__....._.."
        ],
        "terrain": {
            "#": "t_underbrush",
            "$": "t_fence_wire",
            "&": "t_wall_log_broken",
            ".": "t_grass",
            "4": "t_tree_pine",
            "D": "t_dirtfloor",
            "F": "t_fence_post",
            "H": "t_dirt",
            "W": "t_wall_half",
            "^": "t_dirt",
            "_": "t_dirt",
            "a": "t_wall_log_half",
            "c": "t_floor",
            "d": "t_grass",
            "f": "t_floor",
            "h": "t_floor",
            "r": "t_underbrush",
            "t": "t_floor",
            "w": "t_grass",
            "|": "t_wall_wood"
        }
    },
    "om_terrain": "derelict_property",
    "type": "mapgen",
    "weight": 100
}
