{
    "method": "json",
    "object": {
        "add": [
            {
                "item": "joint_roach",
                "repeat": 1,
                "x": 4,
                "y": 2
            },
            {
                "item": "cannabis",
                "repeat": 1,
                "x": 13,
                "y": 11
            },
            {
                "item": "cannabis",
                "repeat": 1,
                "x": 15,
                "y": 11
            },
            {
                "item": "cannabis",
                "repeat": 1,
                "x": 19,
                "y": 11
            },
            {
                "item": "cannabis",
                "repeat": 1,
                "x": 19,
                "y": 13
            },
            {
                "item": "cannabis",
                "repeat": 1,
                "x": 16,
                "y": 14
            },
            {
                "item": "cannabis",
                "repeat": 1,
                "x": 19,
                "y": 14
            },
            {
                "item": "cannabis",
                "repeat": 1,
                "x": 16,
                "y": 15
            },
            {
                "item": "cannabis",
                "repeat": 1,
                "x": 19,
                "y": 15
            },
            {
                "item": "joint_lit",
                "repeat": 1,
                "x": 8,
                "y": 16
            },
            {
                "item": "withered",
                "repeat": 1,
                "x": 11,
                "y": 16
            },
            {
                "item": "cannabis",
                "repeat": 1,
                "x": 2,
                "y": 17
            },
            {
                "item": "cannabis",
                "repeat": 1,
                "x": 5,
                "y": 17
            },
            {
                "item": "cannabis",
                "repeat": 1,
                "x": 6,
                "y": 17
            },
            {
                "item": "joint_lit",
                "repeat": 1,
                "x": 8,
                "y": 17
            },
            {
                "item": "seed_weed",
                "repeat": 1,
                "x": 11,
                "y": 17
            },
            {
                "item": "cannabis",
                "repeat": 1,
                "x": 19,
                "y": 17
            },
            {
                "item": "withered",
                "repeat": 1,
                "x": 2,
                "y": 18
            },
            {
                "item": "cannabis",
                "repeat": 1,
                "x": 3,
                "y": 18
            },
            {
                "item": "seed_weed",
                "repeat": 1,
                "x": 5,
                "y": 18
            },
            {
                "item": "cannabis",
                "repeat": 1,
                "x": 6,
                "y": 18
            },
            {
                "item": "joint_lit",
                "repeat": 1,
                "x": 8,
                "y": 18
            },
            {
                "item": "seed_weed",
                "repeat": 1,
                "x": 11,
                "y": 18
            },
            {
                "item": "cannabis",
                "repeat": 1,
                "x": 13,
                "y": 18
            },
            {
                "item": "cannabis",
                "repeat": 1,
                "x": 16,
                "y": 18
            },
            {
                "item": "cannabis",
                "repeat": 1,
                "x": 17,
                "y": 18
            },
            {
                "item": "cannabis",
                "repeat": 1,
                "x": 18,
                "y": 18
            }
        ],
        "furniture": {
            "#": "f_counter",
            "&": "f_trashcan",
            "+": "f_null",
            "-": "f_null",
            ".": "f_null",
            "4": "f_null",
            "B": "f_bench",
            "C": "f_chair",
            "D": "f_null",
            "S": "f_sink",
            "T": "f_trashcan",
            "^": "f_indoor_plant",
            "_": "f_null",
            "b": "f_bench",
            "c": "f_counter",
            "d": "f_null",
            "p": "f_null",
            "s": "f_null",
            "t": "f_table",
            "{": "f_rack",
            "|": "f_null"
        },
        "place_items": [
            {
                "chance": 35,
                "item": "trash",
                "x": 17,
                "y": 9
            },
            {
                "chance": 35,
                "item": "trash",
                "x": 10,
                "y": 9
            },
            {
                "chance": 25,
                "item": "misc_smoking",
                "x": 5,
                "y": 10
            },
            {
                "chance": 45,
                "item": "stoner",
                "x": 11,
                "y": [
                    11,
                    12
                ]
            },
            {
                "chance": 45,
                "item": "stoner",
                "x": 9,
                "y": 10
            },
            {
                "chance": 45,
                "item": "stoner",
                "x": 6,
                "y": 10
            },
            {
                "chance": 45,
                "item": "stoner",
                "x": 10,
                "y": 7
            }
        ],
        "rows": [
            "......ss.d.............d",
            "......ss................",
            "..d...ss..........d.d...",
            "......ss...d.......d4d..",
            "......sssssss.d.....d...",
            ".|---|++|--|sppppp......",
            ".|^_______^-sppppp...d..",
            "d|b_______b-spBBpp......",
            ".|b_______b-spttpp......",
            ".|________&-spBBpT......",
            ".||D|#####|||||||||||...",
            ".|______C_Cc|_______|..d",
            "d|_________c|S______|...",
            ".|__|||||||||c______|...",
            ".|__________________|...",
            ".|__________________|...",
            ".|__|__|{__{|_______|...",
            ".|__|__|{__{|_______|...",
            ".|__|__|{__{|_______|...",
            ".||||||||||||||||||||..d",
            "...d............d.......",
            "........d...............",
            ".d..................d...",
            "...........d............"
        ],
        "terrain": {
            "#": "t_wall",
            "&": "t_floor",
            "+": "t_door_glass_c",
            "-": "t_wall_glass",
            ".": "t_grass",
            "4": "t_tree_pine",
            "B": "t_pavement",
            "C": "t_floor",
            "D": "t_door_c",
            "S": "t_floor",
            "T": "t_pavement",
            "^": "t_floor",
            "_": "t_floor",
            "b": "t_floor",
            "c": "t_floor",
            "d": "t_dirt",
            "p": "t_pavement",
            "s": "t_sidewalk",
            "t": "t_pavement",
            "{": "t_floor",
            "|": "t_wall"
        }
    },
    "om_terrain": "dispensary",
    "type": "mapgen",
    "weight": 100
}
