{
    "method": "json",
    "object": {
        "add": [
            {
                "item": "joint_roach",
                "repeat": 1,
                "x": 11,
                "y": 4
            },
            {
                "item": "joint_lit",
                "repeat": 1,
                "x": 11,
                "y": 11
            },
            {
                "item": "pipe_glass",
                "repeat": 1,
                "x": 10,
                "y": 15
            },
            {
                "item": "withered",
                "repeat": 1,
                "x": 17,
                "y": 15
            },
            {
                "item": "withered",
                "repeat": 1,
                "x": 8,
                "y": 17
            },
            {
                "item": "withered",
                "repeat": 1,
                "x": 6,
                "y": 18
            },
            {
                "item": "cannabis",
                "repeat": 1,
                "x": 9,
                "y": 18
            },
            {
                "item": "cannabis",
                "repeat": 1,
                "x": 11,
                "y": 18
            },
            {
                "item": "withered",
                "repeat": 1,
                "x": 13,
                "y": 19
            },
            {
                "item": "cannabis",
                "repeat": 1,
                "x": 6,
                "y": 20
            },
            {
                "item": "cannabis",
                "repeat": 1,
                "x": 8,
                "y": 20
            },
            {
                "item": "cannabis",
                "repeat": 1,
                "x": 10,
                "y": 20
            },
            {
                "item": "cannabis",
                "repeat": 1,
                "x": 12,
                "y": 20
            },
            {
                "item": "cannabis",
                "repeat": 1,
                "x": 15,
                "y": 21
            },
            {
                "item": "cannabis",
                "repeat": 1,
                "x": 18,
                "y": 21
            }
        ],
        "furniture": {
            "#": "f_null",
            "&": "f_trashcan",
            "+": "f_null",
            "-": "f_null",
            ".": "f_null",
            "4": "f_null",
            "C": "f_counter",
            "D": "f_null",
            "^": "f_indoor_plant",
            "_": "f_null",
            "a": "f_null",
            "b": "f_bench",
            "c": "f_counter",
            "d": "f_chair",
            "e": "f_null",
            "f": "f_null",
            "g": "f_null",
            "s": "f_null",
            "t": "f_table",
            "w": "f_null",
            "{": "f_vending_c",
            "|": "f_null"
        },
        "place_items": [
            {
                "chance": 50,
                "item": "vending_drink",
                "x": 13,
                "y": 3
            },
            {
                "chance": 45,
                "item": "trash",
                "x": 5,
                "y": 15
            },
            {
                "chance": 45,
                "item": "trash",
                "x": 8,
                "y": 12
            },
            {
                "chance": 45,
                "item": "trash",
                "x": 5,
                "y": 8
            },
            {
                "chance": 50,
                "item": "vending_food",
                "x": 12,
                "y": 3
            },
            {
                "chance": 45,
                "item": "stoner",
                "x": 15,
                "y": 15
            },
            {
                "chance": 45,
                "item": "stoner",
                "x": 11,
                "y": 15
            },
            {
                "chance": 45,
                "item": "stoner",
                "x": 19,
                "y": 13
            },
            {
                "chance": 45,
                "item": "stoner",
                "x": [
                    17,
                    19
                ],
                "y": 12
            }
        ],
        "rows": [
            "_.._..___sss...__..__...",
            ".........sss........_...",
            "........_sssss_..#._4_._",
            "..._.._..sss{{.._..__...",
            "_...|www|sss|www|..._#..",
            "_.._|^ff|sss|ff^|#._#.._",
            "...#wbff|+|+|ffbw..._...",
            "...#wbfffffffffbw#._4_..",
            ".._.wbfffffffffbw__._.._",
            "....wfffffffffff|#._..._",
            "...#wfffbbffffff|##.#.._",
            "_..#|ff||||CCCC||||||...",
            "....|ff|&fffdfff|ccc|#..",
            "....|ff|fffffffffffc|_..",
            "._.#|ffDffffffffffff|...",
            "..._|&f|ffttdffc|fff|_..",
            "_...||||||||||||||D||.._",
            "_._.-...__.._...e...-...",
            "...#-_._________g...-...",
            "_...-.._______..eaaa-_._",
            "..._-_._____...__.._-.._",
            "._..-..__...._._.._.-._.",
            "....-----------------...",
            "._....._..__..__.._._..."
        ],
        "terrain": {
            "#": "t_underbrush",
            "&": "t_floor",
            "+": "t_door_glass_c",
            "-": "t_brick_wall",
            ".": "t_grass",
            "4": "t_tree_pine",
            "C": "t_wall",
            "D": "t_door_c",
            "^": "t_floor",
            "_": "t_dirt",
            "a": "t_chainfence_h",
            "b": "t_floor",
            "c": "t_floor",
            "d": "t_floor",
            "e": "t_chainfence_v",
            "f": "t_floor",
            "g": "t_chaingate_c",
            "s": "t_sidewalk",
            "t": "t_floor",
            "w": "t_wall_glass",
            "{": "t_sidewalk",
            "|": "t_wall"
        }
    },
    "om_terrain": "dispensary",
    "type": "mapgen",
    "weight": 100
}
