{
    "method": "json",
    "object": {
        "add": [
            {
                "item": "corpse",
                "repeat": 1,
                "x": 19,
                "y": 12
            }
        ],
        "furniture": {
            "#": "f_sandbag_wall",
            "&": "f_trashcan",
            "+": "f_null",
            "-": "f_null",
            ".": "f_null",
            "C": "f_chair",
            "D": "f_displaycase",
            "H": "f_armchair",
            "S": "f_sandbag_half",
            "T": "f_table",
            "W": "f_null",
            "^": "f_indoor_plant_y",
            "_": "f_null",
            "a": "f_null",
            "b": "f_sandbag_half",
            "c": "f_counter",
            "d": "f_null",
            "e": "f_null",
            "f": "f_null",
            "g": "f_null",
            "i": "f_indoor_plant",
            "r": "f_rack",
            "s": "f_null",
            "t": "f_table",
            "u": "f_null",
            "w": "f_null",
            "{": "f_locker",
            "|": "f_null"
        },
        "place_items": [
            {
                "chance": 99,
                "item": "corpse_male",
                "x": 19,
                "y": 12
            },
            {
                "chance": 35,
                "item": "ammo_casings",
                "x": [
                    14,
                    15
                ],
                "y": 14
            },
            {
                "chance": 35,
                "item": "guns_pistol_common",
                "x": 19,
                "y": 8
            },
            {
                "chance": 75,
                "item": "guns_common",
                "x": 3,
                "y": 10
            },
            {
                "chance": 40,
                "item": "gunmod_rare",
                "x": 3,
                "y": 12
            },
            {
                "chance": 55,
                "item": "book_gunmags",
                "x": 9,
                "y": 8
            },
            {
                "chance": 5,
                "item": "guns_pistol_rare",
                "x": 3,
                "y": 11
            },
            {
                "chance": 35,
                "item": "ammo_rifle_common",
                "x": 18,
                "y": 14
            },
            {
                "chance": 35,
                "item": "ammo_rifle_common",
                "x": 6,
                "y": 7
            },
            {
                "chance": 30,
                "item": "gunmod_common",
                "x": [
                    12,
                    14
                ],
                "y": 9
            },
            {
                "chance": 45,
                "item": "ammo_common",
                "x": 6,
                "y": [
                    5,
                    6
                ]
            },
            {
                "chance": 35,
                "item": "guns_rifle_common",
                "x": [
                    17,
                    18
                ],
                "y": 5
            },
            {
                "chance": 35,
                "item": "guns_common",
                "x": 9,
                "y": [
                    6,
                    7
                ]
            },
            {
                "chance": 35,
                "item": "guns_common",
                "x": 19,
                "y": [
                    5,
                    7
                ]
            },
            {
                "chance": 45,
                "item": "trash",
                "x": 13,
                "y": 12
            },
            {
                "chance": 45,
                "item": "trash",
                "x": 10,
                "y": 12
            }
        ],
        "rows": [
            "....d...d....dss..dd.d..",
            ".......d......ss........",
            "d.............ssd.d.....",
            "..d....d..d.dssss......d",
            "....dwWeaWwwWaffaWwwa...",
            "d....W{_Cc__^____DDDWu..",
            "d....ar__D_________Dw...",
            ".d...|r__D_________D|u.d",
            "...uu|__cc_________D|u..",
            "d.||||______DDD__||||...",
            ".u|{_|||||_______|tC|u.d",
            ".u|{_+______________|...",
            "d.|{_|___|&_|&___|iH|...",
            "..|||||e|||g|||||||||...",
            ".u-___________tt_tt_-u..",
            "du-_________________-u..",
            "..-b#-bdSSSSbS.SS-Sb-...",
            "..-ddd..........dddd-..d",
            "du-ddddd.d.....ddddd-u..",
            "..-ddddddddddddddddd-..d",
            ".u-ddddddddddddddddd-..d",
            "d.-#dTdddddTdddddTd#-u..",
            "..-#################-...",
            ".d-------------------.d."
        ],
        "terrain": {
            "#": "t_dirt",
            "&": "t_floor",
            "+": "t_door_metal_pickable",
            "-": "t_brick_wall",
            ".": "t_grass",
            "C": "t_floor",
            "D": "t_floor",
            "H": "t_floor",
            "S": "t_grass",
            "T": "t_dirt",
            "W": "t_wall_w",
            "^": "t_floor",
            "_": "t_floor",
            "a": "t_wall_r",
            "b": "t_dirt",
            "c": "t_floor",
            "d": "t_dirt",
            "e": "t_window_boarded",
            "f": "t_door_boarded",
            "g": "t_door_c",
            "i": "t_floor",
            "r": "t_floor",
            "s": "t_sidewalk",
            "t": "t_floor",
            "u": "t_underbrush",
            "w": "t_wall_b",
            "{": "t_floor",
            "|": "t_wall"
        }
    },
    "om_terrain": "s_gun",
    "type": "mapgen",
    "weight": 100
}
