{
    "method": "json",
    "object": {
        "add": [
            {
                "item": "rolling_paper",
                "repeat": 1,
                "x": 13,
                "y": 3
            },
            {
                "item": "rolling_paper",
                "repeat": 1,
                "x": 3,
                "y": 6
            },
            {
                "item": "pipe_tobacco",
                "repeat": 1,
                "x": 18,
                "y": 6
            },
            {
                "item": "pipe_glass",
                "repeat": 1,
                "x": 21,
                "y": 7
            },
            {
                "item": "crackpipe",
                "repeat": 1,
                "x": 18,
                "y": 8
            },
            {
                "item": "pipe_glass",
                "repeat": 1,
                "x": 21,
                "y": 8
            },
            {
                "item": "crackpipe",
                "repeat": 1,
                "x": 4,
                "y": 10
            },
            {
                "item": "pipe_glass",
                "repeat": 1,
                "x": 4,
                "y": 10
            },
            {
                "item": "pipe_glass",
                "repeat": 1,
                "x": 7,
                "y": 10
            },
            {
                "item": "pipe_glass",
                "repeat": 1,
                "x": 18,
                "y": 10
            },
            {
                "item": "crackpipe",
                "repeat": 1,
                "x": 21,
                "y": 10
            }
        ],
        "furniture": {
            "#": "f_displaycase",
            "&": "f_trashcan",
            "+": "f_null",
            "-": "f_null",
            ".": "f_null",
            "4": "f_null",
            "D": "f_dumpster",
            "H": "f_armchair",
            "S": "f_sofa",
            "^": "f_indoor_plant",
            "_": "f_null",
            "a": "f_null",
            "b": "f_bench",
            "c": "f_counter",
            "d": "f_null",
            "l": "f_locker",
            "p": "f_null",
            "s": "f_null",
            "t": "f_table",
            "{": "f_rack",
            "|": "f_null"
        },
        "place_items": [
            {
                "chance": 35,
                "item": "clothing_outdoor_torso",
                "x": [
                    13,
                    14
                ],
                "y": 20
            },
            {
                "chance": 45,
                "item": "stoner",
                "x": 14,
                "y": 17
            },
            {
                "chance": 45,
                "item": "stoner",
                "x": 13,
                "y": [
                    16,
                    17
                ]
            },
            {
                "chance": 45,
                "item": "stoner",
                "x": [
                    3,
                    5
                ],
                "y": 13
            },
            {
                "chance": 45,
                "item": "stoner",
                "x": 14,
                "y": 11
            },
            {
                "chance": 45,
                "item": "stoner",
                "x": 8,
                "y": 10
            },
            {
                "chance": 45,
                "item": "stoner",
                "x": [
                    4,
                    5
                ],
                "y": 10
            },
            {
                "chance": 45,
                "item": "stoner",
                "x": 14,
                "y": [
                    8,
                    9
                ]
            },
            {
                "chance": 65,
                "item": "misc_smoking",
                "x": 15,
                "y": 17
            },
            {
                "chance": 65,
                "item": "misc_smoking",
                "x": 13,
                "y": 15
            },
            {
                "chance": 65,
                "item": "misc_smoking",
                "x": 9,
                "y": 10
            },
            {
                "chance": 65,
                "item": "misc_smoking",
                "x": 3,
                "y": 10
            },
            {
                "chance": 65,
                "item": "misc_smoking",
                "x": 14,
                "y": [
                    6,
                    7
                ]
            }
        ],
        "rows": [
            "__d_____sssdd___d___d___",
            "________sss_____________",
            "__|----|sss|----|4|-|4_d",
            "d_-S..H-sss-HttH|-|^|-|_",
            "__-S..^|++||..........|_",
            "__-S......bb..........|d",
            "__|t.H........#...{..{|_",
            "__|...........#...{..{|_",
            "d_|...........#...{..{|_",
            "d_|...........#...{..{|_",
            "__|##ccc##....c...{..{|d",
            "__|&.....c....c...{..{|_",
            "d_|...................|_",
            "__|{{{{{..............|d",
            "d_|||||||||||-+--|....|d",
            "____d___DDps|{...-....|d",
            "___d____ppps|{...+....|_",
            "________ppps|{{##-....|d",
            "d___d___ppps||||||....|_",
            "________pppsa.........|_",
            "__d_____ppps|ll..|....|_",
            "d_____d_ppps|||||||||||_",
            "______________d_________",
            "___d______dddd_____d__d_"
        ],
        "terrain": {
            "#": "t_floor",
            "&": "t_floor",
            "+": "t_door_glass_c",
            "-": "t_wall_glass",
            ".": "t_floor",
            "4": "t_tree_pine",
            "D": "t_pavement",
            "H": "t_floor",
            "S": "t_floor",
            "^": "t_floor",
            "_": "t_grass",
            "a": "t_door_c",
            "b": "t_floor",
            "c": "t_floor",
            "d": "t_dirt",
            "l": "t_floor",
            "p": "t_pavement",
            "s": "t_sidewalk",
            "t": "t_floor",
            "{": "t_floor",
            "|": "t_wall"
        }
    },
    "om_terrain": "headshop",
    "type": "mapgen",
    "weight": 100
}
