{
    "method": "json",
    "object": {
        "furniture": {
            "#": "f_null",
            ".": "f_null",
            "4": "f_null",
            "7": "f_null",
            "_": "f_null",
            "b": "f_boulder_small",
            "f": "f_dandelion",
            "i": "f_cattails",
            "o": "f_boulder_small",
            "s": "f_null",
            "t": "f_null",
            "w": "f_null"
        },
        "rows": [
            "._...#.._...._...._#..._",
            ".#7............4..#.....",
            "...._..._t..._##.._.7.._",
            "__.##....#.7..###.....#.",
            "...#4#._...._..#_.......",
            "..._#....__._....#..4.#_",
            "....._.._.__#4..._..._._",
            ".4#..__..4.__#__._.._...",
            "_.._...o_#_i__.4#..t.#..",
            "_.....4#.__wi__#4#......",
            "#..#_._.._www__.##..#...",
            ".......#__www_.#...._4_#",
            "..t#...4#__w__#4..__#...",
            "__#.__...____b.##.......",
            ".#.._.._#4#_#4#__._f..._",
            ".....4...#t..#._........",
            "......__._.._.._.4...#..",
            ".....#_.#._4#_...._.#4..",
            "#.#._._....#._..7__.s#.#",
            "..7#......_.........._..",
            "......#.4_...4_#..#.4.._",
            ".._.._..#.._#....t......",
            "..#............_.#......",
            "_..._..#...__...._...#.."
        ],
        "terrain": {
            "#": "t_underbrush",
            ".": "t_grass",
            "4": "t_tree_pine",
            "7": "t_tree_maple",
            "_": "t_dirt",
            "b": "t_dirt",
            "f": "t_grass",
            "i": "t_dirt",
            "o": "t_grass",
            "s": "t_shrub_blueberry",
            "t": "t_tree_dead",
            "w": "t_water_sh"
        }
    },
    "om_terrain": "natural_spring",
    "type": "mapgen",
    "weight": 100
}
