[
	{
		"type" : "overmap_special",
        "id" : "Lumberyard",
        "overmaps" : [
            { "point":[0,0,0], "overmap": "lumberyard_0_0_north", "connect": "road"},
            { "point":[1,0,0], "overmap": "lumberyard_1_0_north", "connect": "road"},
            { "point":[0,1,0], "overmap": "lumberyard_0_1_north"},
            { "point":[1,1,0], "overmap": "lumberyard_1_1_north"}
        ],
		"connections" : [
			{ "point" : [1,-1,0], "terrain" : "road", "existing" : true }
        ],
		"locations" : [ "wilderness" ],
        "city_distance" : [-1, 3],
        "city_sizes" : [4, 12],
        "occurrences" : [1, 5],
        "rotate" : true,
	    "flags" : [ "CLASSIC" ]
	},{
		"type" : "overmap_special",
        "id" : "Zoo",
        "overmaps" : [
            { "point":[0,0,0], "overmap": "zoo_0_0_north", "connect": "road"},
            { "point":[1,0,0], "overmap": "zoo_1_0_north", "connect": "road"},
			{ "point":[2,0,0], "overmap": "zoo_2_0_north"},
            { "point":[0,1,0], "overmap": "zoo_0_1_north"},
            { "point":[1,1,0], "overmap": "zoo_1_1_north"},
			{ "point":[2,1,0], "overmap": "zoo_2_1_north"},
			{ "point":[0,2,0], "overmap": "zoo_0_2_north"},
			{ "point":[1,2,0], "overmap": "zoo_1_2_north"},
			{ "point":[2,2,0], "overmap": "zoo_2_2_north"}
		],
		"connections" : [
			{ "point" : [1,-1,0], "terrain" : "road", "existing" : true }
        ],
        "locations" : [ "wilderness" ],
        "city_distance" : [1, 4],
        "city_sizes" : [3, 12],
        "occurrences" : [1, 5],
        "rotate" : true,
	    "flags" : [ "CLASSIC" ]
	},{
		"type" : "overmap_special",
        "id" : "Stadium",
        "overmaps" : [
            { "point":[0,0,0], "overmap": "stadium_0_0_north"},
            { "point":[1,0,0], "overmap": "stadium_1_0_north", "connect": "road"},
            { "point":[2,0,0], "overmap": "stadium_2_0_north"},
            { "point":[3,0,0], "overmap": "stadium_3_0_north"},
            { "point":[0,1,0], "overmap": "stadium_0_1_north"},
            { "point":[1,1,0], "overmap": "stadium_1_1_north"},
            { "point":[2,1,0], "overmap": "stadium_2_1_north"},
            { "point":[3,1,0], "overmap": "stadium_3_1_north"},
            { "point":[0,2,0], "overmap": "stadium_0_2_north"},
            { "point":[1,2,0], "overmap": "stadium_1_2_north"},
            { "point":[2,2,0], "overmap": "stadium_2_2_north"},
            { "point":[3,2,0], "overmap": "stadium_3_2_north"},
            { "point":[0,3,0], "overmap": "stadium_0_3_north"},
            { "point":[1,3,0], "overmap": "stadium_1_3_north"},
            { "point":[2,3,0], "overmap": "stadium_2_3_north"},			
            { "point":[3,3,0], "overmap": "stadium_3_3_north"},			
            { "point":[0,4,0], "overmap": "stadium_0_4_north"},			
            { "point":[1,4,0], "overmap": "stadium_1_4_north"},			
            { "point":[2,4,0], "overmap": "stadium_2_4_north"},			
            { "point":[3,4,0], "overmap": "stadium_3_4_north"}	
        ],
		"connections" : [
			{ "point" : [1,-1,0], "terrain" : "road", "existing" : true }
		],
        "locations" : [ "wilderness" ],
        "city_distance" : [-1, 2],
        "city_sizes" : [3, 12],
        "occurrences" : [1, 3],
        "rotate" : true,
	    "flags" : [ "CLASSIC" ]
	}
]