[
	{
		"type" : "overmap_terrain",
		"id" : "pet_store",
		"name" : "宠物店",
		"rotate" : true,
		"sym" : 112,
		"color" : "i_green",
		"see_cost" : 5,
		"extras" : "build",
		"mondensity" : 2,
		"sidewalk" : true,
		"flags" : [ "SIDEWALK" ]
	},{
		"type" : "overmap_terrain",
		"id" : "construction_site",
		"name" : "工地",
		"rotate" : true,
		"sym" : 120,
		"color" : "white",
		"see_cost" : 5,
		"extras" : "build",
		"mondensity" : 2,
		"sidewalk" : true,
		"flags" : [ "SIDEWALK" ]
	},{
		"type" : "overmap_terrain",
		"id" : "post_office",
		"name" : "邮局",
		"rotate" : true,
		"sym" : 80,
		"color" : "blue",
		"see_cost" : 5,
		"extras" : "build",
		"mondensity" : 2,
		"sidewalk" : true,
		"flags" : [ "SIDEWALK" ]
	},{
		"type" : "overmap_terrain",
		"id" : "lumberyard_0_0",
		"name" : "贮木场",
		"rotate" : true,
		"sym" : 76,
		"color" : "i_green",
		"see_cost" : 5,
		"mondensity" : 2,
		"sidewalk" : true,
		"flags" : [ "SIDEWALK" ]
	},{
		"type" : "overmap_terrain",
		"id" : "lumberyard_0_1",
		"name" : "贮木场",
		"rotate" : true,
		"sym" : 76,
		"color" : "i_green",
		"see_cost" : 5,
		"mondensity" : 2,
		"sidewalk" : false
	},{
		"type" : "overmap_terrain",
		"id" : "lumberyard_1_0",
		"name" : "贮木场",
		"rotate" : true,
		"sym" : 76,
		"color" : "i_green",
		"see_cost" : 5,
		"mondensity" : 2,
		"sidewalk" : false
	},{
		"type" : "overmap_terrain",
		"id" : "lumberyard_1_1",
		"name" : "贮木场",
		"rotate" : true,
		"sym" : 76,
		"color" : "i_green",
		"see_cost" : 5,
		"mondensity" : 2,
		"sidewalk" : false
	},{
		"type" : "overmap_terrain",
		"id" : "zoo_0_0",
		"name" : "动物园停车场",
		"rotate" : true,
		"sym" : 80,
		"color" : "i_green",
		"see_cost" : 5,
		"mondensity" : 2,
		"sidewalk" : true,
		"flags" : [ "SIDEWALK" ]
	},{
		"type" : "overmap_terrain",
		"id" : "zoo_1_0",
		"name" : "动物园停车场",
		"rotate" : true,
		"sym" : 80,
		"color" : "i_green",
		"see_cost" : 5,
		"mondensity" : 2,
		"sidewalk" : true,
		"flags" : [ "SIDEWALK" ]
	},{	
		"type" : "overmap_terrain",
		"id" : "zoo_2_0",
		"name" : "动物园广场",
		"rotate" : true,
		"sym" : 80,
		"color" : "i_green",
		"see_cost" : 5,
		"mondensity" : 2,
		"sidewalk" : true,
		"flags" : [ "SIDEWALK" ]
	},{	
		"type" : "overmap_terrain",
		"id" : "zoo_0_1",
		"name" : "动物园",
		"rotate" : true,
		"sym" : 90,
		"color" : "i_green",
		"see_cost" : 5,
		"mondensity" : 2,
		"sidewalk" : false
	},{	
		"type" : "overmap_terrain",
		"id" : "zoo_1_1",
		"name" : "动物园",
		"rotate" : true,
		"sym" : 90,
		"color" : "i_green",
		"see_cost" : 5,
		"mondensity" : 2,
		"sidewalk" : false
	},{	
		"type" : "overmap_terrain",
		"id" : "zoo_2_1",
		"name" : "动物园",
		"rotate" : true,
		"sym" : 90,
		"color" : "i_green",
		"see_cost" : 5,
		"mondensity" : 2,
		"sidewalk" : false
	},{	
		"type" : "overmap_terrain",
		"id" : "zoo_0_2",
		"name" : "动物园",
		"rotate" : true,
		"sym" : 90,
		"color" : "i_green",
		"see_cost" : 5,
		"mondensity" : 2,
		"sidewalk" : false
	},{	
		"type" : "overmap_terrain",
		"id" : "zoo_1_2",
		"name" : "动物园",
		"rotate" : true,
		"sym" : 90,
		"color" : "i_green",
		"see_cost" : 5,
		"mondensity" : 2,
		"sidewalk" : false
	},{	
		"type" : "overmap_terrain",
		"id" : "zoo_2_2",
		"name" : "动物园",
		"rotate" : true,
		"sym" : 90,
		"color" : "i_green",
		"see_cost" : 5,
		"mondensity" : 2,
		"sidewalk" : false
	},{
		"type" : "overmap_terrain",
		"id" : "bakery",
		"name" : "面包店",
		"rotate" : true,
		"sym" : 66,
		"color" : "yellow",
		"see_cost" : 5,
		"mondensity" : 2,
		"sidewalk" : true,
		"flags" : [ "SIDEWALK" ]
	},{
		"type" : "overmap_terrain",
		"id" : "stadium_0_0",
		"name" : "运动场停车场",
		"rotate" : true,
		"sym" : 43,
		"color" : "white",
		"see_cost" : 5,
		"mondensity" : 2,
		"sidewalk" : true,
		"flags" : [ "SIDEWALK" ]
	},{
		"type" : "overmap_terrain",
		"id" : "stadium_1_0",
		"name" : "运动场停车场",
		"rotate" : true,
		"sym" : 43,
		"color" : "white",
		"see_cost" : 5,
		"mondensity" : 2,
		"sidewalk" : true,
		"flags" : [ "SIDEWALK" ]
	},{
		"type" : "overmap_terrain",
		"id" : "stadium_2_0",
		"name" : "运动场停车场",
		"rotate" : true,
		"sym" : 43,
		"color" : "white",
		"see_cost" : 5,
		"mondensity" : 2,
		"sidewalk" : true,
		"flags" : [ "SIDEWALK" ]
	},{
		"type" : "overmap_terrain",
		"id" : "stadium_3_0",
		"name" : "运动场停车场",
		"rotate" : true,
		"sym" : 43,
		"color" : "white",
		"see_cost" : 5,
		"mondensity" : 2,
		"sidewalk" : true,
		"flags" : [ "SIDEWALK" ]
	},{
		"type" : "overmap_terrain",
		"id" : "stadium_0_1",
		"name" : "运动场观众席",
		"rotate" : true,
		"sym" : 48,
		"color" : "white",
		"see_cost" : 5,
		"mondensity" : 2,
		"sidewalk" : true
	},{
		"type" : "overmap_terrain",
		"id" : "stadium_1_1",
		"name" : "运动场入口",
		"rotate" : true,
		"sym" : 48,
		"color" : "white",
		"see_cost" : 5,
		"mondensity" : 2,
		"sidewalk" : true
	},{	
		"type" : "overmap_terrain",
		"id" : "stadium_2_1",
		"name" : "运动场观众席",
		"rotate" : true,
		"sym" : 48,
		"color" : "white",
		"see_cost" : 5,
		"mondensity" : 2,
		"sidewalk" : true
	},{	
		"type" : "overmap_terrain",
		"id" : "stadium_3_1",
		"name" : "运动场观众席",
		"rotate" : true,
		"sym" : 48,
		"color" : "white",
		"see_cost" : 5,
		"mondensity" : 2,
		"sidewalk" : true
	},{	
		"type" : "overmap_terrain",
		"id" : "stadium_0_2",
		"name" : "运动场观众席",
		"rotate" : true,
		"sym" : 48,
		"color" : "white",
		"see_cost" : 5,
		"mondensity" : 2,
		"sidewalk" : true
	},{
		"type" : "overmap_terrain",
		"id" : "stadium_1_2",
		"name" : "运动场",
		"rotate" : true,
		"sym" : 88,
		"color" : "green",
		"see_cost" : 5,
		"mondensity" : 2,
		"sidewalk" : true
	},{
		"type" : "overmap_terrain",
		"id" : "stadium_2_2",
		"name" : "运动场",
		"rotate" : true,
		"sym" : 88,
		"color" : "green",
		"see_cost" : 5,
		"mondensity" : 2,
		"sidewalk" : true
	},{
		"type" : "overmap_terrain",
		"id" : "stadium_3_2",
		"name" : "运动场观众席",
		"rotate" : true,
		"sym" : 48,
		"color" : "white",
		"see_cost" : 5,
		"mondensity" : 2,
		"sidewalk" : true
	},{
		"type" : "overmap_terrain",
		"id" : "stadium_0_3",
		"name" : "运动场观众席",
		"rotate" : true,
		"sym" : 48,
		"color" : "white",
		"see_cost" : 5,
		"mondensity" : 2,
		"sidewalk" : true
	},{
		"type" : "overmap_terrain",
		"id" : "stadium_1_3",
		"name" : "运动场",
		"rotate" : true,
		"sym" : 88,
		"color" : "green",
		"see_cost" : 5,
		"mondensity" : 2,
		"sidewalk" : true
	},{
		"type" : "overmap_terrain",
		"id" : "stadium_2_3",
		"name" : "运动场",
		"rotate" : true,
		"sym" : 88,
		"color" : "green",
		"see_cost" : 5,
		"mondensity" : 2,
		"sidewalk" : true
	},{
		"type" : "overmap_terrain",
		"id" : "stadium_3_3",
		"name" : "运动场观众席",
		"rotate" : true,
		"sym" : 48,
		"color" : "white",
		"see_cost" : 5,
		"mondensity" : 2,
		"sidewalk" : true
	},{
		"type" : "overmap_terrain",
		"id" : "stadium_0_4",
		"name" : "运动场车库",
		"rotate" : true,
		"sym" : 48,
		"color" : "white",
		"see_cost" : 5,
		"mondensity" : 2,
		"sidewalk" : true
	},{
		"type" : "overmap_terrain",
		"id" : "stadium_1_4",
		"name" : "运动场观众席",
		"rotate" : true,
		"sym" : 48,
		"color" : "white",
		"see_cost" : 5,
		"mondensity" : 2,
		"sidewalk" : true
	},{
		"type" : "overmap_terrain",
		"id" : "stadium_2_4",
		"name" : "运动场观众席",
		"rotate" : true,
		"sym" : 48,
		"color" : "white",
		"see_cost" : 5,
		"mondensity" : 2,
		"sidewalk" : true
	},{
		"type" : "overmap_terrain",
		"id" : "stadium_3_4",
		"name" : "运动场酒吧",
		"rotate" : true,
		"sym" : 48,
		"color" : "white",
		"see_cost" : 5,
		"mondensity" : 2,
		"sidewalk" : true
	},{
		"type" : "overmap_terrain",
		"id" : "headshop",
		"name" : "大麻商店",
		"rotate" : true,
		"sym" : 48,
		"color" : "i_white",
		"see_cost" : 5,
		"mondensity" : 2,
		"sidewalk" : true
	}
]