{
    "method": "json",
    "object": {
        "add": [
            {
                "item": "catfood",
                "repeat": 1,
                "x": 8,
                "y": 7
            },
            {
                "item": "catfood",
                "repeat": 1,
                "x": 8,
                "y": 8
            },
            {
                "item": "pet_carrier",
                "repeat": 1,
                "x": 21,
                "y": 9
            },
            {
                "item": "dogfood",
                "repeat": 1,
                "x": 8,
                "y": 10
            },
            {
                "item": "pet_carrier",
                "repeat": 1,
                "x": 21,
                "y": 10
            },
            {
                "item": "dogfood",
                "repeat": 1,
                "x": 8,
                "y": 11
            },
            {
                "item": "dogfood",
                "repeat": 1,
                "x": 15,
                "y": 12
            },
            {
                "item": "catfood",
                "repeat": 1,
                "x": 16,
                "y": 12
            },
            {
                "item": "catfood",
                "repeat": 1,
                "x": 17,
                "y": 12
            },
            {
                "item": "pet_carrier",
                "repeat": 1,
                "x": 8,
                "y": 14
            }
        ],
        "furniture": {
            "#": "f_counter",
            "&": "f_sink",
            "+": "f_null",
            "-": "f_null",
            ".": "f_null",
            "C": "f_null",
            "D": "f_null",
            "W": "f_null",
            "^": "f_indoor_plant",
            "_": "f_null",
            "a": "f_null",
            "b": "f_null",
            "c": "f_null",
            "d": "f_null",
            "s": "f_null",
            "w": "f_null",
            "{": "f_rack",
            "|": "f_null"
        },
        "place_items": [
            {
                "chance": 15,
                "item": "vet_softdrug",
                "x": 21,
                "y": 6
            },
            {
                "chance": 30,
                "item": "vet_utility",
                "x": [
                    20,
                    21
                ],
                "y": 3
            }
        ],
        "place_monster": [
            {
                "monster": "mon_cat",
                "x": 2,
                "y": 3
            },
            {
                "monster": "mon_rabbit",
                "x": 2,
                "y": 7
            },
            {
                "monster": "mon_rabbit",
                "x": 3,
                "y": 7
            },
            {
                "monster": "mon_dog_zombie_rot",
                "x": 2,
                "y": 9
            },
            {
                "monster": "mon_dog",
                "x": 2,
                "y": 13
            },
            {
                "monster": "mon_dog",
                "x": 2,
                "y": 15
            },
            {
                "monster": "mon_dog_zombie_rot",
                "x": 10,
                "y": 19
            }
        ],
        "rows": [
            "ssssssssssssssssssssssss",
            "ssssssssssssssssssssssss",
            "_||||www||ss||wwww|||||_",
            "_|CCW...^|ss|^.....-..|_",
            "_|CC+....|++|......#..|_",
            "_|---..............#..|_",
            "_|CCW..............#..|_",
            "_|CC+...{..........-D-|_",
            "_|---...{.............|_",
            "_|CCW...{.............|_",
            "_|CCW...{.............|_",
            "_|CC+...{.............|_",
            "_|---...{......{{{{{{{|_",
            "_|CCW...{.....--------|_",
            "_|CCW.................|_",
            "_|CC+.................|_",
            "_||||||||||||||||-...-|_",
            "___c_________cdd|.....|_",
            "___c___d___ddadd|....&|_",
            "___c_ddddddddadd|.....|_",
            "___c__d__d_d_cddb....&|_",
            "___c_________cdd|.....|_",
            "___ccccccccccccc|||||||_",
            "________________________"
        ],
        "terrain": {
            "#": "t_floor",
            "&": "t_floor",
            "+": "t_door_glass_c",
            "-": "t_wall",
            ".": "t_floor",
            "C": "t_concrete",
            "D": "t_door_c",
            "W": "t_wall_glass",
            "^": "t_floor",
            "_": "t_grass",
            "a": "t_chaingate_c",
            "b": "t_door_locked",
            "c": "t_chainfence_v",
            "d": "t_dirt",
            "s": "t_sidewalk",
            "w": "t_wall_glass_alarm",
            "{": "t_floor",
            "|": "t_brick_wall"
        }
    },
    "om_terrain": "s_pet_store",
    "type": "mapgen",
    "weight": 100
}
