{
    "method": "json",
    "object": {
        "furniture": {
            "#": "f_counter",
            "+": "f_null",
            "-": "f_null",
            ".": "f_null",
            "B": "f_null",
            "C": "f_null",
            "H": "f_armchair",
            "^": "f_indoor_plant",
            "_": "f_null",
            "b": "f_bench",
            "c": "f_chair",
            "g": "f_null",
            "s": "f_null",
            "t": "f_table",
            "{": "f_vending_c",
            "|": "f_null"
        },
        "place_items": [
            {
                "chance": 35,
                "item": "office",
                "x": 2,
                "y": 7
            },
            {
                "chance": 35,
                "item": "office",
                "x": 8,
                "y": [
                    6,
                    7
                ]
            },
            {
                "chance": 35,
                "item": "office",
                "x": 13,
                "y": 5
            },
            {
                "chance": 65,
                "item": "vending_food",
                "x": 18,
                "y": 10
            },
            {
                "chance": 65,
                "item": "vending_drink",
                "x": 19,
                "y": 10
            }
        ],
        "place_monsters": [
            {
                "chance": 2,
                "density": 1,
                "monster": "GROUP_FOOTBALL",
                "x": 12,
                "y": 19
            }
        ],
        "rows": [
            "ssssssssssssssssssssssss",
            ".........bb.....ssssssss",
            "................ssssssss",
            "----------------ssssssss",
            "_HtH|__|____^|__________",
            "____|__+_____#__________",
            "____|__|t____#__________",
            "####|__|tc__c#__________",
            "|BB||__|||||||__________",
            "________________________",
            "__________________{{____",
            "||||||||||||||||||||||||",
            "........................",
            "........................",
            "........................",
            "........................",
            "......................C.",
            "gggggggggggggggggggggggg",
            "........................",
            "........................",
            "........................",
            "........................",
            "........................",
            "........................"
        ],
        "terrain": {
            "#": "t_thconc_floor",
            "+": "t_door_metal_c",
            "-": "t_brick_wall",
            ".": "t_grass",
            "B": "t_bars",
            "C": "t_chainfence_posts",
            "H": "t_thconc_floor",
            "^": "t_thconc_floor",
            "_": "t_thconc_floor",
            "b": "t_grass",
            "c": "t_thconc_floor",
            "g": "t_grass_white",
            "s": "t_sidewalk",
            "t": "t_thconc_floor",
            "{": "t_thconc_floor",
            "|": "t_wall"
        }
    },
    "om_terrain": "stadium_1_1",
    "type": "mapgen",
    "weight": 100
}
