{
    "method": "json",
    "object": {
        "furniture": {
            ".": "f_null",
            "_": "f_null",
            "p": "f_null",
            "s": "f_null"
        },
        "rows": [
            "____.....____.....______",
            "____.....____.....______",
            "......................._",
            "......................._",
            "......................._",
            "......................._",
            "......................._",
            "......................._",
            "......................._",
            "......................._",
            ".....p.....p....p......_",
            ".....p.....p....p......_",
            ".....pppppppppppp......_",
            ".....p.....p....p......_",
            ".....p.....p....p......_",
            ".....p.....p....p......_",
            "......................._",
            "......................._",
            "......................._",
            "......................._",
            ".....p....p.....p......_",
            ".....p....p.....p......_",
            ".....p....p.....p......_",
            ".ssssssssssssssssssssss_"
        ],
        "terrain": {
            ".": "t_pavement",
            "_": "t_grass",
            "p": "t_pavement_y",
            "s": "t_sidewalk"
        }
    },
    "om_terrain": "stadium_3_0",
    "type": "mapgen",
    "weight": 100
}
