{
    "method": "json",
    "object": {
        "furniture": {
            " ": "f_null",
            "#": "f_bench",
            "&": "f_sink",
            "+": "f_null",
            "-": "f_null",
            ".": "f_null",
            "C": "f_counter",
            "D": "f_null",
            "T": "f_table",
            "W": "f_washer",
            "^": "f_indoor_plant",
            "_": "f_null",
            "a": "f_chair",
            "c": "f_null",
            "d": "f_dryer",
            "f": "f_fridge",
            "g": "f_null",
            "o": "f_oven",
            "r": "f_null",
            "s": "f_null",
            "t": "f_trashcan",
            "w": "f_null",
            "{": "f_rack",
            "|": "f_null"
        },
        "place_items": [
            {
                "chance": 65,
                "item": "groce_frozen",
                "x": 1,
                "y": 21
            },
            {
                "chance": 55,
                "item": "groce_softdrink",
                "x": 6,
                "y": 21
            },
            {
                "chance": 45,
                "item": "laundry",
                "x": [
                    15,
                    16
                ],
                "y": 7
            },
            {
                "chance": 45,
                "item": "laundry",
                "x": [
                    6,
                    11
                ],
                "y": 4
            },
            {
                "chance": 65,
                "item": "toy_store",
                "x": [
                    13,
                    14
                ],
                "y": 15
            },
            {
                "chance": 65,
                "item": "toy_store",
                "x": 11,
                "y": [
                    14,
                    15
                ]
            },
            {
                "chance": 65,
                "item": "toy_store",
                "x": 15,
                "y": 12
            },
            {
                "chance": 65,
                "item": "coffee_freezer",
                "x": 1,
                "y": [
                    19,
                    20
                ]
            },
            {
                "chance": 65,
                "item": "bar_food",
                "x": 6,
                "y": 14
            },
            {
                "chance": 75,
                "item": "power_tools",
                "x": 4,
                "y": 7
            },
            {
                "chance": 65,
                "item": "barbecue",
                "x": 1,
                "y": [
                    13,
                    14
                ]
            },
            {
                "chance": 55,
                "item": "hand_tools",
                "x": 3,
                "y": 5
            }
        ],
        "place_monsters": [
            {
                "chance": 3,
                "density": 1,
                "monster": "GROUP_ZOMBIE",
                "x": 13,
                "y": 20
            }
        ],
        "rows": [
            "ssssssssssssssssssssssss",
            "__________----__________",
            "_________------_________",
            "_-----------------------",
            "--|&C|dddWWW......|^....",
            "-||..|............+.....",
            "-||..|............|...a.",
            "-||..|t.......aCCC|...T.",
            "-||+||||||||||||||||+|||",
            "-.......................",
            "-.......................",
            "-||+|||...|wwwww||||||||",
            "-o....|...D....C..|_____",
            "-o....|...|....Ca.|_____",
            "-C....C...w{......|_____",
            "-f...aC...w{.{{...|_____",
            "-.....C...|||||||||_____",
            "-.....|...|#c#c#crcggggg",
            "-|..|||...|#c#c#crcgg___",
            "-f....|...|#c#c#crcggg__",
            "-f...aC....ccccccccgg___",
            "-f....C....ccccccccgg___",
            "-C....C...|#c#c#crcggggg",
            "-.....|...|#c#c#crcgg___"
        ],
        "terrain": {
            " ": "t_null",
            "#": "t_concrete",
            "&": "t_thconc_floor",
            "+": "t_door_metal_c",
            "-": "t_brick_wall",
            ".": "t_thconc_floor",
            "C": "t_thconc_floor",
            "D": "t_door_glass_c",
            "T": "t_thconc_floor",
            "W": "t_thconc_floor",
            "^": "t_thconc_floor",
            "_": "t_grass",
            "a": "t_thconc_floor",
            "c": "t_concrete",
            "d": "t_thconc_floor",
            "f": "t_thconc_floor",
            "g": "t_grass_white",
            "o": "t_thconc_floor",
            "r": "t_railing_h",
            "s": "t_sidewalk",
            "t": "t_thconc_floor",
            "w": "t_wall_glass",
            "{": "t_thconc_floor",
            "|": "t_wall"
        }
    },
    "om_terrain": "stadium_0_1",
    "type": "mapgen",
    "weight": 100
}
