{
    "method": "json",
    "object": {
        "furniture": {
            "#": "f_counter",
            "&": "f_toilet",
            "+": "f_null",
            "-": "f_null",
            ".": "f_null",
            "B": "f_bench",
            "S": "f_sink",
            "_": "f_null",
            "b": "f_bench",
            "g": "f_null",
            "s": "f_null",
            "t": "f_trashcan",
            "|": "f_null"
        },
        "place_items": [
            {
                "chance": 65,
                "item": "trash",
                "x": 7,
                "y": 8
            },
            {
                "chance": 65,
                "item": "trash",
                "x": 22,
                "y": 7
            },
            {
                "chance": 65,
                "item": "trash",
                "x": 9,
                "y": 7
            }
        ],
        "place_monsters": [
            {
                "chance": 2,
                "density": 1,
                "monster": "GROUP_FOOTBALL",
                "x": 12,
                "y": 19
            }
        ],
        "rows": [
            "ssssssssssssssssssssssss",
            "ssssssss.BB.............",
            "ssssssss................",
            "ssssssss||||||||||||||||",
            "________|&|&|&|&|&|&|&&|",
            "_______b|_|_|_|_|_|_|__|",
            "_______b|_______|______|",
            "_______b|t__#S#S|S#S#_t|",
            "_______t||+||||||||||+||",
            "_______________________|",
            "_______________________|",
            "------------------------",
            "........................",
            "........................",
            "........................",
            "........................",
            "........................",
            "gggggggggggggggggggggggg",
            "........................",
            "........................",
            "........................",
            "........................",
            "........................",
            "........................"
        ],
        "terrain": {
            "#": "t_thconc_floor",
            "&": "t_thconc_floor",
            "+": "t_door_c",
            "-": "t_wall",
            ".": "t_grass",
            "B": "t_grass",
            "S": "t_thconc_floor",
            "_": "t_thconc_floor",
            "b": "t_thconc_floor",
            "g": "t_grass_white",
            "s": "t_sidewalk",
            "t": "t_thconc_floor",
            "|": "t_brick_wall"
        }
    },
    "om_terrain": "stadium_2_1",
    "type": "mapgen",
    "weight": 100
}
