{
    "method": "json",
    "object": {
        "furniture": {
            "#": "f_bench",
            "&": "f_sink",
            "+": "f_null",
            "-": "f_null",
            ".": "f_null",
            "_": "f_null",
            "b": "f_null",
            "g": "f_null",
            "r": "f_null",
            "s": "f_shower",
            "{": "f_locker",
            "|": "f_null"
        },
        "place_items": [
            {
                "chance": 65,
                "item": "trash",
                "x": 5,
                "y": 6
            },
            {
                "chance": 65,
                "item": "trash",
                "x": 21,
                "y": 4
            },
            {
                "chance": 45,
                "item": "sports",
                "x": 19,
                "y": 22
            },
            {
                "chance": 45,
                "item": "sports",
                "x": [
                    15,
                    16
                ],
                "y": 22
            },
            {
                "chance": 45,
                "item": "sports",
                "x": 3,
                "y": 22
            },
            {
                "chance": 45,
                "item": "sports",
                "x": 17,
                "y": 20
            },
            {
                "chance": 45,
                "item": "sports",
                "x": 10,
                "y": 20
            },
            {
                "chance": 45,
                "item": "sports",
                "x": 3,
                "y": 19
            },
            {
                "chance": 45,
                "item": "sports",
                "x": 4,
                "y": 17
            }
        ],
        "place_monsters": [
            {
                "chance": 3,
                "density": 1,
                "monster": "GROUP_HOUSE",
                "x": 14,
                "y": 13
            }
        ],
        "rows": [
            "________________________",
            "________________________",
            "gggggggggggggggggggggggg",
            "________________________",
            "________________________",
            "________________________",
            "________________________",
            "_____|___|______________",
            "||||||bbbrrrr|||||||||||",
            "........................",
            "........................",
            "........................",
            "||||||...|||||||||||||||",
            ".....|...|.....|s.s.s&|.",
            ".....|...|.....|......|.",
            ".....+...+.....|s....s|.",
            ".....|...|.....||....||.",
            "....#|...|..............",
            "....#|...|..............",
            "....#|...|{.............",
            "....{|...|{....######...",
            "....{|...|{.............",
            "..{{{|...|....{{{{{{{{..",
            "------------------------"
        ],
        "terrain": {
            "#": "t_thconc_floor",
            "&": "t_thconc_floor",
            "+": "t_door_c",
            "-": "t_brick_wall",
            ".": "t_thconc_floor",
            "_": "t_grass",
            "b": "t_bars",
            "g": "t_grass_white",
            "r": "t_reinforced_glass",
            "s": "t_thconc_floor",
            "{": "t_thconc_floor",
            "|": "t_wall"
        }
    },
    "om_terrain": "stadium_2_4",
    "type": "mapgen",
    "weight": 100
}
