{
    "method": "json",
    "object": {
        "furniture": {
            "#": "f_bench",
            "&": "f_toilet",
            "+": "f_null",
            "-": "f_null",
            ".": "f_null",
            "5": "f_ergometer",
            "C": "f_counter",
            "D": "f_null",
            "L": "f_treadmill",
            "S": "f_sink",
            "T": "f_trashcan",
            "_": "f_null",
            "a": "f_chair",
            "c": "f_null",
            "d": "f_null",
            "g": "f_null",
            "o": "f_oven",
            "r": "f_null",
            "s": "f_null",
            "t": "f_table",
            "w": "f_null",
            "{": "f_fridge",
            "|": "f_null"
        },
        "place_items": [
            {
                "chance": 65,
                "item": "groce_frozen",
                "x": 22,
                "y": 21
            },
            {
                "chance": 55,
                "item": "groce_softdrink",
                "x": 17,
                "y": 20
            },
            {
                "chance": 65,
                "item": "trash",
                "x": 10,
                "y": 22
            },
            {
                "chance": 65,
                "item": "trash",
                "x": 19,
                "y": 12
            },
            {
                "chance": 65,
                "item": "trash",
                "x": 6,
                "y": 11
            },
            {
                "chance": 65,
                "item": "trash",
                "x": 14,
                "y": 7
            },
            {
                "chance": 65,
                "item": "trash",
                "x": 12,
                "y": 7
            },
            {
                "chance": 55,
                "item": "bowling_food",
                "x": 22,
                "y": 19
            },
            {
                "chance": 55,
                "item": "bowling_food",
                "x": 22,
                "y": 15
            },
            {
                "chance": 55,
                "item": "bowling_food",
                "x": 17,
                "y": 15
            }
        ],
        "place_monsters": [
            {
                "chance": 3,
                "density": 1,
                "monster": "GROUP_HOUSE",
                "x": 14,
                "y": 13
            }
        ],
        "place_toilets": [
            {
                "x": 5,
                "y": 4
            },
            {
                "x": 7,
                "y": 4
            },
            {
                "x": 9,
                "y": 4
            },
            {
                "x": 14,
                "y": 4
            },
            {
                "x": 16,
                "y": 4
            },
            {
                "x": 18,
                "y": 4
            },
            {
                "x": 20,
                "y": 4
            },
            {
                "x": 22,
                "y": 4
            }
        ],
        "place_vehicles": [
            {
                "chance": 3,
                "fuel": 3,
                "rotation": 270,
                "status": -1,
                "vehicle": "ice_cream_cart",
                "x": 10,
                "y": 11
            }
        ],
        "rows": [
            "ssssssssssssssssssssssss",
            "__________----__________",
            "_________------_________",
            "------------------------",
            "LLLL|&|&|&|&&|&|&|&|&|&-",
            "...L|.|.|.|..|.|.|.|.|.-",
            ".5.L|........|.........-",
            "....|SSCSC..T|T..CSCSCS-",
            "w++w|||||||d|||d|||||||-",
            ".......................-",
            ".......................-",
            "||||||a..........||||D|-",
            "_____wt..........|.....-",
            "_____wa..........Ca....-",
            "_____w...........C.....-",
            "_____wata.ata....C....o-",
            "_____|||||||||...|....o-",
            "gggggcrc#c#c#|...|....o-",
            "____gcrc#c#c#|...C....o-",
            "___ggcrc#c#c#|...Ca...C-",
            "____gcccccccc....C....S-",
            "___ggcccccccc....|....{-",
            "____gcrc#c#c#|...|.....-",
            "___ggcrc#c#c#|...|.....-"
        ],
        "terrain": {
            "#": "t_concrete",
            "&": "t_thconc_floor",
            "+": "t_door_glass_c",
            "-": "t_brick_wall",
            ".": "t_thconc_floor",
            "5": "t_thconc_floor",
            "C": "t_thconc_floor",
            "D": "t_door_metal_c",
            "L": "t_thconc_floor",
            "S": "t_thconc_floor",
            "T": "t_thconc_floor",
            "_": "t_grass",
            "a": "t_thconc_floor",
            "c": "t_concrete",
            "d": "t_door_c",
            "g": "t_grass_white",
            "o": "t_thconc_floor",
            "r": "t_railing_v",
            "s": "t_sidewalk",
            "t": "t_thconc_floor",
            "w": "t_wall_glass",
            "{": "t_thconc_floor",
            "|": "t_wall"
        }
    },
    "om_terrain": "stadium_3_1",
    "type": "mapgen",
    "weight": 100
}
