{
    "method": "json",
    "object": {
        "add": [
            {
                "item": "football",
                "repeat": 1,
                "x": 3,
                "y": 5
            },
            {
                "item": "cleats",
                "repeat": 1,
                "x": 16,
                "y": 17
            }
        ],
        "furniture": {
            ".": "f_null"
        },
        "place_monsters": [
            {
                "chance": 2,
                "density": 1,
                "monster": "GROUP_FOOTBALL",
                "x": 11,
                "y": 12
            }
        ],
        "rows": [
            "........................",
            "........................",
            "........................",
            "........................",
            "........................",
            "........................",
            "........................",
            "........................",
            "........................",
            "........................",
            "........................",
            "........................",
            "........................",
            "........................",
            "........................",
            "........................",
            "........................",
            "........................",
            "........................",
            "........................",
            "........................",
            "........................",
            "........................",
            "........................"
        ],
        "terrain": {
            ".": "t_grass"
        }
    },
    "om_terrain": "stadium_1_2",
    "type": "mapgen",
    "weight": 100
}
