{
    "method": "json",
    "object": {
        "furniture": {
            "#": "f_bench",
            "&": "f_trashcan",
            "+": "f_null",
            "-": "f_null",
            ".": "f_null",
            "6": "f_arcade_machine",
            "7": "f_pinball_machine",
            "G": "f_null",
            "_": "f_null",
            "b": "f_bench",
            "c": "f_counter",
            "g": "f_null",
            "l": "f_locker",
            "r": "f_null",
            "w": "f_null",
            "{": "f_vending_c",
            "|": "f_null"
        },
        "place_items": [
            {
                "chance": 45,
                "item": "jackets",
                "x": 5,
                "y": [
                    3,
                    4
                ]
            },
            {
                "chance": 45,
                "item": "jackets",
                "x": 5,
                "y": 1
            },
            {
                "chance": 65,
                "item": "alcohol",
                "x": 1,
                "y": [
                    3,
                    4
                ]
            },
            {
                "chance": 45,
                "item": "toy_store",
                "x": 2,
                "y": 14
            },
            {
                "chance": 45,
                "item": "toy_store",
                "x": 4,
                "y": 10
            },
            {
                "chance": 55,
                "item": "bags",
                "x": 5,
                "y": 2
            },
            {
                "chance": 45,
                "item": "trash",
                "x": 15,
                "y": 21
            },
            {
                "chance": 45,
                "item": "trash",
                "x": 5,
                "y": 19
            },
            {
                "chance": 45,
                "item": "trash",
                "x": 14,
                "y": 15
            },
            {
                "chance": 45,
                "item": "trash",
                "x": 11,
                "y": [
                    12,
                    13
                ]
            },
            {
                "chance": 45,
                "item": "trash",
                "x": 1,
                "y": 7
            },
            {
                "chance": 45,
                "item": "trash",
                "x": 13,
                "y": 5
            },
            {
                "chance": 45,
                "item": "trash",
                "x": 9,
                "y": 3
            }
        ],
        "place_monsters": [
            {
                "chance": 3,
                "density": 1,
                "monster": "GROUP_MALL",
                "x": 14,
                "y": 13
            },
            {
                "chance": 4,
                "density": 1,
                "monster": "GROUP_ARCADE",
                "x": 3,
                "y": 13
            }
        ],
        "rows": [
            "-.....|...|#_#_#_r_GGggg",
            "-....l|..{|#_#_#_r_Ggggg",
            "-c...l|..{|#_#_#_r_GGggg",
            "-c...l|..&|#_#_#_r_Ggggg",
            "-{...l|..{|#_#_#_r_GGggg",
            "-||+|||..{|#_#_#_r_Ggggg",
            "-.........|#_#_#_r_GGggg",
            "-&........|#_#_#_r_Ggggg",
            "-||..||...|#_#_#_r_GGggg",
            "-6....w....________Ggggg",
            "-6....w....________GGggg",
            "-..66.w...|#_#_#_r_Ggggg",
            "-6....|..bw#_#_#_r_GGggg",
            "-6.......bw#_#_#_r_Ggggg",
            "-6.......bw#_#_#_r_GGggg",
            "-6.......bw#_#_#_r_Ggggg",
            "-6........|#_#_#_r_GGggg",
            "-...6.|....________Ggggg",
            "-7....w....________GGggg",
            "-7...&w...|#_#_#_r_Ggggg",
            "-||..||...|#_#_#_r_GGggg",
            "-.........|#_#_#_r_Ggggg",
            "-.........|#_#_#_r_GGggg",
            "-.........|#_#_#_r_Ggggg"
        ],
        "terrain": {
            "#": "t_concrete",
            "&": "t_thconc_floor",
            "+": "t_door_metal_c",
            "-": "t_brick_wall",
            ".": "t_thconc_floor",
            "6": "t_thconc_floor",
            "7": "t_thconc_floor",
            "G": "t_grass_white",
            "_": "t_concrete",
            "b": "t_thconc_floor",
            "c": "t_thconc_floor",
            "g": "t_grass",
            "l": "t_thconc_floor",
            "r": "t_railing_v",
            "w": "t_wall_glass",
            "{": "t_thconc_floor",
            "|": "t_wall"
        }
    },
    "om_terrain": "stadium_0_3",
    "type": "mapgen",
    "weight": 100
}
