{
    "method": "json",
    "object": {
        "furniture": {
            "#": "f_bench",
            "&": "f_sink",
            "+": "f_null",
            "-": "f_null",
            ".": "f_null",
            "C": "f_chair",
            "G": "f_null",
            "R": "f_null",
            "T": "f_toilet",
            "_": "f_null",
            "b": "f_bench",
            "c": "f_counter",
            "d": "f_null",
            "g": "f_null",
            "r": "f_null",
            "t": "f_table",
            "{": "f_locker",
            "|": "f_null"
        },
        "place_items": [
            {
                "chance": 75,
                "item": "bar_alcohol",
                "x": 15,
                "y": 22
            },
            {
                "chance": 75,
                "item": "bar_alcohol",
                "x": 11,
                "y": 21
            },
            {
                "chance": 75,
                "item": "bar_alcohol",
                "x": [
                    17,
                    18
                ],
                "y": 17
            },
            {
                "chance": 75,
                "item": "bar_alcohol",
                "x": 16,
                "y": [
                    13,
                    17
                ]
            },
            {
                "chance": 65,
                "item": "trash",
                "x": 10,
                "y": 7
            },
            {
                "chance": 65,
                "item": "trash",
                "x": 5,
                "y": 6
            },
            {
                "chance": 45,
                "item": "sports",
                "x": 4,
                "y": [
                    20,
                    22
                ]
            },
            {
                "chance": 45,
                "item": "sports",
                "x": 2,
                "y": 18
            },
            {
                "chance": 45,
                "item": "sports",
                "x": 4,
                "y": [
                    17,
                    18
                ]
            },
            {
                "chance": 45,
                "item": "sports",
                "x": 4,
                "y": 14
            },
            {
                "chance": 45,
                "item": "sports",
                "x": 3,
                "y": 13
            },
            {
                "chance": 65,
                "item": "bar_food",
                "x": 21,
                "y": 21
            },
            {
                "chance": 65,
                "item": "bar_food",
                "x": 15,
                "y": 21
            },
            {
                "chance": 45,
                "item": "shoes",
                "x": 4,
                "y": 19
            },
            {
                "chance": 45,
                "item": "shoes",
                "x": 4,
                "y": 15
            }
        ],
        "place_monsters": [
            {
                "chance": 3,
                "density": 1,
                "monster": "GROUP_HOUSE",
                "x": 14,
                "y": 13
            }
        ],
        "place_toilets": [
            {
                "x": 18,
                "y": 2
            },
            {
                "x": 22,
                "y": 2
            }
        ],
        "rows": [
            "ggggG_R_b_b_b|.........-",
            "gggGG_R_b_b_b|...||||||-",
            "GGGGG________....|T|||T-",
            "ggggG________....|+|||+-",
            "ggggG_R_b_b_b|...|..|..-",
            "gggGG_R_b_b_b|...|&.|.&-",
            "ggggG_R_b_b_b|...|c.|.c-",
            "gggGG_R_b_b_b|...|c.|.c-",
            "|||||||rrrrrr|...||+|+|-",
            ".......................-",
            ".......................-",
            ".......................-",
            "||||||...||dd|rrrrr||||-",
            "..{{{|...|.....Cc......-",
            "....{|...d.....Cc....|.-",
            "..#.{|...d.....Cc..c.|&-",
            "..#.{|...|.....Cc..&.||-",
            "..#.{|...r.....Ccccc...-",
            "..#.{|...r.CtC...CC....-",
            "..#.{|...r.............-",
            "..#.{|...r.............-",
            "..#.{|...r#t#|#t#|#t|t#-",
            "....{|...|#t#|#t#|#t|t#-",
            "------------------------"
        ],
        "terrain": {
            "#": "t_thconc_floor",
            "&": "t_thconc_floor",
            "+": "t_door_c",
            "-": "t_brick_wall",
            ".": "t_thconc_floor",
            "C": "t_thconc_floor",
            "G": "t_grass_white",
            "R": "t_railing_v",
            "T": "t_thconc_floor",
            "_": "t_concrete",
            "b": "t_concrete",
            "c": "t_thconc_floor",
            "d": "t_door_glass_c",
            "g": "t_grass",
            "r": "t_reinforced_glass",
            "t": "t_thconc_floor",
            "{": "t_thconc_floor",
            "|": "t_wall"
        }
    },
    "om_terrain": "stadium_3_4",
    "type": "mapgen",
    "weight": 100
}
