{
    "method": "json",
    "object": {
        "furniture": {
            ".": "f_null"
        },
        "place_items": [
            {
                "chance": 45,
                "item": "trash",
                "x": 4,
                "y": 12
            }
        ],
        "place_monsters": [
            {
                "chance": 2,
                "density": 1,
                "monster": "GROUP_FOOTBALL",
                "x": 11,
                "y": 12
            }
        ],
        "rows": [
            "........................",
            "........................",
            "........................",
            "........................",
            "........................",
            "........................",
            "........................",
            "........................",
            "........................",
            "........................",
            "........................",
            "........................",
            "........................",
            "........................",
            "........................",
            "........................",
            "........................",
            "........................",
            "........................",
            "........................",
            "........................",
            "........................",
            "........................",
            "........................"
        ],
        "terrain": {
            ".": "t_grass"
        }
    },
    "om_terrain": "stadium_2_3",
    "type": "mapgen",
    "weight": 100
}
