{
    "method": "json",
    "object": {
        "furniture": {
            "#": "f_bench",
            "&": "f_toilet",
            "+": "f_null",
            "-": "f_null",
            ".": "f_null",
            "S": "f_sink",
            "T": "f_trashcan",
            "_": "f_null",
            "b": "f_null",
            "c": "f_counter",
            "g": "f_null",
            "r": "f_null",
            "s": "f_shower",
            "t": "f_table",
            "{": "f_locker",
            "|": "f_null"
        },
        "place_items": [
            {
                "chance": 65,
                "item": "trash",
                "x": 2,
                "y": 16
            },
            {
                "chance": 65,
                "item": "trash",
                "x": 8,
                "y": 14
            },
            {
                "chance": 65,
                "item": "trash",
                "x": 13,
                "y": 7
            },
            {
                "chance": 65,
                "item": "trash",
                "x": 20,
                "y": 6
            },
            {
                "chance": 45,
                "item": "sports",
                "x": 19,
                "y": 22
            },
            {
                "chance": 45,
                "item": "sports",
                "x": [
                    15,
                    16
                ],
                "y": 22
            },
            {
                "chance": 45,
                "item": "sports",
                "x": 17,
                "y": 20
            },
            {
                "chance": 45,
                "item": "sports",
                "x": 10,
                "y": 20
            },
            {
                "chance": 45,
                "item": "sports",
                "x": 10,
                "y": 17
            },
            {
                "chance": 45,
                "item": "sports",
                "x": 10,
                "y": 14
            },
            {
                "chance": 5,
                "item": "guns_pistol_common",
                "x": 10,
                "y": 19
            }
        ],
        "place_monsters": [
            {
                "chance": 3,
                "density": 1,
                "monster": "GROUP_HOUSE",
                "x": 14,
                "y": 13
            },
            {
                "chance": 2,
                "density": 1,
                "monster": "GROUP_FOOTBALL",
                "x": 13,
                "y": 1
            }
        ],
        "place_toilets": [
            {
                "x": 2,
                "y": 22
            },
            {
                "x": 4,
                "y": 22
            },
            {
                "x": 6,
                "y": 22
            },
            {
                "x": 8,
                "y": 22
            }
        ],
        "rows": [
            "________________________",
            "________________________",
            "gggggggggggggggggggggggg",
            "________________________",
            "________________________",
            "________________________",
            "________________________",
            "_____|___|______________",
            "||||||bbbrrrr|||||||||||",
            "........................",
            "........................",
            "........................",
            "...##....|||||||||||||||",
            "...tt....|{....|s.s.sS|.",
            "...##...T|{.#..|......|.",
            ".........|{.#..|s....s|.",
            "..T......|{.#..||....||.",
            ".|||+|+|||{.#...........",
            ".|S..|..S|{.#...........",
            ".|c..|..c|{.#...........",
            ".|...|...|{.#..######...",
            ".|+|+|+|+|{.............",
            ".|&|&|&|&|....{{{{{{{{..",
            "------------------------"
        ],
        "terrain": {
            "#": "t_thconc_floor",
            "&": "t_thconc_floor",
            "+": "t_door_c",
            "-": "t_brick_wall",
            ".": "t_thconc_floor",
            "S": "t_thconc_floor",
            "T": "t_thconc_floor",
            "_": "t_grass",
            "b": "t_bars",
            "c": "t_thconc_floor",
            "g": "t_grass_white",
            "r": "t_reinforced_glass",
            "s": "t_thconc_floor",
            "t": "t_thconc_floor",
            "{": "t_thconc_floor",
            "|": "t_wall"
        }
    },
    "om_terrain": "stadium_1_4",
    "type": "mapgen",
    "weight": 100
}
