{
    "method": "json",
    "object": {
        "furniture": {
            "#": "f_bench",
            "&": "f_trashcan",
            "+": "f_null",
            "-": "f_null",
            ".": "f_null",
            "C": "f_chair",
            "G": "f_null",
            "_": "f_null",
            "a": "f_glass_fridge",
            "c": "f_counter",
            "f": "f_fridge",
            "g": "f_null",
            "o": "f_oven",
            "r": "f_null",
            "s": "f_sink",
            "t": "f_table",
            "v": "f_vending_c",
            "w": "f_null",
            "{": "f_locker",
            "|": "f_null"
        },
        "place_items": [
            {
                "chance": 45,
                "item": "jackets",
                "x": 5,
                "y": [
                    3,
                    4
                ]
            },
            {
                "chance": 45,
                "item": "jackets",
                "x": 5,
                "y": 1
            },
            {
                "chance": 65,
                "item": "fast_fridge",
                "x": 1,
                "y": 19
            },
            {
                "chance": 75,
                "item": "fast_kitchen",
                "x": 1,
                "y": 21
            },
            {
                "chance": 75,
                "item": "fast_kitchen",
                "x": 1,
                "y": 18
            },
            {
                "chance": 25,
                "item": "clothing_watch",
                "x": 13,
                "y": 5
            },
            {
                "chance": 35,
                "item": "bowling_trash",
                "x": 15,
                "y": 21
            },
            {
                "chance": 35,
                "item": "bowling_trash",
                "x": 11,
                "y": 15
            },
            {
                "chance": 75,
                "item": "restaur_fridge",
                "x": 1,
                "y": 12
            },
            {
                "chance": 55,
                "item": "bags",
                "x": 5,
                "y": 2
            },
            {
                "chance": 25,
                "item": "light_reading",
                "x": 9,
                "y": 14
            },
            {
                "chance": 25,
                "item": "light_reading",
                "x": 6,
                "y": 11
            },
            {
                "chance": 65,
                "item": "fridgesnacks",
                "x": 1,
                "y": 13
            },
            {
                "chance": 5,
                "item": "stoner",
                "x": 11,
                "y": 22
            },
            {
                "chance": 45,
                "item": "sports",
                "x": 18,
                "y": 15
            },
            {
                "chance": 45,
                "item": "trash",
                "x": 5,
                "y": 18
            },
            {
                "chance": 45,
                "item": "trash",
                "x": 5,
                "y": 15
            },
            {
                "chance": 45,
                "item": "trash",
                "x": 15,
                "y": 13
            },
            {
                "chance": 45,
                "item": "trash",
                "x": 12,
                "y": 9
            },
            {
                "chance": 45,
                "item": "trash",
                "x": 1,
                "y": 7
            },
            {
                "chance": 45,
                "item": "trash",
                "x": 11,
                "y": 2
            }
        ],
        "place_monsters": [
            {
                "chance": 3,
                "density": 1,
                "monster": "GROUP_MALL",
                "x": 8,
                "y": 9
            },
            {
                "chance": 4,
                "density": 0,
                "monster": "GROUP_FOOTBALL",
                "x": 21,
                "y": 10
            }
        ],
        "rows": [
            "-.....|...|#_#_#_r_GGggg",
            "-....{|...|#_#_#_r_Ggggg",
            "-c...{|...w#_#_#_r_GGggg",
            "-c...{|..Cw#_#_#_r_Ggggg",
            "-v...{|..tw#_#_#_r_GGggg",
            "-||+|||..Cw#_#_#_r_Ggggg",
            "-.........w#_#_#_r_GGggg",
            "-&........|#_#_#_r_Ggggg",
            "-||+|||...|#_#_#_r_GGggg",
            "-c....|....________Ggggg",
            "-s....|....________GGggg",
            "-c....c...|#_#_#_r_Ggggg",
            "-f...Cc..&w#_#_#_r_GGggg",
            "-f....c..Cw#_#_#_r_Ggggg",
            "-o....c..tw#_#_#_r_GGggg",
            "-....&|..Cw#_#_#_r_Ggggg",
            "-.....|...|#_#_#_r_GGggg",
            "-|..|||....________Ggggg",
            "-c...&|....________GGggg",
            "-a....|...|#_#_#_r_Ggggg",
            "-o....c...|#_#_#_r_GGggg",
            "-c....c...|#_#_#_r_Ggggg",
            "-.....c...|#_#_#_r_GGggg",
            "-....C|...|#_#_#_r_Ggggg"
        ],
        "terrain": {
            "#": "t_concrete",
            "&": "t_thconc_floor",
            "+": "t_door_metal_c",
            "-": "t_brick_wall",
            ".": "t_thconc_floor",
            "C": "t_thconc_floor",
            "G": "t_grass_white",
            "_": "t_concrete",
            "a": "t_thconc_floor",
            "c": "t_thconc_floor",
            "f": "t_thconc_floor",
            "g": "t_grass",
            "o": "t_thconc_floor",
            "r": "t_railing_v",
            "s": "t_thconc_floor",
            "t": "t_thconc_floor",
            "v": "t_thconc_floor",
            "w": "t_wall_glass",
            "{": "t_thconc_floor",
            "|": "t_wall"
        }
    },
    "om_terrain": "stadium_0_2",
    "type": "mapgen",
    "weight": 100
}
