{
    "method": "json",
    "object": {
        "furniture": {
            "#": "f_bench",
            "&": "f_trashcan",
            "+": "f_null",
            "-": "f_null",
            ".": "f_null",
            "C": "f_chair",
            "G": "f_null",
            "R": "f_null",
            "_": "f_null",
            "c": "f_counter",
            "g": "f_null",
            "o": "f_oven",
            "r": "f_null",
            "s": "f_sink",
            "t": "f_table",
            "{": "f_fridge",
            "|": "f_null"
        },
        "place_items": [
            {
                "chance": 55,
                "item": "bar_fridge",
                "x": 22,
                "y": [
                    17,
                    18
                ]
            },
            {
                "chance": 55,
                "item": "bar_fridge",
                "x": 17,
                "y": 13
            },
            {
                "chance": 65,
                "item": "bowling_fridge",
                "x": 22,
                "y": 3
            },
            {
                "chance": 65,
                "item": "trash",
                "x": 5,
                "y": 17
            },
            {
                "chance": 65,
                "item": "trash",
                "x": 8,
                "y": 15
            },
            {
                "chance": 65,
                "item": "trash",
                "x": 12,
                "y": 12
            },
            {
                "chance": 65,
                "item": "trash",
                "x": 10,
                "y": 7
            },
            {
                "chance": 65,
                "item": "trash",
                "x": 5,
                "y": 6
            },
            {
                "chance": 55,
                "item": "bowling_food",
                "x": 18,
                "y": 6
            },
            {
                "chance": 55,
                "item": "bowling_food",
                "x": 18,
                "y": 4
            },
            {
                "chance": 65,
                "item": "bar_food",
                "x": 17,
                "y": 19
            }
        ],
        "place_monsters": [
            {
                "chance": 3,
                "density": 1,
                "monster": "GROUP_HOUSE",
                "x": 14,
                "y": 13
            }
        ],
        "rows": [
            "ggggG_r_#_#_#|...|.....-",
            "gggGG_r_#_#_#|...|.....-",
            "ggggG________....|c...{-",
            "gggGG________....|c...{-",
            "ggggG_r_#_#_#|...|c....-",
            "gggGG_r_#_#_#R...|c....-",
            "ggggG_r_#_#_#RC..|c....-",
            "gggGG_r_#_#_#Rt..|c...&-",
            "ggggG_r_#_#_#RC..||||+|-",
            "gggGG_r_#_#_#R.........-",
            "ggggG_r_#_#_#RC........-",
            "gggGG_r_#_#_#Rt..||||+|-",
            "ggggG_r_#_#_#RC..|&....-",
            "gggGG_r_#_#_#R...cC....-",
            "ggggG_r_#_#_#RC..c.....-",
            "gggGG_r_#_#_#Rt..c....o-",
            "ggggG_r_#_#_#RC..|....o-",
            "gggGG_r_#_#_#R...|....{-",
            "ggggG_r_#_#_#R...c....{-",
            "gggGG_r_#_#_#|...cC...c-",
            "ggggG________....c....s-",
            "gggGG________....||||||-",
            "ggggG_r_#_#_#|...|.....-",
            "gggGG_r_#_#_#|...|.....-"
        ],
        "terrain": {
            "#": "t_concrete",
            "&": "t_thconc_floor",
            "+": "t_door_metal_c",
            "-": "t_brick_wall",
            ".": "t_thconc_floor",
            "C": "t_thconc_floor",
            "G": "t_grass_white",
            "R": "t_reinforced_glass",
            "_": "t_concrete",
            "c": "t_thconc_floor",
            "g": "t_grass",
            "o": "t_thconc_floor",
            "r": "t_railing_v",
            "s": "t_thconc_floor",
            "t": "t_thconc_floor",
            "{": "t_thconc_floor",
            "|": "t_wall"
        }
    },
    "om_terrain": "stadium_3_2",
    "type": "mapgen",
    "weight": 100
}
