{
    "method": "json",
    "object": {
        "furniture": {
            "#": "f_bench",
            "&": "f_trashcan",
            ".": "f_null",
            "_": "f_null",
            "g": "f_null",
            "p": "f_null"
        },
        "place_items": [
            {
                "chance": 65,
                "item": "trash",
                "x": 6,
                "y": 20
            }
        ],
        "rows": [
            "gggg.....gggg.....gggggg",
            "gggg.....gggg.....gggggg",
            "........................",
            "........................",
            "........................",
            "........................",
            "........................",
            "...............p....p...",
            "...............p....p...",
            "...............p....p...",
            "...............pppppp...",
            "...............p....p...",
            "...............p....p...",
            "...............p....p...",
            "........................",
            "........................",
            "________................",
            "________................",
            "______#_................",
            "______#_................",
            "______&_....p....p......",
            "________....p....p......",
            "________....p....p......",
            "________________________"
        ],
        "terrain": {
            "#": "t_sidewalk",
            "&": "t_sidewalk",
            ".": "t_pavement",
            "_": "t_sidewalk",
            "g": "t_grass",
            "p": "t_pavement_y"
        }
    },
    "om_terrain": "stadium_2_0",
    "type": "mapgen",
    "weight": 100
}
