{
    "method": "json",
    "object": {
        "furniture": {
            "#": "f_bench",
            "&": "f_trashcan",
            "+": "f_null",
            "-": "f_null",
            ".": "f_null",
            "6": "f_null",
            "C": "f_counter",
            "D": "f_dumpster",
            "G": "f_null",
            "H": "f_ladder",
            "_": "f_null",
            "a": "f_null",
            "b": "f_bench",
            "c": "f_chair",
            "d": "f_null",
            "g": "f_null",
            "r": "f_null",
            "t": "f_table",
            "w": "f_null",
            "{": "f_locker",
            "|": "f_null"
        },
        "place_items": [
            {
                "chance": 55,
                "item": "clothing_work_gloves",
                "x": 19,
                "y": 13
            },
            {
                "chance": 35,
                "item": "snacks",
                "x": 5,
                "y": 2
            },
            {
                "chance": 45,
                "item": "trash",
                "x": 1,
                "y": 21
            },
            {
                "chance": 45,
                "item": "trash",
                "x": 2,
                "y": [
                    19,
                    20
                ]
            },
            {
                "chance": 45,
                "item": "trash",
                "x": [
                    14,
                    15
                ],
                "y": 13
            },
            {
                "chance": 45,
                "item": "trash",
                "x": 17,
                "y": 9
            },
            {
                "chance": 45,
                "item": "trash",
                "x": 11,
                "y": 7
            },
            {
                "chance": 45,
                "item": "trash",
                "x": 2,
                "y": 7
            },
            {
                "chance": 45,
                "item": "trash",
                "x": 13,
                "y": 5
            },
            {
                "chance": 45,
                "item": "trash",
                "x": 11,
                "y": 1
            },
            {
                "chance": 45,
                "item": "trash",
                "x": 1,
                "y": 1
            },
            {
                "chance": 45,
                "item": "hardware",
                "x": [
                    16,
                    19
                ],
                "y": 22
            },
            {
                "chance": 45,
                "item": "hardware",
                "x": 1,
                "y": [
                    13,
                    14
                ]
            }
        ],
        "place_monster": [
            {
                "monster": "mon_zombie_technician",
                "x": 13,
                "y": 15
            }
        ],
        "place_monsters": [
            {
                "chance": 5,
                "density": 1,
                "monster": "GROUP_MALL",
                "x": 4,
                "y": 4
            },
            {
                "chance": 4,
                "density": 1,
                "monster": "GROUP_MALL",
                "x": 14,
                "y": 3
            }
        ],
        "rows": [
            "-.........|#_#_#_r_GGggg",
            "-&...bb...|#_#_#_r_Ggggg",
            "-....tt...w#_#_#_r_GGggg",
            "-btb.bb...w#_#_#_r_Ggggg",
            "-btb......w#_#_#_r_GGggg",
            "-.........w#_#_#_r_Ggggg",
            "-btb.bt...w#_#_#_r_GGggg",
            "-btb.bt...|#_#_#_r_Ggggg",
            "-||||||...||wwww||||||||",
            "-..........bbbbbb&......",
            "-.......................",
            "-.......................",
            "-||d|||||||||||||||||...",
            "-{............DD|c.{|b..",
            "-...............|..C|b..",
            "-...............|a|||b..",
            "-..................t|b..",
            "-...................|...",
            "-H..................|...",
            "-&&.................|...",
            "-&&.................d...",
            "-&&.................|...",
            "-&&...6.........{{tt|...",
            "-------++++++-----------"
        ],
        "terrain": {
            "#": "t_concrete",
            "&": "t_thconc_floor",
            "+": "t_door_metal_locked",
            "-": "t_brick_wall",
            ".": "t_thconc_floor",
            "6": "t_gates_mech_control",
            "C": "t_thconc_floor",
            "D": "t_thconc_floor",
            "G": "t_grass_white",
            "H": "t_thconc_floor",
            "_": "t_concrete",
            "a": "t_door_c",
            "b": "t_thconc_floor",
            "c": "t_thconc_floor",
            "d": "t_door_metal_c",
            "g": "t_grass",
            "r": "t_railing_v",
            "t": "t_thconc_floor",
            "w": "t_wall_glass",
            "{": "t_thconc_floor",
            "|": "t_wall"
        }
    },
    "om_terrain": "stadium_0_4",
    "type": "mapgen",
    "weight": 100
}
