[
  {
    "type": "profession",
    "ident": "can_sur",
    "name": "罐头幸存者",
    "description": "你是一个非常忙碌的人. 这就是为什么你制作了一罐罐罐装必需品,并为之忙碌一整天. 现在这是你唯一想做的事情.",
    "points": 1,
    "items": {
      "both": [
        "longshirt",
        "jacket_light",
        "runner_bag",
        "wristwatch",
        "surcan"
      ],
      "male": [
        "boxer_shorts",
        "socks_wool",
        "pants",
        "boots"
      ],
      "female": [
        "bra",
        "panties",
        "stockings",
        "skirt",
        "knee_high_boots"
      ]
    }
  },
  {
    "type": "profession",
    "ident": "pri-sur",
    "name": "原始生存主义者",
    "description": "你知道这一天会到来,这一天都是狗屁.你准备好了,不是用装备,而是纯粹的技巧;那些在树林里的日子都有了回报,如果你没有祖先留存的这些经验,估计你早就挂了",
    "points": 6,
    "skills": [
      {
        "level": 5,
        "name": "survival"
      },
      {
        "level": 3,
        "name": "archery"
      },
      {
        "level": 3,
        "name": "gun"
      },
      {
        "level": 3,
        "name": "fabrication"
      },
      {
        "level": 3,
        "name": "cooking"
      },
      {
        "level": 2,
        "name": "unarmed"
      },
      {
        "level": 2,
        "name": "melee"
      },
      {
        "level": 2,
        "name": "tailor"
      },
      {
        "level": 2,
        "name": "firstaid"
      },
      {
        "level": 1,
        "name": "mechanics"
      },
      {
        "level": 1,
        "name": "swimming"
      }
    ],
    "items": {
      "both": [
        "jeans",
        "longshirt",
        "socks",
        "coat_winter",
        "boots_winter",
        "knit_scarf",
        "pockknife",
        "water_clean",
        "matches"
      ],
      "male": [
        "boxer_shorts"
      ],
      "female": [
        "bra",
        "panties"
      ]
    }
  },
  {
    "type": "profession",
    "ident": "prepper",
    "name": "生存狂",
    "description": "你对世界末日如此偏执,所以你跟着生存狂的步伐.你读了一本关于生存的书,给自己买了一把枪和一些装备.但这种灾难并不是你所期望的.",
    "points": 5,
    "skills": [
      {
        "level": 3,
        "name": "rifle"
      },
      {
        "level": 2,
        "name": "gun"
      },
      {
        "level": 1,
        "name": "survival"
      }
    ],
    "items": {
      "both": [
        "socks",
        "army_top",
        "hat_boonie",
        "wearable_light",
        "balclava",
        "binoculars",
        "gloves_tactical",
        "pants_army",
        "boots_steel",
        "jacket_army",
        "molle_pack",
        "canteen",
        "scabbard",
        "knife_rambo",
        "ref_lighter",
        "crowbar",
        "mre_beef_box",
        "mil_surp_pack_2"
      ],
      "male": [
        "boxer_shorts"
      ],
      "female": [
        "sports_bra",
        "boxer_shorts"
      ]
    }
  },
  {
    "type": "profession",
    "ident": "waken",
    "name": "觉醒者",
    "description": "你在半夜被噪音吵醒了.你自己带着手电筒去调查,而现在你面对的不是小贼,而是大灾难.",
    "points": 0,
    "items": {
      "both": [
        "slippers",
        "flashlight"
      ],
      "male": [
        "boxer_shorts",
        "socks",
        "house_coat"
      ],
      "female": [
        "bra",
        "panties",
        "stockings",
        "gown"
      ]
    }
  },
  {
    "type": "profession",
    "ident": "bio_cyclist",
    "name": "仿生自行车运动员",
    "description": "你为网络奥林匹克自行车比赛而进行的锻炼,让你有机会逃离大灾难最初的几天.但是你能一直跑下去吗?",
    "points": 6,
    "CBMs": [
      "bio_str_enhancer",
      "bio_adrenaline",
      "bio_hydraulics",
      "bio_metabolics",
      "bio_power_storage_mkII"
    ],
    "skills": [
      {
        "level": 3,
        "name": "driving"
      },
      {
        "level": 2,
        "name": "dodge"
      }
    ],
    "items": {
      "both": [
        "helmet_bike",
        "folding_bicycle",
        "under_armor_shorts",
        "under_armor",
        "socks",
        "sneakers",
        "protein_drink",
        "fanny",
        "fancy_sunglasses"
      ],
      "male": [
        "briefs"
      ],
      "female": [
        "panties",
        "sports_bra"
      ]
    }
  },
  {
    "type": "profession",
    "ident": "welder",
    "name": "焊工",
    "description": "在大灾变之前,你曾在一家境外公司当焊工.在回家的路上却遇到了末日降临.至少你还有你的手艺和工具.",
    "points": 4,
    "skills": [
      {
        "level": 1,
        "name": "mechanics"
      }
    ],
    "items": {
      "both": [
        "socks",
        "wearable_light",
        "goggles_welding",
        "jumpsuit",
        "gloves_work",
        "boots_steel",
        "tool_belt",
        "apron_leather",
        "oxy_torch",
        "tinyweldtank"
      ],
      "male": [
        "boxer_shorts"
      ],
      "female": [
        "bra",
        "boxer_shorts"
      ]
    }
  }
]
