[
  {
    "type": "profession",
    "ident": "failed_weapon",
    "name": "失败的生物武器",
    "description": "从你睁开眼睛的那一刻起,就知道自己的实验已经失败了.在一个怪物遍布的世界醒来的你现在是他们中的一员了,兄弟…",
    "points": 2,
    "traits": [
      "PSYCHOPATH",
      "HUNGER",
      "CLUMSY",
      "UNSTABLE",
      "ANIMALDISCORD",
      "CANNIBAL",
      "DEFORMED",
      "FASTHEALER2",
      "BIO_WEAPON_FAILED"
    ],
    "skills": [
      {
        "level": 2,
        "name": "firstaid"
      },
      {
        "level": 2,
        "name": "electronics"
      },
      {
        "level": 2,
        "name": "mechanics"
      }
    ],
    "CBMs": [
      "bio_dis_shock",
      "bio_dis_acid",
      "bio_drain",
      "bio_noise",
      "bio_power_weakness",
      "bio_itchy",
      "bio_nostril",
      "bio_thumbs",
      "bio_spasm",
      "bio_shakes",
      "bio_leaky",
      "bio_sleepy",
      "bio_deformity",
      "bio_voice",
      "bio_pokedeye",
      "bio_ankles",
      "bio_trip",
      "bio_stiff",
      "bio_razors",
      "bio_storage",
      "bio_power_storage_mkII",
      "bio_power_storage_mkII",
      "bio_power_storage_mkII",
      "bio_power_storage_mkII",
      "bio_hydraulics",
      "bio_metabolics",
      "bio_chain_lightning",
      "bio_carbon",
      "bio_nanobots",
      "bio_painkiller",
      "bio_torsionratchet",
      "bio_cqb",
      "bio_shock",
      "bio_armor_head",
      "bio_armor_torso",
      "bio_armor_arms",
      "bio_armor_legs",
      "bio_armor_eyes"
    ],
    "items": {
      "both": [
        "badge_bio_weapon",
        "subsuit_xl",
        "footrags",
        "hat_noise_cancelling"
      ],
      "male": [
        "briefs"
      ],
      "female": [
        "bra",
        "panties"
      ]
    },
    "flags": [
      "SCEN_ONLY"
    ]
  },
  {
    "type": "profession",
    "ident": "mycus_weapon",
    "name": "失败的真菌生物武器",
    "description": "同化过程完成,生物与仿生学的结合和修改很成功.保护我们的新领域和兄弟是我们目前的目标.无法删除以前的DNA标记只是一个小挫折.",
    "points": 4,
    "traits": [
      "PSYCHOPATH",
      "HUNGER",
      "CLUMSY",
      "ANIMALDISCORD",
      "CANNIBAL",
      "DEFORMED",
      "FASTHEALER2",
      "THRESH_MYCUS",
      "M_SKIN2",
      "M_BLOOM",
      "M_IMMUNE",
      "M_DEFENDER",
      "BIO_WEAPON_FAILED"
    ],
    "CBMs": [
      "bio_drain",
      "bio_itchy",
      "bio_nostril",
      "bio_thumbs",
      "bio_leaky",
      "bio_sleepy",
      "bio_trip",
      "bio_stiff",
      "bio_razors",
      "bio_storage",
      "bio_power_storage_mkII",
      "bio_power_storage_mkII",
      "bio_power_storage_mkII",
      "bio_power_storage_mkII",
      "bio_hydraulics",
      "bio_metabolics",
      "bio_chain_lightning",
      "bio_carbon",
      "bio_nanobots",
      "bio_painkiller",
      "bio_torsionratchet",
      "bio_cqb",
      "bio_shock",
      "bio_armor_head",
      "bio_armor_torso",
      "bio_armor_arms",
      "bio_armor_legs",
      "bio_armor_eyes"
    ],
    "items": {
      "both": [
        "badge_bio_weapon",
        "subsuit_xl",
        "footrags",
        "hat_noise_cancelling",
        "mycus_fruit",
        "mycus_fruit",
        "mycus_fruit",
        "mycus_fruit",
        "mycus_fruit",
        "mycus_fruit",
        "mycus_fruit",
        "mycus_fruit"
      ],
      "male": [
        "briefs"
      ],
      "female": [
        "bra",
        "panties"
      ]
    },
    "flags": [
      "SCEN_ONLY"
    ]
  },
  {
    "type": "profession",
    "ident": "bio_weapon_a",
    "name": "生物武器-阿尔法",
    "description": "'阿尔法'  你是第一个铁血战士,代号.在饥饿的驱使下,从敌人的背后播种混乱.你在一个未知的世界带着食欲醒来--这个世界充满了被吞噬的猎物！",
    "points": 8,
    "traits": [
      "SMELLY",
      "QUICK",
      "PAINREC1",
      "STRONGSTOMACH",
      "GOODCARDIO",
      "PAINRESIST",
      "ANIMALEMPATH",
      "TERRIFYING",
      "PADDED_FEET",
      "CANNIBAL",
      "NIGHTVISION",
      "PSYCHOPATH",
      "CLUMSY",
      "THRESH_CHIMERA",
      "EATDEAD",
      "SHOUT3",
      "EATHEALTH",
      "PRED4",
      "BIO_WEAPON_ALPHA"
    ],
    "skills": [
      {
        "level": 2,
        "name": "dodge"
      },
      {
        "level": 4,
        "name": "melee"
      },
      {
        "level": 3,
        "name": "unarmed"
      }
    ],
    "CBMs": [
      "bio_dex_enhancer",
      "bio_eye_enhancer",
      "bio_str_enhancer",
      "bio_adrenaline",
      "bio_carbon",
      "bio_claws",
      "bio_cqb",
      "bio_digestion",
      "bio_water_extractor",
      "bio_ears",
      "bio_furnace",
      "bio_heat_absorb",
      "bio_hydraulics",
      "bio_metabolics",
      "bio_nanobots",
      "bio_power_storage_mkII",
      "bio_power_storage_mkII",
      "bio_power_storage_mkII",
      "bio_power_storage_mkII",
      "bio_recycler",
      "bio_uncanny_dodge"
    ],
    "items": {
      "both": [
        "badge_bio_weapon",
        "subsuit_xl",
        "footrags",
        "hat_noise_cancelling"
      ],
      "male": [
        "briefs"
      ],
      "female": [
        "bra",
        "panties"
      ]
    },
    "flags": [
      "SCEN_ONLY"
    ]
  },
  {
    "type": "profession",
    "ident": "bio_weapon_d",
    "name": "生物武器-三角洲",
    "description": "'渗透'  为渗透、侦察、潜伏和暗杀而生.能够远距离消灭敌人,探索敌方阵地,融入当地民众.但是你在混乱中醒来,是谁造成了这一切.",
    "points": 8,
    "traits": [
      "PSYCHOPATH",
      "NIGHTVISION",
      "LIGHTSTEP",
      "WAKEFUL",
      "WEAKSCENT",
      "EAGLEEYED",
      "TRIGGERHAPPY",
      "BADCARDIO",
      "OUTDOORSMAN",
      "LIAR",
      "BEAUTIFUL3",
      "BIO_WEAPON_DELTA"
    ],
    "skills": [
      {
        "level": 4,
        "name": "survival"
      },
      {
        "level": 3,
        "name": "archery"
      },
      {
        "level": 3,
        "name": "computer"
      },
      {
        "level": 4,
        "name": "rifle"
      },
      {
        "level": 5,
        "name": "gun"
      },
      {
        "level": 2,
        "name": "barter"
      },
      {
        "level": 4,
        "name": "speech"
      }
    ],
    "CBMs": [
      "bio_dex_enhancer",
      "bio_int_enhancer",
      "bio_eye_enhancer",
      "bio_power_storage_mkII",
      "bio_power_storage_mkII",
      "bio_power_storage_mkII",
      "bio_power_storage_mkII",
      "bio_torsionratchet",
      "bio_targeting",
      "bio_digestion",
      "bio_carbon",
      "bio_ups",
      "bio_watch",
      "bio_recycler",
      "bio_face_mask",
      "bio_ears",
      "bio_cloak",
      "bio_alarm",
      "bio_lockpick",
      "bio_fingerhack",
      "bio_evap",
      "bio_lighter",
      "bio_tools",
      "bio_climate",
      "bio_meteorologist"
    ],
    "items": {
      "both": [
        "badge_bio_weapon",
        "subsuit_xl",
        "footrags",
        "hat_noise_cancelling"
      ],
      "male": [
        "briefs"
      ],
      "female": [
        "bra",
        "panties"
      ]
    },
    "flags": [
      "SCEN_ONLY"
    ]
  },
  {
    "type": "profession",
    "ident": "bio_weapon_b",
    "name": "生物武器-贝塔",
    "description": "'永恒'  你被设计为一个人的军队.你的身体是一种致命的武器,准确地进攻,防御,准备摧毁任何阻碍你前进的东西.你醒来时看到一大群敌人,所以现在你把他们都带上了.",
    "points": 8,
    "traits": [
      "PSYCHOPATH",
      "NIGHTVISION",
      "PAINREC1",
      "RADIOGENIC",
      "INFRESIST",
      "FASTHEALER",
      "SELFAWARE",
      "DISRESISTANT",
      "TOUGH3",
      "POISRESIST",
      "BADKNEES",
      "CLUMSY",
      "TRIGGERHAPPY",
      "BADCARDIO",
      "SLOWRUNNER",
      "PONDEROUS1",
      "STRONGSTOMACH",
      "BIO_WEAPON_BETA"
    ],
    "skills": [
      {
        "level": 2,
        "name": "dodge"
      },
      {
        "level": 4,
        "name": "melee"
      },
      {
        "level": 3,
        "name": "cutting"
      },
      {
        "level": 3,
        "name": "rifle"
      },
      {
        "level": 4,
        "name": "gun"
      }
    ],
    "CBMs": [
      "bio_str_enhancer",
      "bio_dex_enhancer",
      "bio_adrenaline",
      "bio_armor_arms",
      "bio_armor_eyes",
      "bio_armor_head",
      "bio_armor_legs",
      "bio_armor_torso",
      "bio_sword",
      "bio_laser_armgun",
      "bio_flamethrower",
      "bio_hydraulics",
      "bio_nanobots",
      "bio_power_storage_mkII",
      "bio_power_storage_mkII",
      "bio_power_storage_mkII",
      "bio_power_storage_mkII",
      "bio_power_armor_interface_mkII",
      "bio_heat_absorb",
      "bio_shock",
      "bio_sunglasses",
      "bio_blood_filter",
      "bio_faraday",
      "bio_leukocyte",
      "bio_painkiller",
      "bio_purifier",
      "bio_radscrubber",
      "bio_solar",
      "bio_batteries",
      "bio_torsionratchet",
      "bio_ears",
      "bio_targeting"
    ],
    "items": {
      "both": [
        "badge_bio_weapon",
        "subsuit_xl",
        "footrags",
        "hat_noise_cancelling"
      ],
      "male": [
        "briefs"
      ],
      "female": [
        "bra",
        "panties"
      ]
    },
    "flags": [
      "SCEN_ONLY"
    ]
  },
  {
    "type": "profession",
    "ident": "bio_weapon_g",
    "name": "生物武器-伽玛",
    "description": "'机械师'  用于破坏、破坏、吸收或修复生物技术.你是一个行走的,适应性的修理机器.你醒来时听到机器在与可憎之物作斗争的声音.如果他们妨碍了你,你可以帮助他们,或者摧毁他们.",
    "points": 8,
    "traits": [
      "PROF_MED",
      "PSYCHOPATH",
      "INT_UP_2",
      "GOODMEMORY",
      "FASTLEARNER",
      "FASTREADER",
      "BIO_WEAPON_GAMMA"
    ],
    "skills": [
      {
        "level": 2,
        "name": "firstaid"
      },
      {
        "level": 4,
        "name": "electronics"
      },
      {
        "level": 3,
        "name": "mechanics"
      }
    ],
    "CBMs": [
      "bio_int_enhancer",
      "bio_carbon",
      "bio_chain_lightning",
      "bio_emp",
      "bio_magnet",
      "bio_nanobots",
      "bio_power_storage_mkII",
      "bio_power_storage_mkII",
      "bio_power_storage_mkII",
      "bio_power_storage_mkII",
      "bio_railgun",
      "bio_remote",
      "bio_resonator",
      "bio_shock",
      "bio_torsionratchet",
      "bio_tools",
      "bio_razors",
      "bio_hydraulics",
      "bio_ups",
      "bio_sunglasses"
    ],
    "items": {
      "both": [
        "badge_bio_weapon",
        "subsuit_xl",
        "footrags",
        "hat_noise_cancelling"
      ],
      "male": [
        "briefs"
      ],
      "female": [
        "bra",
        "panties"
      ]
    },
    "flags": [
      "SCEN_ONLY"
    ]
  },
  {
    "type": "profession",
    "ident": "bio_weapon_hunter",
    "name": "生物武器-猎人",
    "description": "超级战士计划的顶级产物.你被创造出来不仅是为了一个人单独承担任何任务,而且要追踪并记录一切的开始和结束,猎人.你会坚持到底吗?",
    "points": 15,
    "CBMs": [
      "bio_armor_eyes",
      "bio_armor_head",
      "bio_armor_torso",
      "bio_armor_arms",
      "bio_armor_legs",
      "bio_carbon",
      "bio_eye_optic",
      "bio_sunglasses",
      "bio_ups",
      "bio_watch",
      "bio_metabolics",
      "bio_cqb",
      "bio_claws",
      "bio_shock",
      "bio_flamethrower",
      "bio_lockpick",
      "bio_fingerhack",
      "bio_nanobots",
      "bio_flashlight",
      "bio_night_vision",
      "bio_tools",
      "bio_hydraulics",
      "bio_power_storage_mkII",
      "bio_power_storage_mkII"
    ],
    "traits": [
      "SUPER_SOLDIER_MARKER"
    ],
    "skills": [
      {
        "level": 3,
        "name": "computer"
      },
      {
        "level": 3,
        "name": "melee"
      },
      {
        "level": 3,
        "name": "unarmed"
      },
      {
        "level": 3,
        "name": "dodge"
      },
      {
        "level": 3,
        "name": "gun"
      },
      {
        "level": 3,
        "name": "rifle"
      }
    ],
    "items": {
      "both": [
        "undershirt",
        "arm_warmers",
        "leg_warmers",
        "pants_army",
        "jacket_army",
        "balclava",
        "beret",
        "gloves_liner",
        "gloves_tactical",
        "socks",
        "boots_combat",
        "badge_bio_weapon",
        "canteen",
        "shoulder_strap",
        "arc_laser_rifle",
        "mre_veggy_box",
        "biomap",
        "militarymap"
      ],
      "male": [
        "boxer_shorts"
      ],
      "female": [
        "bra",
        "panties"
      ]
    },
    "flags": [
      "SCEN_ONLY"
    ]
  },
  {
    "type": "profession",
    "ident": "bio_infantry",
    "name": "超级战士",
    "description": "超级战士计划的步兵.你是部署在战场上的众多增强战士之一,以确保胜利.增强了射击,近战和再生能力,你让敌人感到恐惧.",
    "points": 10,
    "CBMs": [
      "bio_targeting",
      "bio_ups",
      "bio_purifier",
      "bio_carbon",
      "bio_cqb",
      "bio_blade",
      "bio_shock",
      "bio_flamethrower",
      "bio_night_vision",
      "bio_geiger",
      "bio_adrenaline",
      "bio_nanobots",
      "bio_torsionratchet",
      "bio_power_storage_mkII",
      "bio_power_storage_mkII"
    ],
    "traits": [
      "SUPER_SOLDIER_MARKER"
    ],
    "skills": [
      {
        "level": 3,
        "name": "gun"
      },
      {
        "level": 3,
        "name": "rifle"
      },
      {
        "level": 3,
        "name": "melee"
      },
      {
        "level": 3,
        "name": "unarmed"
      },
      {
        "level": 3,
        "name": "dodge"
      }
    ],
    "items": {
      "both": [
        "undershirt",
        "arm_warmers",
        "leg_warmers",
        "pants_army",
        "jacket_army",
        "balclava",
        "beret",
        "gloves_liner",
        "gloves_tactical",
        "socks",
        "boots_combat",
        "shoulder_strap",
        "arc_laser_rifle",
        "militarymap",
        "id_military"
      ],
      "male": [
        "boxer_shorts"
      ],
      "female": [
        "bra",
        "panties"
      ]
    },
    "flags": [
      "SCEN_ONLY"
    ]
  },
  {
    "type": "profession",
    "ident": "bio_scout",
    "name": "超级侦察兵",
    "description": "超级战士项目的狙击手.你是为数不多的被用于侦察和暗杀V.I.P的增强士兵之一.有了你的武器,再生能力和生存能力,你可以在敌人领土上埋伏数周后消灭关键目标.",
    "points": 10,
    "CBMs": [
      "bio_eye_optic",
      "bio_targeting",
      "bio_ups",
      "bio_climate",
      "bio_tools",
      "bio_evap",
      "bio_lighter",
      "bio_fingerhack",
      "bio_lockpick",
      "bio_torsionratchet",
      "bio_power_storage_mkII",
      "bio_power_storage_mkII"
    ],
    "traits": [
      "SUPER_SOLDIER_MARKER"
    ],
    "skills": [
      {
        "level": 5,
        "name": "gun"
      },
      {
        "level": 4,
        "name": "rifle"
      },
      {
        "level": 2,
        "name": "computer"
      },
      {
        "level": 2,
        "name": "melee"
      },
      {
        "level": 2,
        "name": "stabbing"
      },
      {
        "level": 2,
        "name": "survival"
      },
      {
        "level": 2,
        "name": "fabrication"
      },
      {
        "level": 2,
        "name": "cooking"
      },
      {
        "level": 2,
        "name": "tailor"
      },
      {
        "level": 1,
        "name": "swimming"
      }
    ],
    "items": {
      "both": [
        "pants_army",
        "army_top",
        "jacket_army",
        "gloves_tactical",
        "rucksack",
        "balclava",
        "hat_boonie",
        "socks",
        "boots_combat",
        "sheath",
        "knife_combat",
        "canteen",
        "binoculars",
        "mil_mess_kit",
        "shoulder_strap",
        "rifle_scope",
        "laser_sniper",
        "e_tool",
        "mre_beef_box",
        "militarymap",
        "id_military",
        "tent_kit",
        "rollmat"
      ],
      "male": [
        "boxer_shorts"
      ],
      "female": [
        "bra",
        "panties"
      ]
    },
    "flags": [
      "SCEN_ONLY"
    ]
  },
  {
    "type": "profession",
    "ident": "bio_knight",
    "name": "超级主宰",
    "description": "超级战士计划的坦克.你是少数几个被用作步兵支援的增强士兵之一.有了远程,近战,装甲和再生能力,你可以承受巨大的伤害并加陪奉还.",
    "points": 10,
    "CBMs": [
      "bio_armor_eyes",
      "bio_armor_head",
      "bio_armor_torso",
      "bio_armor_arms",
      "bio_armor_legs",
      "bio_carbon",
      "bio_str_enhancer",
      "bio_targeting",
      "bio_purifier",
      "bio_sword",
      "bio_shock",
      "bio_laser_armgun",
      "bio_flamethrower",
      "bio_night_vision",
      "bio_geiger",
      "bio_hydraulics",
      "bio_adrenaline",
      "bio_nanobots",
      "bio_torsionratchet",
      "bio_power_storage_mkII",
      "bio_power_storage_mkII"
    ],
    "traits": [
      "SUPER_SOLDIER_MARKER"
    ],
    "skills": [
      {
        "level": 3,
        "name": "gun"
      },
      {
        "level": 3,
        "name": "rifle"
      },
      {
        "level": 3,
        "name": "melee"
      },
      {
        "level": 3,
        "name": "cutting"
      }
    ],
    "items": {
      "both": [
        "undershirt",
        "arm_warmers",
        "leg_warmers",
        "pants_army",
        "jacket_army",
        "balclava",
        "beret",
        "gloves_liner",
        "gloves_tactical",
        "socks",
        "boots_combat",
        "militarymap",
        "id_military"
      ],
      "male": [
        "boxer_shorts"
      ],
      "female": [
        "bra",
        "panties"
      ]
    },
    "flags": [
      "SCEN_ONLY"
    ]
  },
  {
    "type": "profession",
    "ident": "bio_tool",
    "name": "超级B.A.M.R.U",
    "description": "生物和机械维修单位,维修人员的超级士兵项目.你是被用作修理模块的众多军事修理工中的一员.有了修理和通用的电子功能,你或许可以修复这个世界.",
    "points": 10,
    "CBMs": [
      "bio_int_enhancer",
      "bio_ups",
      "bio_sunglasses",
      "bio_blindfold",
      "bio_watch",
      "bio_memory",
      "bio_tools",
      "bio_flashlight",
      "bio_nanobots",
      "bio_torsionratchet",
      "bio_power_storage_mkII",
      "bio_power_storage_mkII"
    ],
    "traits": [
      "SUPER_SOLDIER_MARKER"
    ],
    "skills": [
      {
        "level": 3,
        "name": "electronics"
      },
      {
        "level": 3,
        "name": "mechanics"
      },
      {
        "level": 3,
        "name": "cooking"
      },
      {
        "level": 2,
        "name": "firstaid"
      },
      {
        "level": 2,
        "name": "fabrication"
      },
      {
        "level": 2,
        "name": "pistol"
      },
      {
        "level": 1,
        "name": "gun"
      }
    ],
    "items": {
      "both": [
        "undershirt",
        "arm_warmers",
        "leg_warmers",
        "pants_army",
        "jacket_army",
        "balclava",
        "beret",
        "gloves_liner",
        "gloves_tactical",
        "socks",
        "boots_combat",
        "holster",
        "v29",
        "militarymap",
        "id_military"
      ],
      "male": [
        "boxer_shorts"
      ],
      "female": [
        "bra",
        "panties"
      ]
    },
    "flags": [
      "SCEN_ONLY"
    ]
  },
  {
    "type": "profession",
    "ident": "sf_blade",
    "name": "奴隶斗士 (刀锋)",
    "description": "你拥有仿生刀片,还有增强的速度和反应时间.你可以在对手攻击之前攻击好几次.",
    "points": 6,
    "CBMs": [
      "bio_sword",
      "bio_shock",
      "bio_adrenaline",
      "bio_carbon",
      "bio_dex_enhancer",
      "bio_heat_absorb",
      "bio_speed",
      "bio_metabolics",
      "bio_power_storage_mkII",
      "bio_power_storage_mkII"
    ],
    "skills": [
      {
        "level": 2,
        "name": "melee"
      },
      {
        "level": 2,
        "name": "cutting"
      },
      {
        "level": 2,
        "name": "dodge"
      }
    ],
    "items": {
      "both": [
        "socks",
        "hat_cotton",
        "gloves_fingerless",
        "tshirt",
        "jeans",
        "boots"
      ],
      "male": [
        "briefs"
      ],
      "female": [
        "bra",
        "panties"
      ]
    },
    "flags": [
      "SCEN_ONLY"
    ]
  },
  {
    "type": "profession",
    "ident": "sf_claw",
    "name": "奴隶斗士 (利爪)",
    "description": "你拥有仿生爪子,和增强的反应能力.你可以使用强大的攻击把敌人撕成碎片.",
    "points": 6,
    "CBMs": [
      "bio_claws",
      "bio_cqb",
      "bio_adrenaline",
      "bio_carbon",
      "bio_dex_enhancer",
      "bio_heat_absorb",
      "bio_metabolics",
      "bio_power_storage_mkII",
      "bio_power_storage_mkII"
    ],
    "skills": [
      {
        "level": 2,
        "name": "melee"
      },
      {
        "level": 2,
        "name": "unarmed"
      },
      {
        "level": 2,
        "name": "dodge"
      },
      {
        "level": 1,
        "name": "stabbing"
      },
      {
        "level": 1,
        "name": "bashing"
      }
    ],
    "items": {
      "both": [
        "socks",
        "hat_cotton",
        "gloves_fingerless",
        "tshirt",
        "jeans",
        "boots"
      ],
      "male": [
        "briefs"
      ],
      "female": [
        "bra",
        "panties"
      ]
    },
    "flags": [
      "SCEN_ONLY"
    ]
  },
  {
    "type": "profession",
    "ident": "sf_shock",
    "name": "奴隶斗士 (电击)",
    "description": "你用电力来保护或增强你的能力.你可以用电击打多个敌人,直到他们的神经系统崩溃.",
    "points": 6,
    "CBMs": [
      "bio_chain_lightning",
      "bio_targeting",
      "bio_shock",
      "bio_faraday",
      "bio_eye_enhancer",
      "bio_carbon",
      "bio_metabolics",
      "bio_power_storage_mkII",
      "bio_power_storage_mkII"
    ],
    "skills": [
      {
        "level": 2,
        "name": "gun"
      },
      {
        "level": 2,
        "name": "rifle"
      },
      {
        "level": 2,
        "name": "dodge"
      }
    ],
    "items": {
      "both": [
        "socks",
        "hat_cotton",
        "gloves_fingerless",
        "tshirt",
        "jeans",
        "boots"
      ],
      "male": [
        "briefs"
      ],
      "female": [
        "bra",
        "panties"
      ]
    },
    "flags": [
      "SCEN_ONLY"
    ]
  },
  {
    "type": "profession",
    "ident": "sf_weapon",
    "name": "奴隶斗士 (武器大师)",
    "description": "武器大师你已经被许多“被动”的战斗仿生学增强了,这些增强部件只是帮助你拥有更强的战斗能力,但他们并不是武器.你被训练使用各种不同的武器,包括你的拳头.你甚至可以用一只袜子当做武器.",
    "points": 6,
    "traits": [
      "MARTIAL_ARTS_SURV"
    ],
    "CBMs": [
      "bio_razors",
      "bio_magnet",
      "bio_railgun",
      "bio_shock",
      "bio_flamethrower",
      "bio_targeting",
      "bio_eye_enhancer",
      "bio_dex_enhancer",
      "bio_str_enhancer",
      "bio_speed",
      "bio_carbon",
      "bio_heat_absorb",
      "bio_metabolics",
      "bio_power_storage_mkII",
      "bio_power_storage_mkII"
    ],
    "skills": [
      {
        "level": 2,
        "name": "melee"
      },
      {
        "level": 2,
        "name": "unarmed"
      },
      {
        "level": 2,
        "name": "stabbing"
      },
      {
        "level": 2,
        "name": "cutting"
      },
      {
        "level": 2,
        "name": "bashing"
      },
      {
        "level": 2,
        "name": "dodge"
      },
      {
        "level": 2,
        "name": "gun"
      },
      {
        "level": 2,
        "name": "rifle"
      },
      {
        "level": 2,
        "name": "shotgun"
      },
      {
        "level": 2,
        "name": "smg"
      },
      {
        "level": 2,
        "name": "pistol"
      },
      {
        "level": 2,
        "name": "launcher"
      },
      {
        "level": 2,
        "name": "archery"
      },
      {
        "level": 2,
        "name": "throw"
      }
    ],
    "items": {
      "both": [
        "socks",
        "hat_cotton",
        "gloves_fingerless",
        "tshirt",
        "jeans",
        "boots"
      ],
      "male": [
        "briefs"
      ],
      "female": [
        "bra",
        "panties"
      ]
    },
    "flags": [
      "SCEN_ONLY"
    ]
  }
]
