[
  {
    "type": "scenario",
    "name": "被疏散者",
    "description": "你可能内部有关系, 或者不知何故..., 正因为如此,你找到了这个LMOE避难所.现在是夏天,天知道你是怎么活下来的,不管怎么样现在事情变得更简单了.",
    "flags": [ "SUR_START", "SUM_START" ],
    "ident": "bunker",
    "points": 2,
    "start_name": "LMOE避难所",
    "allowed_locs": [ "lmoe" ],
    "professions": [ "senior", "hacker", "lawyer", "labtech", "bionic_spy", "soldier", "national_guard", "specops", "bio_soldier", "bio_sniper" ]
  },
  {
    "type": "scenario",
    "name": "野外",
    "description": "你试着在城市里生存,你真的做到了.但是事情只会变得更糟,你不得不离开.你有能力生活在森林里,所以这就是你要去的地方.现在是秋天……凛冬将至…而它们潜伏在森林里……重新集结…",
    "flags": [ "SUR_START", "AUT_START" ],
    "ident": "bugout",
    "points": -2,
    "start_name": "森林",
    "allowed_locs": [ "forest", "surv_camp_l" ],
    "professions": [ "naturalist", "winter_survivor", "winter_scavenger" ],
    "traits": [ "MARTIAL_ARTS_SURV" ]
  },
  {
    "type": "scenario",
    "name": "生物武器实验室",
    "description": "你醒了,你在哪里？你是谁？你是干什么的？但似乎一切都不重要了…而你一脸懵逼…",
    "flags": [ "SUR_START", "SUM_START" ],
    "ident": "bio_weapon_lab",
    "points": 2,
    "start_name": "生物武器实验室",
    "allowed_locs": [ "Bio_Weapon_Lab_l" ],
    "professions": [ "bio_weapon_a", "bio_weapon_b", "bio_weapon_g", "bio_weapon_d" ],
    "forbidden_traits": [ "EASYSLEEPER", "NONADDICTIVE", "ANIMALEMPATH", "CANNIBAL", "DEFT", "DISRESISTANT", "DRUNKEN", "HUNGER", "FASTHEALER", "FASTREADER", "FLEET", "GOODHEARING", "GOODMEMORY", "GOURMAND", "ADRENALINE", "INCONSPICUOUS", "GOODCARDIO", "WAKEFUL", "INFRESIST", "LIGHTEATER", "LIGHTSTEP", "MARTIAL_ARTS", "MASOCHIST", "MARTIAL_ARTS5", "NIGHTVISION", "OPTIMISTIC", "OUTDOORSMAN", "PACKMULE", "PAINRESIST", "PARKOUR", "POISRESIST", "PRETTY", "PSYCHOPATH", "QUICK", "ROBUST", "EAGLEEYED", "SELFAWARE", "MARTIAL_ARTS2", "MARTIAL_ARTS3", "LIAR", "SPIRITUAL", "STRONGBACK", "STRONGSTOMACH", "STYLISH", "TOLERANCE", "TERRIFYING", "THICKSKIN", "TOUGH", "TOUGH_FEET", "MARTIAL_ARTS4", "WEAKSCENT", "ADDICTIVE", "ALBINO", "ANIMALDISCORD", "ASTHMA", "BADKNEES", "BADBACK", "BADTEMPER", "CHEMIMBALANCE", "CLUMSY", "DISORGANIZED", "HYPEROPIC", "FLIMSY", "FORGETFUL", "FLIMSY3", "FLIMSY2", "GLASSJAW", "ANTIFRUIT", "MEATARIAN", "THIRST", "HOARDER", "ILLITERATE", "INSOMNIA", "JITTERY", "VEGETARIAN", "LACTOSE", "ANTIJUNK", "BADCARDIO", "LIGHTWEIGHT", "MOODSWINGS", "MYOPIC", "PACIFIST", "BADHEARING", "SAVANT", "SCHIZOPHRENIC", "SLEEPY", "SLOWHEALER", "SLOWREADER", "SLOWRUNNER", "SMELLY", "THINSKIN", "TRIGGERHAPPY", "TRUTHTELLER", "UGLY", "WEAKSTOMACH", "WOOLALLERGY", "ANTIWHEAT", "HEAVYSLEEPER", "FASTLEARNER", "SLOWLEARNER" ]
  },
  {
    "type": "scenario",
    "name": "真菌B.W.M.D",
    "description": "在黏液同化成功后,我们的种群系统被指示要为真菌争取更多的领地.附近有敌对生物,小心行事.",
    "flags": [ "SUR_START", "AUT_START" ],
    "ident": "mycus_bwmd",
    "points": 2,
    "start_name": "真菌领地",
    "allowed_locs": [ "forest", "field" ],
    "professions": [ "mycus_weapon" ],
    "forbidden_traits": [ "EASYSLEEPER", "NONADDICTIVE", "ANIMALEMPATH", "CANNIBAL", "DEFT", "DISRESISTANT", "DRUNKEN", "HUNGER", "FASTHEALER", "FASTREADER", "FLEET", "GOODHEARING", "GOODMEMORY", "GOURMAND", "ADRENALINE", "INCONSPICUOUS", "GOODCARDIO", "WAKEFUL", "INFRESIST", "LIGHTEATER", "LIGHTSTEP", "MARTIAL_ARTS", "MASOCHIST", "MARTIAL_ARTS5", "NIGHTVISION", "OPTIMISTIC", "OUTDOORSMAN", "PACKMULE", "PAINRESIST", "PARKOUR", "POISRESIST", "PRETTY", "PSYCHOPATH", "QUICK", "ROBUST", "EAGLEEYED", "SELFAWARE", "MARTIAL_ARTS2", "MARTIAL_ARTS3", "LIAR", "SPIRITUAL", "STRONGBACK", "STRONGSTOMACH", "STYLISH", "TOLERANCE", "TERRIFYING", "THICKSKIN", "TOUGH", "TOUGH_FEET", "MARTIAL_ARTS4", "WEAKSCENT", "ADDICTIVE", "ALBINO", "ANIMALDISCORD", "ASTHMA", "BADKNEES", "BADBACK", "BADTEMPER", "CHEMIMBALANCE", "CLUMSY", "DISORGANIZED", "HYPEROPIC", "FLIMSY", "FORGETFUL", "FLIMSY3", "FLIMSY2", "GLASSJAW", "ANTIFRUIT", "MEATARIAN", "THIRST", "HOARDER", "ILLITERATE", "INSOMNIA", "JITTERY", "VEGETARIAN", "LACTOSE", "ANTIJUNK", "BADCARDIO", "LIGHTWEIGHT", "MOODSWINGS", "MYOPIC", "PACIFIST", "BADHEARING", "SAVANT", "SCHIZOPHRENIC", "SLEEPY", "SLOWHEALER", "SLOWREADER", "SLOWRUNNER", "SMELLY", "THINSKIN", "TRIGGERHAPPY", "TRUTHTELLER", "UGLY", "WEAKSTOMACH", "WOOLALLERGY", "ANTIWHEAT", "HEAVYSLEEPER", "FASTLEARNER", "SLOWLEARNER" ]
  },
  {
    "type": "scenario",
    "name": "生存狂家庭",
    "description": "你知道有什么事情正在发生,你准备好了,当死亡玫瑰降临时,你知道该做什么.现在你的房子被堵住了,是时候把你的计划付诸行动了.",
    "ident": "prep_house",
    "points": 2,
    "start_name": "封闭的房子",
    "allowed_locs": [ "boarded_house" ],
    "professions": [ "unemployed", "survivalist", "jr_survivalist", "bionic_prepper", "prepper" ]
  },
  {
    "copy-from": "mutant",
    "type": "scenario",
    "extend": { "professions": [ "faulty_bionic", "cykotic" ] },
    "ident": "mutant"
  },
  {
    "copy-from": "bad_day",
    "type": "scenario",
    "extend": { "professions": [ "faulty_bionic", "cykotic" ] },
    "ident": "bad_day"
  },
  {
    "copy-from": "missed",
    "type": "scenario",
    "extend": { "allowed_locs": [ "s_electronics_s", "s_clothes_s" ] },
    "ident": "missed"
  },
  {
    "copy-from": "missed",
    "type": "scenario",
    "ident": "missed",
    "traits": [ "MARTIAL_ARTS_SURV" ]
  },
  {
    "copy-from": "fire",
    "type": "scenario",
    "extend": { "allowed_locs": [ "s_electronics_s", "s_clothes_s" ] },
    "ident": "fire"
  },
  {
    "copy-from": "infected",
    "type": "scenario",
    "extend": { "allowed_locs": [ "s_electronics_s", "s_clothes_s" ] },
    "ident": "infected"
  },
  {
    "copy-from": "ambushed",
    "type": "scenario",
    "ident": "ambushed",
    "traits": [ "MARTIAL_ARTS_SURV" ]
  },
  {
    "copy-from": "wilderness",
    "type": "scenario",
    "extend": {
      "allowed_locs": [ "surv_camp_l" ],
      "professions": [ "pri-sur" ]
    },
    "ident": "wilderness"
  },
  {
    "type": "scenario",
    "name": "超级战士坠机现场",
    "description": "一架超级战士运输直升机在混乱中被击落,你刚醒来,感觉不太好.",
    "flags": [ "HELI_CRASH" ],
    "ident": "ss_heli_crash",
    "points": -2,
    "start_name": "事故现场",
    "allowed_locs": [ "field" ],
    "map_special": "mx_helicopter",
    "professions": [ "bio_weapon_hunter", "bio_infantry", "bio_scout", "bio_knight", "bio_tool" ]
  },
  {
    "type": "scenario",
    "name": "奴隶斗士的自由",
    "description": "你一生都在做实验,为了取悦你的主人而被迫与他人作斗争.从来没有见过太阳,外面的大灾难给了你自由的机会.但是现在你必须逃离你的战友……",
    "flags": [ "CHALLENGE" ],
    "ident": "house_fight_scenario",
    "points": -2,
    "start_name": "简陋的房子",
    "allowed_locs": [ "house_fight_s" ],
    "professions": [ "sf_blade", "sf_claw", "sf_shock", "sf_weapon" ]
  }
]
