[
  {
    "type": "start_location",
    "ident": "Survivor_Holdout_l",
    "//": "starts in Survivor Holdout. Not in use currently.",
    "name": "幸存者避难所",
    "target": "Survivor_Holdout"
  },
  {
    "type": "start_location",
    "ident": "surv_camp_l",
    "name": "幸存者营地",
    "target": "surv_camp"
  },
  {
    "type": "start_location",
    "ident": "Bio_Weapon_Lab_l",
    "name": "生物武器实验室",
    "target": "Bio_Weapon_Lab"
  },
  {
    "type": "start_location",
    "ident": "bunker_s",
    "name": "军事掩体",
    "target": "bunker"
  },
  {
    "type": "start_location",
    "ident": "prison_b_entrance_s",
    "name": "监狱",
    "target": "prison_b_entrance"
  },
  {
    "type": "start_location",
    "ident": "s_electronics_s",
    "name": "电子商店",
    "target": "s_electronics"
  },
  {
    "type": "start_location",
    "ident": "s_clothes_s",
    "name": "服装店",
    "target": "s_clothes"
  },
  {
    "type": "start_location",
    "ident": "house_fight_s",
    "name": "简陋的房子",
    "target": "house_fight"
  }
]
