[
  {
    "type": "ammunition_type",
    "id": "132at",
    "name": "13.2x92mm",
    "default": "132at"
  },
  {
    "id": "132at",
    "type": "AMMO",
    "name": "13.2x92mm反坦克弹",
    "description": "<color_dark_gray>  古老的M1918配用这种古老的13.2x92mm半凸缘瓶型子弹能在百米距离上洞穿20毫米厚的钢板,300米距离上可击穿15毫米厚的钢制装甲,但是得射得非常正,否则会无法击穿甚至跳弹.</color>",
    "weight": 80,
    "volume": 1,
    "price": 10000,
    "material": [ "brass", "powder" ],
    "symbol": "=",
    "color": "dark_gray",
    "count": 1,
    "stack_size": 1,
    "ammo_type": "132at",
    "casing": "132at_casing",
    "range": 50,
    "damage": 200,
    "pierce": 50,
	"loudness" : 300,
    "dispersion": 80,
    "recoil": 18000,
    "effects": [ "COOKOFF","MUZZLE_SMOKE","LARGE_BEANBAG" ]
  },
  {
    "id": "reloaded_132at",
    "copy-from": "132at",
    "type": "AMMO",
    "name": "复装13.2x92mm反坦克弹",
    "proportional": { "price": 0.7, "damage": 0.85, "dispersion": 1.2 },
    "extend": { "effects": [ "RECYCLED" ] },
    "delete": { "effects": [ "NEVER_MISFIRES" ] }
  },
  {
    "id": "132at_casing",
    "copy-from": "casing",
    "type": "GENERIC",
    "name": "13.2x92mm弹壳",
    "description": "一枚13.2x92mm反坦克子弹的空弹壳，看名字就知道这玩意肯定很稀有。",
	"price": 5000,
    "weight": 18,
    "volume": "50ml"
  },
  {
    "id": "132at_SK",
    "type": "AMMO",
	"looks_like": "700nx",
    "name": "13.2x92mm防空弹",
    "description": "<color_dark_gray>  古老的M1918配用这种古老的13.2x92mm破片防空弹可以对低空飞行的战机造成威胁.</color>",
    "weight": 80,
    "volume": 1,
    "price": 10000,
    "material": [ "brass", "powder" ],
    "symbol": "=",
    "color": "dark_gray",
    "count": 1,
    "stack_size": 1,
    "ammo_type": "132at",
    "casing": "132at_casing",
    "range": 70,
    "damage": 50,
    "pierce": 10,
	"loudness" : 250,
    "dispersion": 120,
    "recoil": 17000,
    "effects": [ "COOKOFF","MUZZLE_SMOKE","FRAG" ]
  },
  {
    "id": "reloaded_132at_SK",
    "copy-from": "132at_SK",
    "type": "AMMO",
    "name": "复装13.2x92mm防空弹",
    "proportional": { "price": 0.7, "damage": 0.85, "dispersion": 1.2 },
    "extend": { "effects": [ "RECYCLED" ] },
    "delete": { "effects": [ "NEVER_MISFIRES" ] }
  },
  {
    "result": "reloaded_132at",
    "type": "recipe",
    "category": "CC_AMMO",
    "subcategory": "CSC_AMMO_RIFLE",
    "skill_used": "fabrication",
    "difficulty": 9,
    "skills_required": [ "gun", 7 ],
    "time": "20 m",
    "batch_time_factors": [ 60, 5 ],
    "book_learn": [ [ "recipe_bullets", 7 ] ],
    "charges": 1,
    "using": [ [ "bullet_forming", 15 ], [ "ammo_bullet", 10 ] ],
    "components": [ [ [ "132at_casing", 1 ] ], [ [ "lgrifle_primer", 2 ] ], [ [ "gunpowder", 50 ] ], [ [ "copper", 10 ] ] ]
  },
  {
    "result": "reloaded_132at_SK",
    "type": "recipe",
    "category": "CC_AMMO",
    "subcategory": "CSC_AMMO_RIFLE",
    "skill_used": "fabrication",
    "difficulty": 9,
    "skills_required": [ "gun", 7 ],
    "time": "30 m",
    "batch_time_factors": [ 60, 5 ],
    "book_learn": [ [ "recipe_bullets", 7 ] ],
    "charges": 1,
    "using": [ [ "bullet_forming", 15 ], [ "ammo_bullet", 10 ] ],
    "components": [ [ [ "132at_casing", 1 ] ], [ [ "lgrifle_primer", 2 ] ], [ [ "gunpowder", 70 ] ], [ [ "copper", 8 ] ], [ [ "combatnail", 20 ] ] ]
  }
]
