[
  {
    "id": "TCW_PST",
    "type": "ARMOR",
    "category": "armor",
    "name": "<color_yellow>▋</color>波斯特体盾",
    "name_plural": "<color_yellow>▋</color>波斯特体盾",
    "description": "  <color_yellow>▋</color>波斯特体盾 重甲(<color_yellow>奇特</color>)\r\n<color_dark_gray>    「刀枪不入,穿上它你就是移动的钢铁堡垒!」\r\n<color_dark_gray>    「你已经被强化了,快去送!」</color>\r\n<color_dark_gray>─────────────────────────────────────────────</color>\r\n  防御            <good>■■■■■■■■■■■■■■■■■■■■</good>  10  \r\n  覆盖率          <good>■■■■■■■■■■■■■■■■■■■</good>□   9  \r\n  机动性          <good>■</good>□□□□□□□□□□□□□□□□□□□   1  \r\n<color_dark_gray>─────────────────────────────────────────────</color>\r\n<color_dark_gray>   一套由21mm钢板打造的金属装甲,来自一战时期的黑科技产物,地狱战士的专属装备.</color>\r\n<color_dark_gray>─────────────────────────────────────────────</color>\r\n<color_dark_gray>* 这玩意视野很差 感知-3\r\n* 这玩意很笨重 敏捷-3 速度-20\r\n* 这玩意真TM沉啊 激发肌肉潜力\r\n* 这玩意移动时可能会发出噪音</color>",
    "weight": 20000,
    "volume": 40,
    "price": 500000,
    "to_hit": -1,
    "material": [ "steel", "leather" ],
    "symbol": "[",
    "color": "light_gray",
    "covers": [ "HEAD", "EYES", "MOUTH", "TORSO" ],
    "coverage": 99,
    "encumbrance": 50,
    "warmth": 5,
    "material_thickness": 19,
    "flags": [ "VARSIZE", "OUTER", "STURDY" ],
	"artifact_data": { 
		"effects_worn": [ "AEP_PER_DOWN","AEP_DEX_DOWN","AEP_SPEED_DOWN","AEP_EVIL","AEP_MOVEMENT_NOISE" ] 
		}
  },
  {
    "id": "TCW_torso_bandolier_132",
    "type": "ARMOR",
    "name": "子弹背带(13.2x92mm)",
    "description": "<color_dark_gray> 「前5发后5发,打完转个圈.」</color>\r\n一条跨在身上的皮革子弹带,保证随手可得.",
    "weight": 200,
    "volume": 4,
    "price": 5500,
    "material": "leather",
    "symbol": "[",
    "color": "dark_gray",
    "covers": [ "TORSO" ],
    "coverage": 15,
    "encumbrance": 15,
    "material_thickness": 1,
    "use_action": { "type": "bandolier", "capacity": 10, "ammo": [ "132at" ], "draw_cost": 35 },
    "flags": [ "WATER_FRIENDLY", "OVERSIZE", "BELTED" ]
  },
  {
    "result": "TCW_torso_bandolier_132",
    "type": "recipe",
    "category": "CC_ARMOR",
    "subcategory": "CSC_ARMOR_STORAGE",
    "skill_used": "tailor",
    "difficulty": 3,
    "skills_required": [ [ "gun", 1 ], [ "shotgun", 1 ] ],
    "time": "100 m",
    "autolearn": true,
    "using": [ [ "sewing_standard", 80 ], [ "cordage", 2 ] ],
    "components": [ [ [ "leather", 18 ] ] ]
  }
]
