[
  {
    "id": "TCW_MosinNagantAntiZOMBIE",
    "type": "GUN",
    "skill": "rifle",
    "symbol": "(",
    "color": "dark_gray",
	"looks_like": "sks",
    "name": "<color_yellow>▋</color>莫辛-纳甘 反丧尸型",
    "name_plural": "<color_yellow>▋</color>莫辛-纳甘 反丧尸型",
    "description": "  莫辛-纳甘 7.62x54R 反丧尸型步枪（<color_yellow>生存狂</color>）\r\n<color_dark_gray>    「丧尸一般都不穿防弹衣的是吧?」</color>\r\n<color_dark_gray>─────────────────────────────────────────────</color>\r\n  伤害            <good>■■■■■■■■■■■■■</good>□□□□□□□   6\r\n  准确度          <good>■■■■■■■■■■■■■■■■■</good>□□□   8\r\n  射程            <good>■■■■■■■■■■■■■■■■■■■■</good>  10\r\n  射速            <good>■■■■■■</good>□□□□□□□□□□□□□□   3\r\n  操作性          <good>■■■■■■■</good>□□□□□□□□□□□□□   3\r\n<color_dark_gray>─────────────────────────────────────────────\r\n由生存狂改装过的莫辛-纳甘1944,折叠枪托方便了携带,瞄准镜座可以让你装上各种现代化的瞄准镜,大容量弹匣让你有足够的火力对抗丧尸.</color>",
    "material": ["wood", "steel"],
    "ammo": "762R",
    "weight": 3800,
    "volume": 18,
	"price": 419000,
    "bashing": 13,
    "to_hit": 2,
	"ranged_damage": 12,"//": "伤害修正",
    "dispersion": 50,"//": "散布",
    "sight_dispersion": 18,"//": "瞄准散布",
    "aim_speed" : 5,"//": "瞄准速度(好像没用)",
    "durability": 10,"//": "可靠性",
	"barrel_length": 4,"//": "枪管长度(不知道有啥用)",
    "reload": 80,"//": "换弹时间",
	"reload_noise_volume": 10,"//": "装弹声音",
    "loudness" : 0,"//": "枪声修正",
	"flags": [ "NEVER_JAMS" ],
	"built_in_mods": [ "wire_stock" ],
	"default_mods": [ "tele_sight" ],
    "valid_mod_locations": [
      [ "accessories", 1 ],
      [ "brass catcher", 1 ],
      [ "mechanism", 1 ],
      [ "muzzle", 1 ],
      [ "sights", 1 ],
      [ "stock", 1 ],
      [ "sling", 1 ]
    ],
	"magazines": [ [ "762R", [ "TCW_MNAZmag" ] ] ],
	"artifact_data": { 
		"effects_wielded": [ "AEP_PER_UP" ] 
		}
  },
  {
    "id": "TCW_MNAZmag",
    "type": "MAGAZINE",
    "name": "莫辛-纳甘 反丧尸型弹匣",
    "name_plural": "莫辛-纳甘 反丧尸型弹匣",
    "description": "一个15发的大容量弹匣让你有足够的火力对抗丧尸.",
    "weight": 200,
    "volume": 2,
    "price": 10000,
    "material": "steel",
    "symbol": "#",
    "color": "light_gray",
    "looks_like": "ak74mag",
    "ammo_type": "762R",
    "capacity": 15,
    "reliability": 9,
    "flags": [ "MAG_COMPACT" ]
  }
]
