[
  {
    "id": "TCW_PPSH41TAC",
    "type": "GUN",
    "skill": "smg",
    "symbol": "(",
    "color": "dark_gray",
    "name": "<color_yellow>▋</color>PPsh-41 TAC",
    "name_plural": "<color_yellow>▋</color>PPsh-41 TAC",
    "description": " <color_yellow>▋</color>PPsh-41 战术范儿 7.62x25mm冲锋枪(<color_yellow>战术</color>)\r\n<color_dark_gray>    「同志,波波沙」「乌拉!」\r\n    「以900RPM的射速向敌人宣告:挡我者死!」</color>\r\n<color_dark_gray>─────────────────────────────────────────────</color>\r\n  伤害            <good>■■■■■■■■■</good>□□□□□□□□□□□   4\r\n  准确度          <good>■■■■■■■</good>□□□□□□□□□□□□□   3\r\n  射程            <good>■■■■■■■■</good>□□□□□□□□□□□□   4\r\n  射速            <good>■■■■■■■■■■■■■■■■■</good>□□□   8\r\n  操作性          <good>■■■■■■■■■■</good>□□□□□□□□□□   5\r\n<color_dark_gray>─────────────────────────────────────────────\r\n战术范儿:这支PPSh-41冲锋枪已经经过了彻底的翻新,很有战术范儿(Tacticool)地装备了SURE-FIRE M900战术灯/前握把。还整合了皮卡丁尼导轨用于安装现代光学瞄准镜。\r\n─────────────────────────────────────────────\r\n这把二战时期的杀手PPsh-41波波沙冲锋枪因为独特的枪声被人戏称为“打嗝枪”,因为强大的载弹量和惊人的射速是二战时期苏联标准性的近战武器。</color>",
    "material": ["wood", "steel"],
    "ammo": "762x25",
    "weight": 3600,
    "volume": 8,
	"price": 163000,
    "bashing": 12,
    "to_hit": -1,
	"ranged_damage": 3,"//": "伤害修正",
	"range": 10,
    "dispersion": 100,"//": "散布",
    "sight_dispersion": 50,"//": "瞄准散布",
    "aim_speed" : 5,"//": "瞄准速度(好像没用)",
    "recoil": 150,"//": "后坐力修正",
    "durability": 6,"//": "可靠性",
	"barrel_length": 3,"//": "枪管长度(不知道有啥用)",
    "reload": 100,"//": "换弹时间",
	"reload_noise_volume": 10,"//": "装弹声音",
    "loudness" : -20,"//": "枪声修正",
	"flags": [ "RELOAD_ONE", "NEVER_JAMS" ],
	"built_in_mods": [ "TCW_SUREFIREM900" ],
	"default_mods": [ "holo_sight", "grip" ],
    "valid_mod_locations": [
      [ "accessories", 2 ],
      [ "brass catcher", 1 ],
      [ "mechanism", 2 ],
      [ "muzzle", 1 ],
      [ "sights", 1 ],
      [ "sling", 1 ],
      [ "underbarrel", 2 ]
    ],
    "magazines": [ [ "762x25", [ "ppshmag", "ppshdrum" ] ] ],
	"modes": [
      [ "REACH", "枪保险", 1, "MELEE" ],
      [ "DEFAULT", "semi-auto", 1 ],
	  [ "AUTO", "auto", 15 ]
	  ],
    "use_action": {
      "menu_text": "打开战术灯",
      "type": "transform",
      "msg": "你打开了战术灯.",
      "target": "TCW_PPSH41TAC_on"
    }
  },
  {
    "id": "TCW_PPSH41TAC_on",
    "copy-from": "TCW_PPSH41TAC",
    "type": "GUN",
    "name": "<color_yellow>▋</color>PPsh-41 TAC (战术灯开)",
    "name_plural": "<color_yellow>▋</color>PPsh-41 TAC (战术灯开)",
    "revert_to": "TCW_PPSH41TAC",
    "use_action": {
      "menu_text": "关闭战术灯",
      "type": "transform",
      "msg": "你关掉了战术灯.",
      "target": "TCW_PPSH41TAC"
    },
    "flags": [ "LIGHT_60" ]
  },
  {
    "id": "TCW_SUREFIREM900",
    "type": "GUNMOD",
    "name": "SURE-FIRE M900战术灯",
    "description": " ",
    "weight": 0,
    "volume": 0,
    "integral_volume": 0,
    "price": 0,
    "material": [ "plastic", "steel" ],
    "symbol": ":",
    "color": "dark_gray",
    "location": "underbarrel",
    "mod_targets": [ "smg", "rifle", "pistol", "shotgun", "crossbow", "launcher" ]
  }
]
