[
  {
    "id": "survbowpack",
    "type": "ARMOR",
    "name": "幸存者弓箭手背包",
    "//": "This adds the quiver function.",
    "description": "一个定制的背包经过进一步修改后就是射手最好的依靠.他拥有可以接受的累赘,大容量的存储和一个实用的箭筒.",
    "weight": 800,
    "volume": 10,
    "price": 36000,
    "to_hit": 0,
    "phase": "solid",
    "material": [ "leather", "cotton" ],
    "symbol": "[",
    "color": "brown",
    "covers": [ "TORSO" ],
    "coverage": 30,
    "encumbrance": 10,
    "storage": 50,
    "warmth": 20,
    "material_thickness": 2,
    "use_action": {
      "type": "bandolier",
      "capacity": 60,
      "ammo": [ "arrow", "bolt" ],
      "draw_cost": 3
    },
    "flags": [ "WATER_FRIENDLY", "STURDY", "BELTED", "QUIVER_60" ]
  },
  {
    "id": "surv_suit",
    "type": "ARMOR",
    "category": "armor",
    "name": "幸存者侦察套装",
    "//": "To weld!",
    "description": "一套用来在荒野生活的自制套装,有充足的储存空间,温暖的毛皮衬里,不错的环境和物理保护,内置手表,防毒面具和镶合护套环.在灾难中,这套衣服非常适合应对各种情况.",
    "weight": 12840,
    "volume": 50,
    "price": 180000,
    "to_hit": -3,
    "bashing": 6,
    "phase": "solid",
    "material": [ "leather", "kevlar" ],
    "symbol": "[",
    "color": "brown",
    "covers": [ "LEGS", "TORSO", "ARMS", "HANDS", "FEET", "MOUTH", "EYES", "HEAD" ],
    "coverage": 100,
    "encumbrance": 20,
    "storage": 80,
    "warmth": 50,
    "material_thickness": 5,
    "environmental_protection": 18,
    "qualities": [ [ "GLARE", 1 ] ],
    "use_action": {
      "type": "holster",
      "holster_prompt": "Sheath knife",
      "holster_msg": "You sheath your %s",
      "max_volume": 10,
      "draw_cost": 80,
      "multi": 2,
      "flags": [ "SHEATH_KNIFE", "SHEATH_SWORD" ],
      "//": "Allows all blades to be sheathed."
    },
    "flags": [ "VARSIZE", "OVERSIZE", "WATERPROOF", "RAINPROOF", "RAD_PROOF", "ELECTRIC_IMMUNE", "GAS_PROOF", "STURDY", "ALLOWS_NATURAL_ATTACKS", "SUN_GLASSES", "WATCH", "ALARMCLOCK", "SUPER_FANCY" ]
  },
  {
    "id": "surv_armor_suit",
    "type": "ARMOR",
    "category": "armor",
    "name": "幸存者装甲侦察套装",
    "//": "Harder to repair but more durable.",
    "description": "一套用来在荒野生活的自制套装,有充足的储存空间,温暖的毛皮衬里,优秀的环境和物理保护,内置手表,防毒面具和加固护套环.这套衣服是用凯夫拉纤维精心制作而成的.在灾难中,这套衣服非常适合应对各种情况.",
    "weight": 26360,
    "volume": 50,
    "price": 180000,
    "to_hit": -3,
    "bashing": 6,
    "phase": "solid",
    "material": [ "kevlar", "steel" ],
    "symbol": "[",
    "color": "brown",
    "covers": [ "LEGS", "TORSO", "ARMS", "HANDS", "FEET", "MOUTH", "EYES", "HEAD" ],
    "coverage": 100,
    "encumbrance": 30,
    "storage": 80,
    "warmth": 50,
    "material_thickness": 5,
    "environmental_protection": 18,
    "qualities": [ [ "GLARE", 1 ] ],
    "use_action": {
      "type": "holster",
      "holster_prompt": "Sheath knife",
      "holster_msg": "You sheath your %s",
      "max_volume": 10,
      "draw_cost": 80,
      "multi": 2,
      "flags": [ "SHEATH_KNIFE", "SHEATH_SWORD" ]
    },
    "flags": [ "VARSIZE", "OVERSIZE", "WATERPROOF", "RAINPROOF", "RAD_PROOF", "ELECTRIC_IMMUNE", "GAS_PROOF", "STURDY", "ALLOWS_NATURAL_ATTACKS", "SUN_GLASSES", "WATCH", "ALARMCLOCK", "SUPER_FANCY" ]
  },
  {
    "id": "badge_bio_weapon",
    "type": "ARMOR",
    "name": "生物武器徽章",
    "description": "一个圆形的银徽章,生物武器项目的身份证明.",
    "weight": 60,
    "volume": 0,
    "price": 5000,
    "to_hit": 0,
    "phase": "solid",
    "material": [ "silver" ],
    "symbol": "[",
    "color": "yellow",
    "coverage": 0,
    "encumbrance": 0,
    "warmth": 0,
    "material_thickness": 0
  },
  {
    "id": "badge_bio_weapon_apophis",
    "type": "ARMOR",
    "name": "生物武器阿波菲斯徽章",
    "description": "一个圆形的银徽章,生物武器项目的身份证明.上面刻着“阿波菲斯”.",
    "weight": 60,
    "volume": 0,
    "price": 10000,
    "to_hit": 0,
    "phase": "solid",
    "material": [ "silver" ],
    "symbol": "[",
    "color": "red",
    "coverage": 0,
    "encumbrance": 0,
    "warmth": 0,
    "material_thickness": 0
  },
  {
    "id": "stealth_cloak",
    "type": "TOOL_ARMOR",
    "name": "隐身斗篷",
    "description": "一种实验性的斗篷,它使用高度复杂的摄像机和发光二极管网络使穿戴者可以实现光学隐形.它由内置扭力棘轮驱动.由于结构的特殊性,穿戴上后很难移动,并且阻碍了穿戴者的力量、灵巧度和移动速度.",
    "weight": 1556,
    "volume": 12,
    "price": 8400000,
    "to_hit": -1,
    "phase": "solid",
    "material": [ "superalloy", "plastic" ],
    "symbol": "[",
    "color": "light_gray",
    "ammo": "NULL",
    "initial_charges": 0,
    "max_charges": 0,
    "charges_per_use": 0,
    "turns_per_charge": 0,
    "revert_to": "null",
    "covers": [ "TORSO", "HEAD", "ARMS", "LEGS" ],
    "coverage": 75,
    "encumbrance": 15,
    "warmth": 15,
    "material_thickness": 1,
    "environmental_protection": 4,
    "artifact_data": { "effects_worn": [ "AEP_INVISIBLE", "AEP_STR_DOWN", "AEP_DEX_DOWN", "AEP_SPEED_DOWN" ] },
    "use_action": {
      "target": "stealth_cloak_f",
      "msg": "You fold your cloak.",
      "type": "transform"
    },
    "flags": [ "OVERSIZE", "HOOD", "WATERPROOF", "OUTER", "VARSIZE" ]
  },
  {
    "id": "boots_stealth",
    "type": "TOOL_ARMOR",
    "category": "armor",
    "name": "强化消声靴",
    "name_plural": "强化消声靴",
    "description": "实验性的强化靴,完全消除你的脚步声,但同时你的行动会更慢.",
    "weight": 1280,
    "volume": 10,
    "price": 26000,
    "to_hit": -1,
    "bashing": 1,
    "phase": "solid",
    "material": [ "kevlar", "leather" ],
    "symbol": "[",
    "color": "dark_gray",
    "ammo": "NULL",
    "initial_charges": 0,
    "max_charges": 0,
    "charges_per_use": 0,
    "turns_per_charge": 0,
    "revert_to": "null",
    "covers": [ "FEET" ],
    "coverage": 100,
    "encumbrance": 18,
    "warmth": 25,
    "material_thickness": 3,
    "environmental_protection": 2,
    "artifact_data": { "effects_worn": [ "AEP_STEALTH", "AEP_SPEED_DOWN" ] },
    "use_action": "ARTIFACT",
    "flags": [ "VARSIZE", "WATERPROOF", "STURDY", "BOOTS" ]
  },
  {
    "id": "goggles_nv_clairvoyance",
    "type": "TOOL_ARMOR",
    "name": "伽玛护目镜",
    "name_plural": "伽玛护目镜",
    "description": "实验性护目镜,通过发射伽玛光线,可以看穿墙壁和夜幕.由于可能受到辐射中毒的危险,不推荐长时间使用.",
    "weight": 158,
    "volume": 2,
    "price": 26000,
    "to_hit": -3,
    "phase": "solid",
    "material": [ "plastic", "steel" ],
    "symbol": "[",
    "color": "dark_gray",
    "ammo": "NULL",
    "initial_charges": 0,
    "max_charges": 0,
    "charges_per_use": 0,
    "turns_per_charge": 0,
    "revert_to": "null",
    "covers": [ "EYES" ],
    "coverage": 100,
    "encumbrance": 30,
    "warmth": 10,
    "material_thickness": 4,
    "environmental_protection": 5,
    "artifact_data": { "effects_worn": [ "AEP_CLAIRVOYANCE", "AEP_RADIOACTIVE", "AEP_GLOW" ] },
    "use_action": "ARTIFACT",
    "flags": [ "GNV_EFFECT", "WATERPROOF", "STURDY" ]
  },
  {
    "id": "lmil_armor",
    "type": "ARMOR",
    "category": "armor",
    "name": "轻型军用装甲",
    "description": "一套灰色的轻便全身防弹盔甲.轻便的代价是关节处几乎没有装甲保护.",
    "weight": 9600,
    "volume": 30,
    "price": 320000,
    "to_hit": -3,
    "bashing": 5,
    "material": [ "kevlar", "cotton" ],
    "symbol": "[",
    "color": "dark_gray",
    "covers": [ "HEAD", "TORSO", "ARMS", "HANDS", "LEGS", "FEET" ],
    "coverage": 90,
    "encumbrance": 25,
    "storage": 0,
    "warmth": 30,
    "material_thickness": 6,
    "environmental_protection": 4,
    "flags": [ "STURDY" ]
  },
  {
    "id": "mil_armor",
    "type": "ARMOR",
    "category": "armor",
    "name": "军用装甲",
    "description": "一套灰色的全身防弹盔甲.关节处有皮革保护.",
    "weight": 12800,
    "volume": 30,
    "price": 350000,
    "to_hit": -3,
    "bashing": 5,
    "material": [ "kevlar", "leather" ],
    "symbol": "[",
    "color": "dark_gray",
    "covers": [ "HEAD", "TORSO", "ARMS", "HANDS", "LEGS", "FEET" ],
    "coverage": 95,
    "encumbrance": 30,
    "storage": 0,
    "warmth": 40,
    "material_thickness": 6,
    "environmental_protection": 4,
    "flags": [ "STURDY" ]
  },
  {
    "id": "hmil_armor",
    "type": "ARMOR",
    "category": "armor",
    "name": "重型军用装甲",
    "description": "一套灰色的全身防弹盔甲.提供防护能力的同时相当影响灵活性.",
    "weight": 25200,
    "volume": 30,
    "price": 400000,
    "to_hit": -3,
    "bashing": 5,
    "material": [ "kevlar", "leather" ],
    "symbol": "[",
    "color": "dark_gray",
    "covers": [ "HEAD", "TORSO", "ARMS", "HANDS", "LEGS", "FEET" ],
    "coverage": 95,
    "encumbrance": 35,
    "storage": 0,
    "warmth": 30,
    "material_thickness": 6,
    "environmental_protection": 4,
    "flags": [ "STURDY" ]
  },
  {
    "id": "fancy_bra",
    "type": "ARMOR",
    "name": "时尚文胸",
    "name_plural": "时尚文胸",
    "description": "一个由时装设计师制作的最新款精美文胸.满足你的虚荣心,穿上去后看起来很不错.",
    "weight": 35,
    "volume": 1,
    "price": 5000,
    "material": [ "cotton" ],
    "symbol": "[",
    "color": "white",
    "covers": [ "TORSO" ],
    "coverage": 15,
    "warmth": 5,
    "material_thickness": 2,
    "flags": [ "VARSIZE", "SKINTIGHT", "SUPER_FANCY" ]
  },
  {
    "id": "thong",
    "type": "ARMOR",
    "name": "丁字裤",
    "name_plural": "丁字裤",
    "description": "女性内衣,比一般的内裤更小,非常吸引异性的关注.",
    "weight": 30,
    "volume": 1,
    "price": 2500,
    "material": [ "cotton" ],
    "symbol": "[",
    "color": "white",
    "covers": [ "LEGS" ],
    "coverage": 12,
    "warmth": 5,
    "material_thickness": 1,
    "flags": [ "VARSIZE", "SKINTIGHT", "FANCY" ]
  },
  {
    "id": "dress_skirt",
    "type": "ARMOR",
    "name": "礼服裙",
    "description": "一条短而轻快的棉裙.轻便,但没有口袋.",
    "weight": 75,
    "volume": 1,
    "price": 8000,
    "material": [ "cotton" ],
    "symbol": "[",
    "color": "dark_gray",
    "covers": [ "LEGS" ],
    "coverage": 50,
    "encumbrance": 2,
    "warmth": 5,
    "material_thickness": 1,
    "flags": [ "VARSIZE", "FANCY" ]
  },
  {
    "id": "microskirt",
    "type": "ARMOR",
    "name": "超短裙",
    "description": "一件短边的裙子.没有口袋,穿起来既轻便又舒服.",
    "weight": 11,
    "volume": 1,
    "price": 3000,
    "material": [ "cotton" ],
    "symbol": "[",
    "color": "pink",
    "covers": [ "LEGS" ],
    "coverage": 7,
    "material_thickness": 1,
    "flags": [ "VARSIZE", "FANCY" ]
  }
]
