[
  {
    "id": "bio_laser_minigun",
    "type": "GUN",
    "name": "激光加特林臂",
    "description": "你的左臂现在变成了使用UPS动力的激光加特林机枪.",
    "volume": 12,
    "price": 0,
    "material": [
      "steel",
      "plastic"
    ],
    "symbol": "(",
    "color": "magenta",
    "skill": "rifle",
    "range": 30,
    "ranged_damage": 20,
    "pierce": 15,
    "dispersion": 10,
    "sight_dispersion": 150,
    "aim_speed": 0,
    "durability": 10,
    "modes": [
      [
        "DEFAULT",
        "auto",
        20
      ]
    ],
    "reload": 500,
    "ammo_effects": [
      "LASER",
      "INCENDIARY"
    ],
    "flags": [
      "NEVER_JAMS",
      "TRADER_AVOID"
    ]
  },
  {
    "type": "bionic",
    "id": "bio_laser_armgun",
    "name": "激光加特林臂",
    "occupied_bodyparts": [
      [
        "ARM_L",
        20
      ],
      [
        "HAND_L",
        5
      ]
    ],
    "act_cost": 100,
    "flags": [ "BIONIC_TOGGLED", "BIONIC_WEAPON" ],
    "fake_item": "bio_laser_minigun",
    "description": "你的左臂已经被特制激光加特林机枪所取代!你可以用你的能源充能并发射一连串的激光.但是你再也不能使用或携带需要双手操作的物品,你以后只能靠右手了."
  },
  {
    "type": "BIONIC_ITEM",
    "category": "bionics",
    "id": "bio_laser_armgun",
    "symbol": ":",
    "color": "yellow",
    "name": "激光加特林臂CBM",
    "description": "你的左臂已经被特制激光加特林机枪所取代!你可以用你的能源充能并发射一连串的激光.但是你再也不能使用或携带需要双手操作的物品,你以后只能靠右手了.",
    "price": 220000,
    "material": [
      "steel",
      "plastic"
    ],
    "weight": 2041,
    "volume": 10,
    "bashing": 8,
    "difficulty": 3
  },
  {
    "type": "GENERIC",
    "id": "bio_sword_weapon",
    "name": "单分子剑",
    "description": "一种由高科技合金制成的长剑,并且有实验研发的纳米晶体镀层.",
    "weight": 100,
    "to_hit": 3,
    "color": "dark_gray",
    "symbol": "{",
    "material": [
      "superalloy"
    ],
    "techniques": [
      "RAPID",
      "WBLOCK_2"
    ],
    "volume": 9,
    "cutting": 48,
    "flags": [
      "NON_STUCK",
      "NO_UNWIELD",
      "UNBREAKABLE_MELEE",
      "TRADER_AVOID"
    ],
    "qualities": [
      [
        "CUT",
        1
      ],
      [
        "BUTCHER",
        22
      ]
    ]
  },
  {
    "type": "bionic",
    "id": "bio_sword",
    "name": "单分子剑",
    "occupied_bodyparts": [
      [
        "ARM_R",
        5
      ],
      [
        "HAND_R",
        2
      ]
    ],
    "flags": [ "BIONIC_TOGGLED", "BIONIC_WEAPON" ],
    "act_cost": 200,
    "fake_item": "bio_sword_weapon",
    "description": "一种由先进材料制成的致命长刃,平时就缩在你的前臂里,能够消耗少量的能量从你的手腕背部弹出,.虽然它非常轻便且锋利,但它在伸展的时候会妨碍你拿取任何东西."
  },
  {
    "type": "BIONIC_ITEM",
    "category": "bionics",
    "id": "bio_sword",
    "symbol": ":",
    "color": "yellow",
    "name": "单分子剑CBM",
    "description": "一种由先进材料制成的致命长刃,平时就缩在你的前臂里,能够消耗少量的能量从你的手腕背部弹出,.虽然它非常轻便且锋利,但它在伸展的时候会妨碍你拿取任何东西.",
    "price": 8000,
    "material": [
      "steel",
      "plastic"
    ],
    "weight": 2041,
    "volume": 10,
    "bashing": 8,
    "difficulty": 8
  },
  {
    "id": "bio_flamethrower_gun",
    "type": "GUN",
    "name": "双手火焰喷射器",
    "description": "植入你的手掌的小型火焰喷射器系统,使用仿生能量并消耗空气中的氧气喷射火焰.",
    "volume": 12,
    "price": 0,
    "material": [
      "steel",
      "plastic"
    ],
    "symbol": "(",
    "color": "red",
    "skill": "rifle",
    "range": 5,
    "ranged_damage": 5,
    "pierce": 0,
    "dispersion": 300,
    "sight_dispersion": 150,
    "aim_speed": 8,
    "durability": 10,
    "modes": [
      [
        "DEFAULT",
        "auto",
        5
      ]
    ],
    "reload": 500,
    "ammo_effects": [
      "FLAME",
      "INCENDIARY"
    ],
    "flags": [
      "NEVER_JAMS",
      "TRADER_AVOID"
    ]
  },
  {
    "type": "bionic",
    "id": "bio_flamethrower",
    "name": "双手火焰喷射器",
    "occupied_bodyparts": [
      [
        "HAND_R",
        2
      ],
      [
        "HAND_L",
        2
      ]
    ],
    "act_cost": 100,
    "flags": [ "BIONIC_TOGGLED", "BIONIC_WEAPON" ],
    "fake_item": "bio_flamethrower_gun",
    "description": "植入你的手掌小型火焰喷射器系统,使用仿生能量并消耗空气中的氧气喷射火焰."
  },
  {
    "type": "BIONIC_ITEM",
    "category": "bionics",
    "id": "bio_flamethrower",
    "symbol": ":",
    "color": "yellow",
    "name": "双手火焰喷射器CBM",
    "description": "植入你的手掌小型火焰喷射器系统,使用仿生能量并消耗空气中的氧气喷射火焰.",
    "price": 220000,
    "material": [
      "steel",
      "plastic"
    ],
    "weight": 2041,
    "volume": 10,
    "bashing": 8,
    "difficulty": 4
  }
]
