[
  {
    "id": "encyclopedia_mechanics",
    "type": "BOOK",
    "name": "重建文明:机械学",
    "description": "《重建文明百科》机械学篇.这本书详细介绍了从简单的机器到亚氨发动机的原理与作用.",
    "weight": 1800,
    "volume": 8,
    "price": 8000,
    "bashing": 4,
    "material": [ "paper" ],
    "symbol": "?",
    "color": "blue",
    "skill": "mechanics",
    "required_level": 0,
    "max_level": 10,
    "intelligence": 8,
    "time": 30,
    "fun": -1
  },
  {
    "id": "encyclopedia_fabrication",
    "type": "BOOK",
    "name": "重建文明:制造",
    "description": "《重建文明百科》制造篇.这本书囊括了一切,从如何制作简单的石器工具到重建埃及金字塔的步骤细节.",
    "weight": 1800,
    "volume": 8,
    "price": 8000,
    "bashing": 4,
    "material": [ "paper" ],
    "symbol": "?",
    "color": "blue",
    "skill": "fabrication",
    "required_level": 0,
    "max_level": 10,
    "intelligence": 8,
    "time": 30,
    "fun": -1
  },
  {
    "id": "encyclopedia_archery",
    "type": "BOOK",
    "name": "重建文明:弓箭",
    "description": "《重建文明百科》弓箭篇.这本书包含了从判断距离到计算抛物线的细节.",
    "weight": 1800,
    "volume": 8,
    "price": 8000,
    "bashing": 4,
    "material": [ "paper" ],
    "symbol": "?",
    "color": "blue",
    "skill": "archery",
    "required_level": 0,
    "max_level": 10,
    "intelligence": 8,
    "time": 30,
    "fun": -1
  },
  {
    "id": "encyclopedia_barter",
    "type": "BOOK",
    "name": "重建文明:以物易物",
    "description": "《重建文明百科》以物易物篇.这本书包含了所有的东西,如何从灾难后崩溃重组的不稳定经济体系,到创建出灾难前稳定的社会经济体系的细节.",
    "weight": 1800,
    "volume": 8,
    "price": 8000,
    "bashing": 4,
    "material": [ "paper" ],
    "symbol": "?",
    "color": "blue",
    "skill": "barter",
    "required_level": 0,
    "max_level": 10,
    "intelligence": 8,
    "time": 30,
    "fun": -1
  },
  {
    "id": "encyclopedia_bashing",
    "type": "BOOK",
    "name": "重建文明:钝击武器",
    "description": "《重建文明百科》钝击武器篇.这本书包含了从用铁管简单的挥舞自卫到正确的挥动技术的一切细节.",
    "weight": 1800,
    "volume": 8,
    "price": 8000,
    "bashing": 4,
    "material": [ "paper" ],
    "symbol": "?",
    "color": "blue",
    "skill": "bashing",
    "required_level": 0,
    "max_level": 10,
    "intelligence": 8,
    "time": 30,
    "fun": -1
  },
  {
    "id": "encyclopedia_computer",
    "type": "BOOK",
    "name": "重建文明:计算机",
    "description": "《重建文明百科》计算机篇.本书包含了从基本程序到网络安全算法的所有细节.",
    "weight": 1800,
    "volume": 8,
    "price": 8000,
    "bashing": 4,
    "material": [ "paper" ],
    "symbol": "?",
    "color": "blue",
    "skill": "computer",
    "required_level": 0,
    "max_level": 10,
    "intelligence": 8,
    "time": 30,
    "fun": -1
  },
  {
    "id": "encyclopedia_cooking",
    "type": "BOOK",
    "name": "重建文明:烹饪",
    "description": "《重建文明百科》烹调篇.这本书包含了从简单烹饪到生物化学的细节.",
    "weight": 1800,
    "volume": 8,
    "price": 8000,
    "bashing": 4,
    "material": [ "paper" ],
    "symbol": "?",
    "color": "blue",
    "skill": "cooking",
    "required_level": 0,
    "max_level": 10,
    "intelligence": 8,
    "time": 30,
    "fun": -1
  },
  {
    "id": "encyclopedia_cutting",
    "type": "BOOK",
    "name": "重建文明:劈砍武器",
    "description": "《重建文明百科》劈砍武器篇.这本书包含了使用玻璃剃刃到中世纪剑术的一切细节.",
    "weight": 1800,
    "volume": 8,
    "price": 8000,
    "bashing": 4,
    "material": [ "paper" ],
    "symbol": "?",
    "color": "blue",
    "skill": "cutting",
    "required_level": 0,
    "max_level": 10,
    "intelligence": 8,
    "time": 30,
    "fun": -1
  },
  {
    "id": "encyclopedia_dodge",
    "type": "BOOK",
    "name": "重建文明:闪避",
    "description": "《重建文明百科》闪避篇.这本书包含了从跳舞到跑酷的细节.",
    "weight": 1800,
    "volume": 8,
    "price": 8000,
    "bashing": 4,
    "material": [ "paper" ],
    "symbol": "?",
    "color": "blue",
    "skill": "dodge",
    "required_level": 0,
    "max_level": 10,
    "intelligence": 8,
    "time": 30,
    "fun": -1
  },
  {
    "id": "encyclopedia_driving",
    "type": "BOOK",
    "name": "重建文明:驾驶",
    "description": "《重建文明百科》驾驶篇.这本书包含了从驾驶三轮车到专业赛车的所有细节.",
    "weight": 1800,
    "volume": 8,
    "price": 8000,
    "bashing": 4,
    "material": [ "paper" ],
    "symbol": "?",
    "color": "blue",
    "skill": "driving",
    "required_level": 0,
    "max_level": 10,
    "intelligence": 8,
    "time": 30,
    "fun": -1
  },
  {
    "id": "encyclopedia_electronics",
    "type": "BOOK",
    "name": "重建文明:电子产品",
    "description": "《重建文明百科》电子产品篇.这本书包含了从简单的电路到军事机器人的细节.",
    "weight": 1800,
    "volume": 8,
    "price": 8000,
    "bashing": 4,
    "material": [ "paper" ],
    "symbol": "?",
    "color": "blue",
    "skill": "electronics",
    "required_level": 0,
    "max_level": 10,
    "intelligence": 8,
    "time": 30,
    "fun": -1
  },
  {
    "id": "encyclopedia_firstaid",
    "type": "BOOK",
    "name": "重建文明:急救",
    "description": "《重建文明百科》急救篇.这本书包含了从合适的绷带应用到内科手术的细节.",
    "weight": 1800,
    "volume": 8,
    "price": 8000,
    "bashing": 4,
    "material": [ "paper" ],
    "symbol": "?",
    "color": "blue",
    "skill": "firstaid",
    "required_level": 0,
    "max_level": 10,
    "intelligence": 8,
    "time": 30,
    "fun": -1
  },
  {
    "id": "encyclopedia_gun",
    "type": "BOOK",
    "name": "重建文明:枪法",
    "description": "《重建文明百科》枪法篇. 这本书包含了从机瞄到军事狙击技术的所有细节. ",
    "weight": 1800,
    "volume": 8,
    "price": 8000,
    "bashing": 4,
    "material": [ "paper" ],
    "symbol": "?",
    "color": "blue",
    "skill": "gun",
    "required_level": 0,
    "max_level": 10,
    "intelligence": 8,
    "time": 30,
    "fun": -1
  },
  {
    "id": "encyclopedia_launcher",
    "type": "BOOK",
    "name": "重建文明:重武器",
    "description": "《重建文明百科》发射器篇.这本书包含了从使用喷漆火焰喷射器到无后座力炮的细节. ",
    "weight": 1800,
    "volume": 8,
    "price": 8000,
    "bashing": 4,
    "material": [ "paper" ],
    "symbol": "?",
    "color": "blue",
    "skill": "launcher",
    "required_level": 0,
    "max_level": 10,
    "intelligence": 8,
    "time": 30,
    "fun": -1
  },
  {
    "id": "encyclopedia_melee",
    "type": "BOOK",
    "name": "重建文明:近身战斗",
    "description": "《重建文明百科》近身战斗篇. 这本书包含了从使用一个武术分支到常见武术运用及反制的细节. ",
    "weight": 1800,
    "volume": 8,
    "price": 8000,
    "bashing": 4,
    "material": [ "paper" ],
    "symbol": "?",
    "color": "blue",
    "skill": "melee",
    "required_level": 0,
    "max_level": 10,
    "intelligence": 8,
    "time": 30,
    "fun": -1
  },
  {
    "id": "encyclopedia_pistol",
    "type": "BOOK",
    "name": "重建文明:手枪",
    "description": "《重建文明百科》手枪篇. 本书包含了从使用zip手枪到激光手枪的细节. ",
    "weight": 1800,
    "volume": 8,
    "price": 8000,
    "bashing": 4,
    "material": [ "paper" ],
    "symbol": "?",
    "color": "blue",
    "skill": "pistol",
    "required_level": 0,
    "max_level": 10,
    "intelligence": 8,
    "time": 30,
    "fun": -1
  },
  {
    "id": "encyclopedia_rifle",
    "type": "BOOK",
    "name": "重建文明:步枪",
    "description": "《重建文明百科》步枪篇. 这本书包含了从使用zip步枪到激光步枪的细节. ",
    "weight": 1800,
    "volume": 8,
    "price": 8000,
    "bashing": 4,
    "material": [ "paper" ],
    "symbol": "?",
    "color": "blue",
    "skill": "rifle",
    "required_level": 0,
    "max_level": 10,
    "intelligence": 8,
    "time": 30,
    "fun": -1
  },
  {
    "id": "encyclopedia_shotgun",
    "type": "BOOK",
    "name": "重建文明:霰弹枪",
    "description": "《重建文明百科》霰弹枪篇. 这本书包含了从使用霰弹枪到激光散射枪的细节. ",
    "weight": 1800,
    "volume": 8,
    "price": 8000,
    "bashing": 4,
    "material": [ "paper" ],
    "symbol": "?",
    "color": "blue",
    "skill": "shotgun",
    "required_level": 0,
    "max_level": 10,
    "intelligence": 8,
    "time": 30,
    "fun": -1
  },
  {
    "id": "encyclopedia_smg",
    "type": "BOOK",
    "name": "重建文明:轻机枪",
    "description": "《重建文明百科》轻机枪篇. 这本书包含了从使用简单的冲锋枪到激光加特林的细节. ",
    "weight": 1800,
    "volume": 8,
    "price": 8000,
    "bashing": 4,
    "material": [ "paper" ],
    "symbol": "?",
    "color": "blue",
    "skill": "smg",
    "required_level": 0,
    "max_level": 10,
    "intelligence": 8,
    "time": 30,
    "fun": -1
  },
  {
    "id": "encyclopedia_speech",
    "type": "BOOK",
    "name": "重建文明:演讲",
    "description": "《重建文明百科》演讲篇. 这本书包含了从招募幸存者到管理幸存者营地的细节. ",
    "weight": 1800,
    "volume": 8,
    "price": 8000,
    "bashing": 4,
    "material": [ "paper" ],
    "symbol": "?",
    "color": "blue",
    "skill": "speech",
    "required_level": 0,
    "max_level": 10,
    "intelligence": 8,
    "time": 30,
    "fun": -1
  },
  {
    "id": "encyclopedia_stabbing",
    "type": "BOOK",
    "name": "重建文明:穿刺武器",
    "description": "《重建文明百科》穿刺武器篇. 这本书包含了从使用刀片到长矛战斗的细节. ",
    "weight": 1800,
    "volume": 8,
    "price": 8000,
    "bashing": 4,
    "material": [ "paper" ],
    "symbol": "?",
    "color": "blue",
    "skill": "stabbing",
    "required_level": 0,
    "max_level": 10,
    "intelligence": 8,
    "time": 30,
    "fun": -1
  },
  {
    "id": "encyclopedia_survival",
    "type": "BOOK",
    "name": "重建文明:生存",
    "description": "《重建文明百科》生存篇. 这本书详细描述了从露营到生存的一切. ",
    "weight": 1800,
    "volume": 8,
    "price": 8000,
    "bashing": 4,
    "material": [ "paper" ],
    "symbol": "?",
    "color": "blue",
    "skill": "survival",
    "required_level": 0,
    "max_level": 10,
    "intelligence": 8,
    "time": 30,
    "fun": -1
  },
  {
    "id": "encyclopedia_swimming",
    "type": "BOOK",
    "name": "重建文明:游泳",
    "description": "《重建文明百科》游泳篇. 这本书包含了从休闲游泳到穿越河流的细节. ",
    "weight": 1800,
    "volume": 8,
    "price": 8000,
    "bashing": 4,
    "material": [ "paper" ],
    "symbol": "?",
    "color": "blue",
    "skill": "swimming",
    "required_level": 0,
    "max_level": 10,
    "intelligence": 8,
    "time": 30,
    "fun": -1
  },
  {
    "id": "encyclopedia_tailor",
    "type": "BOOK",
    "name": "重建文明:裁剪",
    "description": "《重建文明百科》裁剪篇. 这本书包含了从修补衣服到时装设计的细节. ",
    "weight": 1800,
    "volume": 8,
    "price": 8000,
    "bashing": 4,
    "material": [ "paper" ],
    "symbol": "?",
    "color": "blue",
    "skill": "tailor",
    "required_level": 0,
    "max_level": 10,
    "intelligence": 8,
    "time": 30,
    "fun": -1
  },
  {
    "id": "encyclopedia_throw",
    "type": "BOOK",
    "name": "重建文明:投掷",
    "description": "《重建文明百科》投掷篇. 这本书包含了从用投索投石到鱼叉狩猎的一切细节. ",
    "weight": 1800,
    "volume": 8,
    "price": 8000,
    "bashing": 4,
    "material": [ "paper" ],
    "symbol": "?",
    "color": "blue",
    "skill": "throw",
    "required_level": 0,
    "max_level": 10,
    "intelligence": 8,
    "time": 30,
    "fun": -1
  },
  {
    "id": "encyclopedia_traps",
    "type": "BOOK",
    "name": "重建文明:陷阱",
    "description": "《重建文明百科》陷阱篇. 这本书包含了从挖坑到解除地雷的细节. ",
    "weight": 1800,
    "volume": 8,
    "price": 8000,
    "bashing": 4,
    "material": [ "paper" ],
    "symbol": "?",
    "color": "blue",
    "skill": "traps",
    "required_level": 0,
    "max_level": 10,
    "intelligence": 8,
    "time": 30,
    "fun": -1
  },
  {
    "id": "encyclopedia_unarmed",
    "type": "BOOK",
    "name": "重建文明:徒手格斗",
    "description": "《重建文明百科》徒手格斗篇. 这本书包含了从自卫技术到mma战斗的一切细节. ",
    "weight": 1800,
    "volume": 8,
    "price": 8000,
    "bashing": 4,
    "material": [ "paper" ],
    "symbol": "?",
    "color": "blue",
    "skill": "unarmed",
    "required_level": 0,
    "max_level": 10,
    "intelligence": 8,
    "time": 30,
    "fun": -1
  }
]
