[
  {
    "id": "camping",
    "type": "item_group",
    "items": [
      [ "surcan", 10 ],
      [ "hammer_multitool", 10 ],
      [ "parawatch", 10 ],
      [ "parabracelets", 10 ]
    ]
  },
  {
    "id": "sports",
    "type": "item_group",
    "items": [
      [ "surcan", 10 ],
      [ "hammer_multitool", 10 ],
      [ "parawatch", 10 ],
      [ "parabracelets", 10 ]
    ]
  },
  {
    "id": "allsporting",
    "type": "item_group",
    "items": [
      [ "surcan", 10 ],
      [ "hammer_multitool", 10 ],
      [ "parawatch", 10 ],
      [ "parabracelets", 10 ]
    ]
  },
  {
    "id": "gunxtras",
    "type": "item_group",
    "items": [
      [ "fr_22", 5 ],
      [ "fr_223", 5 ],
      [ "fr_308", 5 ],
      [ "fr_9mm", 5 ],
      [ "fr_12", 5 ],
      [ "fr_762", 5 ],
      [ "22aux", 1 ],
      [ "9mmaux", 1 ],
      [ "45aux", 1 ]
    ]
  },
  {
    "id": "gunsmith_gunparts",
    "type": "item_group",
    "items": [
      [ "fr_22", 5 ],
      [ "fr_223", 5 ],
      [ "fr_308", 5 ],
      [ "fr_9mm", 5 ],
      [ "fr_12", 5 ],
      [ "fr_762", 5 ],
      [ "22aux", 1 ],
      [ "9mmaux", 1 ],
      [ "45aux", 1 ]
    ]
  },
  {
    "id": "cop_armory",
    "type": "item_group",
    "items": [
      [ "fr_22", 2 ],
      [ "fr_223", 2 ],
      [ "fr_308", 2 ],
      [ "fr_9mm", 2 ],
      [ "fr_12", 2 ],
      [ "fr_762", 2 ],
      [ "22aux", 1 ],
      [ "9mmaux", 1 ],
      [ "45aux", 1 ]
    ]
  },
  {
    "id": "cop_gear",
    "type": "item_group",
    "items": [
      [ "fr_22", 2 ],
      [ "fr_223", 2 ],
      [ "fr_308", 2 ],
      [ "fr_9mm", 2 ],
      [ "fr_12", 2 ],
      [ "fr_762", 2 ],
      [ "22aux", 1 ],
      [ "9mmaux", 1 ],
      [ "45aux", 1 ]
    ]
  },
  {
    "id": "cop_evidence",
    "type": "item_group",
    "items": [
      [ "fr_22", 2 ],
      [ "fr_223", 2 ],
      [ "fr_308", 2 ],
      [ "fr_9mm", 2 ],
      [ "fr_12", 2 ],
      [ "fr_762", 2 ],
      [ "22aux", 1 ],
      [ "9mmaux", 1 ],
      [ "45aux", 1 ]
    ]
  },
  {
    "id": "contraband",
    "type": "item_group",
    "items": [
      [ "fr_22", 2 ],
      [ "fr_223", 2 ],
      [ "fr_308", 2 ],
      [ "fr_9mm", 2 ],
      [ "fr_12", 2 ],
      [ "fr_762", 2 ],
      [ "22aux", 1 ],
      [ "9mmaux", 1 ],
      [ "45aux", 1 ]
    ]
  },
  {
    "id": "swat_gear",
    "type": "item_group",
    "items": [
      [ "fr_22", 2 ],
      [ "fr_223", 2 ],
      [ "fr_308", 2 ],
      [ "fr_9mm", 2 ],
      [ "fr_12", 2 ],
      [ "fr_762", 2 ],
      [ "22aux", 1 ],
      [ "9mmaux", 1 ],
      [ "45aux", 1 ]
    ]
  },
  {
    "id": "lmoe_guns",
    "type": "item_group",
    "items": [
      [ "fr_22", 2 ],
      [ "fr_223", 2 ],
      [ "fr_308", 2 ],
      [ "fr_9mm", 2 ],
      [ "fr_12", 2 ],
      [ "fr_762", 2 ],
      [ "22aux", 1 ],
      [ "9mmaux", 1 ],
      [ "45aux", 1 ]
    ]
  },
  {
    "id": "vault",
    "type": "item_group",
    "items": [
      [ "fr_22", 2 ],
      [ "fr_223", 2 ],
      [ "fr_308", 2 ],
      [ "fr_9mm", 2 ],
      [ "fr_12", 2 ],
      [ "fr_762", 2 ],
      [ "22aux", 1 ],
      [ "9mmaux", 1 ],
      [ "45aux", 1 ],
      [ "lmil_armor", 1 ],
      [ "mil_armor", 1 ],
      [ "hmil_armor", 1 ]
    ]
  },
  {
    "id": "mil_hw",
    "type": "item_group",
    "items": [
      [ "fr_22", 2 ],
      [ "fr_223", 2 ],
      [ "fr_308", 2 ],
      [ "fr_9mm", 2 ],
      [ "fr_12", 2 ],
      [ "fr_762", 2 ],
      [ "22aux", 1 ],
      [ "9mmaux", 1 ],
      [ "45aux", 1 ],
      [ "lmil_armor", 2 ],
      [ "mil_armor", 2 ],
      [ "hmil_armor", 2 ]
    ]
  },
  {
    "id": "military",
    "type": "item_group",
    "items": [
      [ "fr_22", 2 ],
      [ "fr_223", 2 ],
      [ "fr_308", 2 ],
      [ "fr_9mm", 2 ],
      [ "fr_12", 2 ],
      [ "fr_762", 2 ],
      [ "22aux", 1 ],
      [ "9mmaux", 1 ],
      [ "45aux", 1 ],
      [ "lmil_armor", 1 ],
      [ "mil_armor", 1 ],
      [ "hmil_armor", 1 ],
      [ "arc_laser_rifle", 2 ],
      [ "laser_sniper", 2 ],
      [ "bolt_rifle_elec", 2 ],
      [ "laser_lmg", 2 ],
      [ "megamap", 5 ],
      [ "stim", 5 ],
      [ "stealth_cloak_f", 3 ],
      [ "boots_stealth", 3 ],
      [ "goggles_nv_clairvoyance", 3 ]
    ]
  },
  {
    "id": "gunsmith_mat",
    "type": "item_group",
    "items": [
      [ "fr_22", 5 ],
      [ "fr_223", 5 ],
      [ "fr_308", 5 ],
      [ "fr_9mm", 5 ],
      [ "fr_12", 5 ],
      [ "fr_762", 5 ],
      [ "22aux", 1 ],
      [ "9mmaux", 1 ],
      [ "45aux", 1 ]
    ]
  },
  {
    "id": "mil_surplus",
    "type": "item_group",
    "items": [
      [ "fr_22", 1 ],
      [ "fr_223", 1 ],
      [ "fr_308", 1 ],
      [ "fr_9mm", 1 ],
      [ "fr_12", 1 ],
      [ "fr_762", 1 ],
      [ "22aux", 1 ],
      [ "9mmaux", 1 ],
      [ "45aux", 1 ],
      [ "mil_surp_pack_1", 1 ],
      [ "mil_surp_pack_2", 1 ],
      [ "mil_surp_pack_3", 1 ]
    ]
  },
  {
    "id": "mil_accessories",
    "type": "item_group",
    "items": [
      [ "fr_22", 1 ],
      [ "fr_223", 1 ],
      [ "fr_308", 1 ],
      [ "fr_9mm", 1 ],
      [ "fr_12", 1 ],
      [ "fr_762", 1 ],
      [ "22aux", 1 ],
      [ "9mmaux", 1 ],
      [ "45aux", 1 ]
    ]
  },
  {
    "id": "army_personal_locker",
    "type": "item_group",
    "items": [
      [ "fr_22", 1 ],
      [ "fr_223", 1 ],
      [ "fr_308", 1 ],
      [ "fr_9mm", 1 ],
      [ "fr_12", 1 ],
      [ "fr_762", 1 ],
      [ "22aux", 1 ],
      [ "9mmaux", 1 ],
      [ "45aux", 1 ]
    ]
  },
  {
    "id": "survivorzed_extra",
    "type": "item_group",
    "items": [
      [ "sur_pnu_lmg", 2 ],
      [ "ups_rifle", 2 ],
      [ "ups_rifle_crank", 2 ],
      [ "surv_battery_pistol", 2 ],
      [ "surv_battery_rifle", 2 ],
      [ "surv_full_223", 2 ],
      [ "surv_full_22", 2 ],
      [ "surv_full_9mm", 2 ],
      [ "surv_full_45", 2 ],
      [ "surv_full_308", 2 ],
      [ "surv_full_762", 2 ],
      [ "surv_full_12", 2 ],
      [ "surv_lmg_308", 2 ],
      [ "surv_lmg_762", 2 ],
      [ "surv_lmg_223", 2 ],
      [ "survbow", 2 ],
      [ "surv_sniper", 2 ],
      [ "elc_bld", 2 ],
      [ "recipe_surv", 2 ],
      [ "manual_surv", 2 ]
    ]
  },
  {
    "id": "homebooks",
    "type": "item_group",
    "items": [
      [ "recipe_surv", 2 ],
      [ "manual_surv", 2 ],
      [ "encyclopedia_mechanics", 1 ],
      [ "encyclopedia_fabrication", 1 ],
      [ "encyclopedia_archery", 1 ],
      [ "encyclopedia_barter", 1 ],
      [ "encyclopedia_bashing", 1 ],
      [ "encyclopedia_computer", 1 ],
      [ "encyclopedia_cooking", 1 ],
      [ "encyclopedia_cutting", 1 ],
      [ "encyclopedia_dodge", 1 ],
      [ "encyclopedia_driving", 1 ],
      [ "encyclopedia_electronics", 1 ],
      [ "encyclopedia_firstaid", 1 ],
      [ "encyclopedia_gun", 1 ],
      [ "encyclopedia_launcher", 1 ],
      [ "encyclopedia_melee", 1 ],
      [ "encyclopedia_pistol", 1 ],
      [ "encyclopedia_rifle", 1 ],
      [ "encyclopedia_shotgun", 1 ],
      [ "encyclopedia_smg", 1 ],
      [ "encyclopedia_speech", 1 ],
      [ "encyclopedia_stabbing", 1 ],
      [ "encyclopedia_survival", 1 ],
      [ "encyclopedia_swimming", 1 ],
      [ "encyclopedia_tailor", 1 ],
      [ "encyclopedia_throw", 1 ],
      [ "encyclopedia_traps", 1 ],
      [ "encyclopedia_unarmed", 1 ]
    ]
  },
  {
    "id": "mansion_books",
    "type": "item_group",
    "items": [
      [ "recipe_surv", 2 ],
      [ "manual_surv", 2 ],
      [ "encyclopedia_mechanics", 1 ],
      [ "encyclopedia_fabrication", 1 ],
      [ "encyclopedia_archery", 1 ],
      [ "encyclopedia_barter", 1 ],
      [ "encyclopedia_bashing", 1 ],
      [ "encyclopedia_computer", 1 ],
      [ "encyclopedia_cooking", 1 ],
      [ "encyclopedia_cutting", 1 ],
      [ "encyclopedia_dodge", 1 ],
      [ "encyclopedia_driving", 1 ],
      [ "encyclopedia_electronics", 1 ],
      [ "encyclopedia_firstaid", 1 ],
      [ "encyclopedia_gun", 1 ],
      [ "encyclopedia_launcher", 1 ],
      [ "encyclopedia_melee", 1 ],
      [ "encyclopedia_pistol", 1 ],
      [ "encyclopedia_rifle", 1 ],
      [ "encyclopedia_shotgun", 1 ],
      [ "encyclopedia_smg", 1 ],
      [ "encyclopedia_speech", 1 ],
      [ "encyclopedia_stabbing", 1 ],
      [ "encyclopedia_survival", 1 ],
      [ "encyclopedia_swimming", 1 ],
      [ "encyclopedia_tailor", 1 ],
      [ "encyclopedia_throw", 1 ],
      [ "encyclopedia_traps", 1 ],
      [ "encyclopedia_unarmed", 1 ]
    ]
  },
  {
    "id": "shelter",
    "type": "item_group",
    "items": [
      [ "recipe_surv", 2 ],
      [ "manual_surv", 2 ],
      [ "encyclopedia_mechanics", 1 ],
      [ "encyclopedia_fabrication", 1 ],
      [ "encyclopedia_archery", 1 ],
      [ "encyclopedia_barter", 1 ],
      [ "encyclopedia_bashing", 1 ],
      [ "encyclopedia_computer", 1 ],
      [ "encyclopedia_cooking", 1 ],
      [ "encyclopedia_cutting", 1 ],
      [ "encyclopedia_dodge", 1 ],
      [ "encyclopedia_driving", 1 ],
      [ "encyclopedia_electronics", 1 ],
      [ "encyclopedia_firstaid", 1 ],
      [ "encyclopedia_gun", 1 ],
      [ "encyclopedia_launcher", 1 ],
      [ "encyclopedia_melee", 1 ],
      [ "encyclopedia_pistol", 1 ],
      [ "encyclopedia_rifle", 1 ],
      [ "encyclopedia_shotgun", 1 ],
      [ "encyclopedia_smg", 1 ],
      [ "encyclopedia_speech", 1 ],
      [ "encyclopedia_stabbing", 1 ],
      [ "encyclopedia_survival", 1 ],
      [ "encyclopedia_swimming", 1 ],
      [ "encyclopedia_tailor", 1 ],
      [ "encyclopedia_throw", 1 ],
      [ "encyclopedia_traps", 1 ],
      [ "encyclopedia_unarmed", 1 ]
    ]
  },
  {
    "id": "textbooks",
    "type": "item_group",
    "items": [
      [ "recipe_surv", 2 ],
      [ "manual_surv", 2 ],
      [ "encyclopedia_mechanics", 1 ],
      [ "encyclopedia_fabrication", 1 ],
      [ "encyclopedia_archery", 1 ],
      [ "encyclopedia_barter", 1 ],
      [ "encyclopedia_bashing", 1 ],
      [ "encyclopedia_computer", 1 ],
      [ "encyclopedia_cooking", 1 ],
      [ "encyclopedia_cutting", 1 ],
      [ "encyclopedia_dodge", 1 ],
      [ "encyclopedia_driving", 1 ],
      [ "encyclopedia_electronics", 1 ],
      [ "encyclopedia_firstaid", 1 ],
      [ "encyclopedia_gun", 1 ],
      [ "encyclopedia_launcher", 1 ],
      [ "encyclopedia_melee", 1 ],
      [ "encyclopedia_pistol", 1 ],
      [ "encyclopedia_rifle", 1 ],
      [ "encyclopedia_shotgun", 1 ],
      [ "encyclopedia_smg", 1 ],
      [ "encyclopedia_speech", 1 ],
      [ "encyclopedia_stabbing", 1 ],
      [ "encyclopedia_survival", 1 ],
      [ "encyclopedia_swimming", 1 ],
      [ "encyclopedia_tailor", 1 ],
      [ "encyclopedia_throw", 1 ],
      [ "encyclopedia_traps", 1 ],
      [ "encyclopedia_unarmed", 1 ]
    ]
  },
  {
    "id": "mil_rifles",
    "type": "item_group",
    "items": [
      [ "arc_laser_rifle", 2 ],
      [ "laser_sniper", 2 ],
      [ "bolt_rifle_elec", 2 ],
      [ "laser_lmg", 2 ]
    ]
  },
  {
    "id": "helicopter",
    "type": "item_group",
    "items": [
      [ "arc_laser_rifle", 2 ],
      [ "laser_sniper", 2 ],
      [ "bolt_rifle_elec", 2 ],
      [ "laser_lmg", 2 ]
    ]
  },
  {
    "id": "army_rifles",
    "type": "item_group",
    "items": [
      [ "arc_laser_rifle", 2 ],
      [ "laser_sniper", 2 ],
      [ "bolt_rifle_elec", 2 ],
      [ "laser_lmg", 2 ]
    ]
  },
  {
    "id": "science",
    "type": "item_group",
    "items": [
      [ "arc_laser_rifle", 2 ],
      [ "laser_sniper", 2 ],
      [ "bolt_rifle_elec", 2 ],
      [ "laser_lmg", 2 ],
      [ "megamap", 2 ],
      [ "stim", 5 ],
      [ "stealth_cloak_f", 1 ],
      [ "boots_stealth", 2 ],
      [ "goggles_nv_clairvoyance", 2 ],
      [ "flesh_blade", 2 ],
      [ "flesh_rifle", 2 ],
      [ "blood_m", 2 ],
      [ "blood_p", 2 ]
    ]
  },
  {
    "id": "rare",
    "type": "item_group",
    "items": [
      [ "arc_laser_rifle", 2 ],
      [ "laser_sniper", 2 ],
      [ "bolt_rifle_elec", 2 ],
      [ "laser_lmg", 2 ],
      [ "megamap", 2 ],
      [ "stim", 2 ],
      [ "stealth_cloak_f", 2 ],
      [ "boots_stealth", 2 ],
      [ "goggles_nv_clairvoyance", 2 ],
      [ "flesh_blade", 1 ],
      [ "flesh_rifle", 1 ],
      [ "blood_m", 1 ],
      [ "blood_p", 1 ]
    ]
  },
  {
    "id": "livingroom",
    "type": "item_group",
    "items": [
      [ "biomap", 1 ],
      [ "encyclopedia_mechanics", 1 ],
      [ "encyclopedia_fabrication", 1 ],
      [ "encyclopedia_archery", 1 ],
      [ "encyclopedia_barter", 1 ],
      [ "encyclopedia_bashing", 1 ],
      [ "encyclopedia_computer", 1 ],
      [ "encyclopedia_cooking", 1 ],
      [ "encyclopedia_cutting", 1 ],
      [ "encyclopedia_dodge", 1 ],
      [ "encyclopedia_driving", 1 ],
      [ "encyclopedia_electronics", 1 ],
      [ "encyclopedia_firstaid", 1 ],
      [ "encyclopedia_gun", 1 ],
      [ "encyclopedia_launcher", 1 ],
      [ "encyclopedia_melee", 1 ],
      [ "encyclopedia_pistol", 1 ],
      [ "encyclopedia_rifle", 1 ],
      [ "encyclopedia_shotgun", 1 ],
      [ "encyclopedia_smg", 1 ],
      [ "encyclopedia_speech", 1 ],
      [ "encyclopedia_stabbing", 1 ],
      [ "encyclopedia_survival", 1 ],
      [ "encyclopedia_swimming", 1 ],
      [ "encyclopedia_tailor", 1 ],
      [ "encyclopedia_throw", 1 ],
      [ "encyclopedia_traps", 1 ],
      [ "encyclopedia_unarmed", 1 ]
    ]
  },
  {
    "id": "kitchen",
    "type": "item_group",
    "items": [ [ "biomap", 1 ] ]
  },
  {
    "id": "bed",
    "type": "item_group",
    "items": [ [ "biomap", 1 ] ]
  },
  {
    "id": "bedroom",
    "type": "item_group",
    "items": [
      [ "biomap", 1 ],
      [ "fr_22", 1 ],
      [ "fr_223", 1 ],
      [ "fr_308", 1 ],
      [ "fr_9mm", 1 ],
      [ "fr_12", 1 ],
      [ "fr_762", 1 ],
      [ "22aux", 1 ],
      [ "9mmaux", 1 ],
      [ "45aux", 1 ],
      [ "recipe_surv", 2 ],
      [ "manual_surv", 2 ]
    ]
  },
  {
    "id": "dresser",
    "type": "item_group",
    "items": [
      [ "biomap", 1 ],
      [ "fr_22", 1 ],
      [ "fr_223", 1 ],
      [ "fr_308", 1 ],
      [ "fr_9mm", 1 ],
      [ "fr_12", 1 ],
      [ "fr_762", 1 ],
      [ "22aux", 1 ],
      [ "9mmaux", 1 ],
      [ "45aux", 1 ],
      [ "recipe_surv", 2 ],
      [ "manual_surv", 2 ],
      [ "dress_skirt", 75 ],
      [ "microskirt", 10 ],
      [ "fancy_bra", 70 ],
      [ "thong", 70 ]
    ]
  },
  {
    "id": "behindcounter",
    "type": "item_group",
    "items": [ [ "biomap", 1 ] ]
  },
  {
    "id": "trash",
    "type": "item_group",
    "items": [ [ "biomap", 1 ] ]
  },
  {
    "id": "traveler",
    "type": "item_group",
    "items": [
      [ "biomap", 1 ],
      [ "dress_skirt", 75 ],
      [ "microskirt", 10 ],
      [ "fancy_bra", 30 ],
      [ "thong", 30 ]
    ]
  },
  {
    "id": "shelter",
    "type": "item_group",
    "items": [ [ "biomap", 1 ] ]
  },
  {
    "id": "trash_forest",
    "type": "item_group",
    "items": [ [ "biomap", 1 ] ]
  },
  {
    "id": "bionics",
    "type": "item_group",
    "items": [
      [ "bio_laser_armgun", 10 ],
      [ "bio_sword", 5 ],
      [ "bio_flamethrower", 5 ]
    ]
  },
  {
    "id": "bionics_mil",
    "type": "item_group",
    "items": [
      [ "bio_laser_armgun", 10 ],
      [ "bio_sword", 2 ],
      [ "bio_flamethrower", 5 ]
    ]
  },
  {
    "id": "bionics_op",
    "type": "item_group",
    "items": [
      [ "bio_laser_armgun", 5 ],
      [ "bio_sword", 5 ],
      [ "bio_flamethrower", 5 ]
    ]
  },
  {
    "id": "mil_surplus",
    "type": "item_group",
    "items": [
      [ "m4a1", 2 ],
      [ "m9", 2 ],
      [ "m9mag", 2 ],
      [ "m9bigmag", 1 ],
      [ "stanag30", 2 ],
      [ "stanag10", 1 ],
      [ "556", 4 ],
      [ "9mm", 4 ],
      [ "suppressor", 2 ]
    ]
  },
  {
    "id": "cleaning",
    "type": "item_group",
    "items": [ [ "soap", 250 ] ]
  },
  {
    "id": "female_underwear_top",
    "type": "item_group",
    "items": [
      [ "bra", 90 ],
      [ "fancy_bra", 90 ]
    ]
  },
  {
    "id": "female_underwear_bottom",
    "type": "item_group",
    "items": [
      [ "panties", 70 ],
      [ "boy_shorts", 50 ],
      [ "thong", 70 ]
    ]
  },
  {
    "id": "allclothes",
    "type": "item_group",
    "items": [
      [ "dress_skirt", 75 ],
      [ "microskirt", 10 ],
      [ "fancy_bra", 30 ],
      [ "thong", 30 ]
    ]
  },
  {
    "id": "pawn",
    "type": "item_group",
    "items": [
      [ "dress_skirt", 75 ],
      [ "microskirt", 10 ]
    ]
  },
  {
    "id": "pants",
    "type": "item_group",
    "items": [
      [ "dress_skirt", 75 ],
      [ "microskirt", 10 ]
    ]
  },
  {
    "id": "dead_slave_fighters",
    "type": "item_group",
    "subtype": "collection",
    "entries": [
      {
        "distribution": [
          { "group": "NC_GLADIATOR_LIGHT_worn", "prob": 50 },
          { "group": "NC_GLADIATOR_HEAVY_worn", "prob": 50 }
        ]
      },
      { "item": "corpse" }
    ]
  }
]
