[
  {
    "type": "martial_art",
    "id": "style_surv",
    "name": "幸存者格斗术",
    "description": "你学会了如何应对灾难.你已经很擅长使用即兴和手工制作的武器,偶尔还使用你的拳头.这些招数并不华丽,但它可以让你更好地活下去.",
    "arm_block": 99,
    "leg_block": 99,
    "arm_block_with_bio_armor_arms": true,
    "leg_block_with_bio_armor_legs": true,
    "static_buffs": [
      {
        "id": "style_surv_passive_weapon",
        "name": "武器专精",
        "melee_allowed": true,
        "min_melee": 3,
        "description": "对武器更加熟练可以格挡和躲避攻击.",
        "bonus_dodges": 1,
        "bonus_blocks": 2
      },
      {
        "id": "style_surv_passive_hand",
        "name": "徒手专精",
        "unarmed_allowed": true,
        "min_unarmed": 3,
        "description": "谨慎的行动可以轻易躲避攻击.",
        "bonus_dodges": 3
      },
      {
        "id": "style_surv_quite",
        "name": "沉默的战斗",
        "unarmed_allowed": true,
        "melee_allowed": true,
        "min_unarmed": 4,
        "min_melee": 4,
        "quiet": true,
        "description": "你已经学会了如何安静地防御所有的攻击"
      },
      {
        "id": "style_surv_recovery",
        "name": "徒手翻滚",
        "unarmed_allowed": true,
        "min_unarmed": 2,
        "throw_immune": true,
        "description": "如果被击飞或击倒,你可以用翻滚来抵消,并在被攻击前站起来."
      }
    ],
    "onattack_buffs": [
      {
        "id": "style_surv_weapon_block",
        "name": "武器格挡",
        "description": "用武器格挡敌人的攻击和反击.",
        "min_melee": 5,
        "buff_duration": 1,
        "melee_allowed": true,
        "bonus_blocks": 100
      },
      {
        "id": "style_surv_hand_dodge",
        "name": "小范围回避",
        "description": "在攻击后快速轻微的移动用以躲避攻击和反击.",
        "min_unarmed": 2,
        "unarmed_allowed": true,
        "bonus_dodges": 1,
        "buff_duration": 1
      },
      {
        "id": "style_surv_weapon_counter",
        "name": "武器反击",
        "description": "挥舞武器让敌人失衡,下一次攻击也会造成更多的伤害!",
        "min_melee": 3,
        "melee_allowed": true,
        "mult_bonuses": [
          [
            "damage",
            "bash",
            1.5
          ],
          [
            "damage",
            "cut",
            1.5
          ],
          [
            "damage",
            "stab",
            1.5
          ]
        ],
        "max_stacks": 1,
        "stun_dur": 1,
        "buff_duration": 1
      }
    ],
    "techniques": [
      "WBLOCK_1",
      "WBLOCK_2",
      "WBLOCK_2",
      "DEF_DISARM",
      "GRAB",
      "SPIN",
      "WIDE",
      "IMPALE",
      "BRUTAL",
      "RAPID",
      "VORPAL",
      "WRAP",
      "SWEEP",
      "PRECISE"
    ],
    "weapons": [
      "sword_wood",
      "sword_nail",
      "sword_crude",
      "firekatana_off",
      "firekatana_on",
      "katana",
      "bokken",
      "cudgel",
      "q_staff",
      "i_staff",
      "lajatang",
      "wakizashi",
      "broadfire_off",
      "broadfire_on",
      "broadsword",
      "cutlass",
      "kris",
      "knife_combat",
      "knife_rambo",
      "knife_rm42",
      "knife_trench",
      "kukri",
      "tanto",
      "punch_dagger",
      "bagh_nakha",
      "cestus",
      "knuckle_brass",
      "knuckle_steel",
      "combatsaw_off",
      "combatsaw_on",
      "cs_lajatang_off",
      "cs_lajatang_on",
      "scythe",
      "scythe_war",
      "tonfa",
      "tonfa_wood",
      "survivor_machete",
      "makeshift_machete",
      "machete",
      "fencing_epee",
      "fencing_sabre",
      "broadsword_inferior",
      "cutlass_fake",
      "cutlass_inferior",
      "katana_fake",
      "katana_inferior",
      "zweihander_fake",
      "zweihander_inferior",
      "broadsword_fake",
      "rapier_fake",
      "wakizashi_fake",
      "wakizashi_inferior",
      "kris_fake",
      "battleaxe_fake",
      "nodachi_fake",
      "jian",
      "jian_inferior",
      "jian_fake",
      "scimitar",
      "scimitar_inferior",
      "scimitar_fake",
      "estoc",
      "estoc_fake",
      "longsword_inferior",
      "longsword_fake",
      "arming_sword",
      "arming_sword_fake",
      "arming_sword_inferior",
      "battleaxe_inferior",
      "firemachete_off",
      "firemachete_on",
      "pike",
      "battleaxe",
      "longsword",
      "knuckle_katar",
      "knuckle_nail",
      "battletorch_done",
      "crowbar",
      "makeshift_crowbar",
      "shishkebab_off",
      "shishkebab_on",
      "glass_macuahuitl",
      "makeshift_knife",
      "rebar",
      "spear_rebar",
      "spear_knife",
      "spear_wood",
      "spear_forked",
      "spear_copper",
      "spear_steel",
      "spear_survivor",
      "qiang",
      "halberd",
      "halberd_fake",
      "glaive",
      "naginata",
      "mace",
      "morningstar",
      "javelin",
      "javelin_iron",
      "nailbat",
      "nailboard",
      "bwirebat",
      "homewrecker",
      "bowling_axe",
      "elc_bld",
      "elc_blds",
      "baton-extended",
      "PR24-extended",
      "bio_claws_weapon",
      "bio_blade_weapon",
      "bio_sword_weapon",
      "unbio_bladed_weapon",
      "unbio_sword_weapon",
      "unbio_claws_weapon"
    ]
  },
  {
        "type" : "martial_art",
        "id" : "style_biojutsu",
        "copy-from" : "style_biojutsu",
        "name" : "仿生格斗术",
        "weapons" : [
            "unbio_bladed_weapon",
	    "unbio_sword_weapon",
            "unbio_claws_weapon",
            "bio_sword_weapon",
            "bio_claws_weapon",
            "bio_blade_weapon"
        ]
    }
]
