[
  {
    "id": "skirt_leather",
    "copy-from": "skirt_leather",
    "type": "ARMOR",
    "name": "皮裙",
    "extend": { "flags": [ "FANCY" ] }
  },
  {
    "id": "long_glove_white",
    "copy-from": "long_glove_white",
    "type": "ARMOR",
    "name": "执事白手套",
    "name_plural": "一双很长的白手套",
    "color": "white",
    "extend": { "flags": [ "FANCY" ] }
  },
  {
    "id": "knee_high_boots",
    "copy-from": "knee_high_boots",
    "type": "ARMOR",
    "name": "过膝高筒靴",
    "name_plural": "长度过膝的长靴.穿时很费劲,不过超耐磨",
    "extend": { "flags": [ "FANCY" ] }
  },
  {
    "id": "thigh_high_boots",
    "copy-from": "thigh_high_boots",
    "type": "ARMOR",
    "name": "及膝长靴",
    "name_plural": "长度及膝的长皮靴.穿起来很费劲,但是十分耐用.",
    "extend": { "flags": [ "FANCY" ] }
  },
  {
    "id": "bikini_bottom",
    "copy-from": "bikini_bottom",
    "type": "ARMOR",
    "name": "比基尼内裤",
    "extend": { "flags": [ "FANCY" ] }
  },
  {
    "id": "bikini_top",
    "copy-from": "bikini_top",
    "type": "ARMOR",
    "name": "比基尼文胸",
    "extend": { "flags": [ "FANCY" ] }
  },
  {
    "id": "bikini_top_fur",
    "copy-from": "bikini_top_fur",
    "type": "ARMOR",
    "name": "毛皮比基尼文胸",
    "extend": { "flags": [ "FANCY" ] }
  },
  {
    "id": "bikini_top_leather",
    "copy-from": "bikini_top_leather",
    "type": "ARMOR",
    "name": "皮革比基尼文胸",
    "extend": { "flags": [ "FANCY" ] }
  },
  {
    "id": "wetsuit_spring",
    "copy-from": "wetsuit_spring",
    "type": "ARMOR",
    "name": "春装",
    "extend": { "flags": [ "FANCY" ] }
  },
  {
    "id": "bondage_suit",
    "copy-from": "bondage_suit",
    "type": "ARMOR",
    "name": "紧缚服装",
    "extend": { "flags": [ "FANCY" ] }
  },
  {
    "id": "cowboy_hat",
    "copy-from": "cowboy_hat",
    "type": "ARMOR",
    "name": "牛仔帽",
    "extend": { "flags": [ "FANCY" ] }
  },
  {
    "id": "nanoskirt",
    "copy-from": "nanoskirt",
    "type": "ARMOR",
    "name": "超短裙",
    "extend": { "flags": [ "SUPER_FANCY" ] },
    "delete": { "flags": [ "FANCY" ] }
  }
]
