[
  {
    "id": "fr_22",
    "category": "spare_parts",
    "type": "TOOL",
    "color": "light_gray",
    "symbol": ",",
    "name": ".22口径改装件",
    "name_plural": ".22口径改装件",
    "description": "一个口径改装件, 可以把枪支口径替换成.22口径.",
    "price": 20000,
    "material": "steel",
    "weight": 530,
    "volume": 3,
    "to_hit": -1,
    "ammo": "NULL",
    "max_charges": 0,
    "initial_charges": 0,
    "charges_per_use": 0,
    "turns_per_charge": 0,
    "revert_to": "null"
  },
  {
    "id": "fr_223",
    "category": "spare_parts",
    "type": "TOOL",
    "color": "light_gray",
    "symbol": ",",
    "name": ".223口径改装件",
    "name_plural": ".223口径改装件",
    "description": "一个口径改装件, 可以把枪支口径替换成.223口径.",
    "price": 20000,
    "material": "steel",
    "weight": 600,
    "volume": 3,
    "to_hit": -1,
    "ammo": "NULL",
    "max_charges": 0,
    "initial_charges": 0,
    "charges_per_use": 0,
    "turns_per_charge": 0,
    "revert_to": "null"
  },
  {
    "id": "fr_308",
    "category": "spare_parts",
    "type": "TOOL",
    "color": "light_gray",
    "symbol": ",",
    "name": ".308口径改装件",
    "name_plural": ".308口径改装件",
    "description": "一个口径改装件, 可以把枪支口径替换成.308口径.",
    "price": 20000,
    "material": "steel",
    "weight": 620,
    "volume": 4,
    "to_hit": -1,
    "ammo": "NULL",
    "max_charges": 0,
    "initial_charges": 0,
    "charges_per_use": 0,
    "turns_per_charge": 0,
    "revert_to": "null"
  },
  {
    "id": "fr_9mm",
    "category": "spare_parts",
    "type": "TOOL",
    "color": "light_gray",
    "symbol": ",",
    "name": "9mm口径改装件",
    "name_plural": "9mm口径改装件",
    "description": "一个口径改装件, 可以把枪支口径替换成9mm口径.",
    "price": 20000,
    "material": "steel",
    "weight": 530,
    "volume": 3,
    "to_hit": -1,
    "ammo": "NULL",
    "max_charges": 0,
    "initial_charges": 0,
    "charges_per_use": 0,
    "turns_per_charge": 0,
    "revert_to": "null"
  },
  {
    "id": "fr_45",
    "category": "spare_parts",
    "type": "TOOL",
    "color": "light_gray",
    "symbol": ",",
    "name": ".45口径改装件",
    "name_plural": ".45口径改装件",
    "description": "一个口径改装件, 可以把枪支口径替换成.45口径.",
    "price": 20000,
    "material": "steel",
    "weight": 530,
    "volume": 3,
    "to_hit": -1,
    "ammo": "NULL",
    "max_charges": 0,
    "initial_charges": 0,
    "charges_per_use": 0,
    "turns_per_charge": 0,
    "revert_to": "null"
  },
  {
    "id": "fr_12",
    "category": "spare_parts",
    "type": "TOOL",
    "color": "light_gray",
    "symbol": ",",
    "name": "12号口径改装件",
    "name_plural": "12 gauge口径改装件",
    "description": "一个口径改装件, 可以把枪支口径替换成12号口径.",
    "price": 20000,
    "material": "steel",
    "weight": 650,
    "volume": 5,
    "to_hit": -1,
    "ammo": "NULL",
    "max_charges": 0,
    "initial_charges": 0,
    "charges_per_use": 0,
    "turns_per_charge": 0,
    "revert_to": "null"
  },
  {
    "id": "fr_762",
    "category": "spare_parts",
    "type": "TOOL",
    "color": "light_gray",
    "symbol": ",",
    "name": "7.62x39口径改装件",
    "name_plural": "7.62x39口径改装件",
    "description": "一个口径改装件, 可以把枪支口径替换成7.62x39口径.",
    "price": 20000,
    "material": "steel",
    "weight": 620,
    "volume": 4,
    "to_hit": -1,
    "ammo": "NULL",
    "max_charges": 0,
    "initial_charges": 0,
    "charges_per_use": 0,
    "turns_per_charge": 0,
    "revert_to": "null"
  },
  {
    "id": "surcan",
    "type": "TOOL",
    "color": "light_gray",
    "symbol": ",",
    "name": "幸存者罐头",
    "name_plural": "幸存者罐头",
    "description": "一个大锡罐,表面有一个标签密封住罐口.撕开标签,可以将罐子拆开.这个罐子里有精心包装的求生物资,物资中间有一份清单.拆开后你无法重新把它密封起来.",
    "price": 600,
    "material": "steel",
    "flags": [
      "WATERPROOF"
    ],
    "weight": 103,
    "volume": 2,
    "to_hit": -1,
    "ammo": "NULL",
    "max_charges": 0,
    "initial_charges": 0,
    "charges_per_use": 0,
    "turns_per_charge": 0,
    "revert_to": "null"
  },
  {
    "id": "elc_bld",
    "type": "TOOL",
    "symbol": ";",
    "color": "dark_gray",
    "name": "幸存者泰瑟刀",
    "description": "一把装有泰瑟部件的刀刃. 手柄上包裹着布条用来防止划伤自己.",
    "price": 18000,
    "material": [
      "steel",
      "plastic"
    ],
    "flags": [
      "STAB",
      "DURABLE_MELEE",
      "SHEATH_KNIFE"
    ],
    "weight": 638,
    "volume": 5,
    "bashing": 8,
    "cutting": 12,
    "to_hit": -1,
    "max_charges": 500,
    "initial_charges": 0,
    "charges_per_use": 100,
    "turns_per_charge": 0,
    "ammo": "battery",
    "revert_to": "null",
    "category": "weapons",
    "use_action": "TAZER"
  },
  {
    "id": "elc_blds",
    "type": "TOOL",
    "symbol": ";",
    "color": "dark_gray",
    "name": "幸存者泰瑟双刃",
    "description": "两把装有泰瑟部件的刀刃. 手柄上包着布条防止划伤自己.",
    "price": 36000,
    "material": [
      "steel",
      "plastic"
    ],
    "flags": [
      "STAB",
      "DURABLE_MELEE"
    ],
    "weight": 1276,
    "volume": 10,
    "bashing": 16,
    "cutting": 24,
    "to_hit": -1,
    "max_charges": 1000,
    "initial_charges": 0,
    "charges_per_use": 200,
    "turns_per_charge": 0,
    "ammo": "battery",
    "revert_to": "null",
    "category": "weapons",
    "use_action": "TAZER"
  },
  {
    "id": "solar_flashlight",
    "type": "TOOL",
    "symbol": ";",
    "color": "blue",
    "name": "太阳能手电筒 (关)",
    "name_plural": "太阳能手电筒 (关)",
    "description": "这是一把太阳能LED重型手电筒.使用充电电池或者在阳光下充电.",
    "price": 800,
    "material": [
      "plastic",
      "aluminum"
    ],
    "flags": [
      "NO_UNLOAD"
    ],
    "weight": 400,
    "volume": 2,
    "bashing": 1,
    "to_hit": 2,
    "max_charges": 100,
    "initial_charges": 100,
    "charges_per_use": 1,
    "turns_per_charge": 0,
    "ammo": "battery",
    "revert_to": "null",
    "use_action": {
      "type": "transform",
      "msg": "你打开了手电筒.",
      "target": "solar_flashlight_on",
      "active": true,
      "need_charges": 1,
      "need_charges_msg": "手电筒的电池没电了."
    },
    "artifact_data": {
      "charge_type": "ARTC_SOLAR"
    }
  },
  {
    "id": "solar_flashlight_on",
    "type": "TOOL",
    "symbol": ";",
    "color": "blue",
    "name": "太阳能手电筒 (开)",
    "name_plural": "太阳能手电筒 (开)",
    "description": "这是一把太阳能LED重型手电筒.使用充电电池或者在阳光下充电.",
    "price": 800,
    "material": [
      "plastic",
      "aluminum"
    ],
    "flags": [
      "LIGHT_450",
      "CHARGEDIM",
      "NO_UNLOAD"
    ],
    "weight": 400,
    "volume": 2,
    "bashing": 1,
    "to_hit": 2,
    "max_charges": 100,
    "initial_charges": 100,
    "charges_per_use": 0,
    "turns_per_charge": 15,
    "ammo": "battery",
    "revert_to": "solar_flashlight",
    "use_action": {
      "type": "transform",
      "msg": "你关掉了手电筒.",
      "target": "solar_flashlight"
    },
    "artifact_data": {
      "charge_type": "ARTC_SOLAR"
    }
  },
  {
    "id": "can_forge",
    "type": "TOOL",
    "symbol": ";",
    "color": "light_gray",
    "name": "锡罐熔炉(熄灭)",
    "description": "这是一种便携式光源/锻造/食品炊具,由锡罐制成,用鹅卵石加固内壁,使用木炭作为燃料.它可以用来熔化金属,烹饪食物和提供有限的光源.",
    "price": 1000,
    "material": [
      "aluminum",
      "stone"
    ],
    "weight": 153,
    "volume": 2,
    "bashing": 1,
    "to_hit": -2,
    "max_charges": 10,
    "initial_charges": 0,
    "charges_per_use": 1,
    "turns_per_charge": 0,
    "ammo": "charcoal",
    "revert_to": "null",
    "qualities": [
      [
        "COOK",
        2
      ],
      [
        "BOIL",
        2
      ]
    ],
    "use_action": {
      "type": "transform",
      "msg": "你点燃了锡罐熔炉.",
      "target": "can_forge_on",
      "active": true,
      "need_charges": 1,
      "need_charges_msg": "锡罐熔炉的木炭烧着了."
    }
  },
  {
    "id": "can_forge_on",
    "type": "TOOL",
    "symbol": ";",
    "color": "light_gray",
    "name": "锡罐熔炉(点燃)",
    "description": "锡罐熔炉已点燃.从它的火光能看出来已经可以使用.建议经常补充木炭以保持燃烧.",
    "price": 1000,
    "material": [
      "aluminum",
      "stone"
    ],
    "weight": 153,
    "volume": 2,
    "bashing": 1,
    "to_hit": -2,
    "max_charges": 10,
    "initial_charges": 0,
    "charges_per_use": 0,
    "turns_per_charge": 100,
    "ammo": "charcoal",
    "flags": "LIGHT_10",
    "revert_to": "can_forge",
    "qualities": [
      [
        "COOK",
        2
      ],
      [
        "BOIL",
        2
      ]
    ],
    "use_action": {
      "type": "transform",
      "msg": "你熄灭了锡罐熔炉.",
      "target": "can_forge",
      "need_fire": 1,
      "need_fire_msg": "你需要打火机或火柴来点燃它."
    }
  },
  {
    "id": "mold_metal",
    "type": "TOOL",
    "color": "light_gray",
    "symbol": ";",
    "name": "金属模具",
    "description": "这是用塑料做的临时模具.它可以用于制作金属制品.",
    "price": 1000,
    "material": "plastic",
    "weight": 4,
    "volume": 15,
    "to_hit": 1,
    "bashing": 3,
    "turns_per_charge": 0,
    "charges_per_use": 0,
    "initial_charges": 0,
    "max_charges": 0,
    "revert_to": "null",
    "ammo": "NULL"
  },
  {
    "id": "molded_hammer",
    "type": "TOOL",
    "symbol": ";",
    "color": "grey",
    "name": "模压锤",
    "description": "这是一个带金属手柄的模压金属锤.它能做到一个专业的锤子能做的任何事,但它更大,而且更重,更具有冲击力",
    "price": 500,
    "material": [
      "steel"
    ],
    "weight": 1230,
    "volume": 3,
    "bashing": 12,
    "to_hit": 0,
    "max_charges": 0,
    "initial_charges": 0,
    "charges_per_use": 0,
    "turns_per_charge": 0,
    "ammo": "NULL",
    "revert_to": "null",
    "use_action": "HAMMER",
    "qualities": [
      [
        "HAMMER",
        3
      ],
      [
        "HAMMER_FINE",
        1
      ]
    ]
  },
  {
    "id": "molded_knife",
    "type": "TOOL",
    "symbol": ";",
    "color": "light_gray",
    "name": "模压刀",
    "name_plural": "成型刀",
    "description": "这是一把锋利的金属模制刀,至少比磨旧金属好.",
    "price": 200,
    "material": [
      "steel"
    ],
    "weight": 872,
    "volume": 2,
    "bashing": 3,
    "cutting": 8,
    "to_hit": -1,
    "max_charges": 0,
    "initial_charges": 0,
    "charges_per_use": 0,
    "turns_per_charge": 0,
    "ammo": "NULL",
    "revert_to": "null",
    "qualities": [
      [
        "CUT",
        1
      ],
      [
        "BUTCHER",
        18
      ]
    ],
    "flags": [
      "STAB",
      "SHEATH_KNIFE"
    ]
  },
  {
    "type": "GENERIC",
    "id": "molded_pot",
    "category": "tools",
    "symbol": ";",
    "color": "dark_gray",
    "name": "模具锅",
    "description": "金属模制锅.可以用来烹饪食物.",
    "price": 200,
    "material": "steel",
    "weight": 1500,
    "volume": 10,
    "bashing": 4,
    "to_hit": -1,
    "qualities": [
      [
        "COOK",
        3
      ],
      [
        "BOIL",
        2
      ],
      [
        "CONTAIN",
        1
      ],
      [
        "CHEM",
        1
      ]
    ]
  },
  {
    "id": "molded_shovel",
    "type": "TOOL",
    "symbol": "/",
    "color": "brown",
    "name": "模压铲",
    "description": "这是一个带金属手柄的模压金属铲. 可以作为一般的铲子使用,但体积较大.",
    "price": 0,
    "material": [
      "steel"
    ],
    "weight": 1680,
    "volume": 16,
    "bashing": 16,
    "cutting": 3,
    "to_hit": 0,
    "max_charges": 0,
    "initial_charges": 0,
    "charges_per_use": 0,
    "turns_per_charge": 0,
    "ammo": "NULL",
    "revert_to": "null",
    "qualities": [
      [
        "DIG",
        3
      ]
    ],
    "use_action": "DIG"
  },
  {
    "id": "molded_axe",
    "type": "TOOL",
    "symbol": "/",
    "color": "light_gray",
    "name": "模压斧",
    "description": "这是一种带金属手柄的模压金属斧头.可以作为普通伐木斧使用,但体积较大.",
    "price": 200,
    "material": [
      "steel"
    ],
    "weight": 3358,
    "volume": 15,
    "bashing": 12,
    "cutting": 10,
    "flags": [
      "CHOP"
    ],
    "to_hit": 0,
    "max_charges": 0,
    "initial_charges": 0,
    "charges_per_use": 0,
    "turns_per_charge": 0,
    "ammo": "NULL",
    "revert_to": "null",
    "qualities": [
      [
        "AXE",
        3
      ]
    ],
    "use_action": "LUMBER"
  },
  {
    "id": "solar_crude_firestarter",
    "type": "TOOL",
    "symbol": ",",
    "color": "light_gray",
    "name": "太阳能电动点火器",
    "description": "一个简单的电动点火器,它可以在阳光下充电,作为一个打火机来说他不太容易点着火.",
    "price": 200,
    "material": "steel",
    "flags": [
      "NO_UNLOAD"
    ],
    "weight": 14,
    "volume": 2,
    "to_hit": 0,
    "max_charges": 100,
    "initial_charges": 0,
    "charges_per_use": 5,
    "turns_per_charge": 0,
    "ammo": "battery",
    "revert_to": "null",
    "use_action": {
      "type": "firestarter"
    },
    "artifact_data": {
      "charge_type": "ARTC_SOLAR"
    }
  },
  {
    "id": "wear_solar_flashlight",
    "type": "TOOL_ARMOR",
    "category": "clothing",
    "symbol": ";",
    "color": "blue",
    "name": "可穿戴式太阳能手电筒(关)",
    "name_plural": "可穿戴式太阳能手电筒 (关)",
    "description": "这是一把太阳能LED重型手电筒.使用充电电池或者在阳光下充电.",
    "price": 800,
    "material": [
      "plastic",
      "aluminum"
    ],
    "flags": [
      "NO_UNLOAD"
    ],
    "weight": 400,
    "volume": 2,
    "bashing": 1,
    "to_hit": 2,
    "max_charges": 100,
    "initial_charges": 100,
    "charges_per_use": 1,
    "turns_per_charge": 0,
    "ammo": "battery",
    "revert_to": "null",
    "use_action": {
      "type": "transform",
      "msg": "你打开了手电筒.",
      "target": "wear_solar_flashlight_on",
      "active": true,
      "need_charges": 1,
      "need_charges_msg": "手电筒的电池没电了."
    },
    "warmth": 0,
    "encumbrance": 0,
    "coverage": 0,
    "material_thickness": 2,
    "artifact_data": {
      "charge_type": "ARTC_SOLAR"
    }
  },
  {
    "id": "wear_solar_flashlight_on",
    "type": "TOOL_ARMOR",
    "category": "clothing",
    "symbol": ";",
    "color": "blue",
    "name": "穿戴式太阳能手电筒(开)",
    "name_plural": "穿戴式太阳能手电筒(开)",
    "description": "这是一把太阳能LED重型手电筒.使用充电电池或者在阳光下充电.",
    "price": 800,
    "material": [
      "plastic",
      "aluminum"
    ],
    "flags": [
      "LIGHT_450",
      "CHARGEDIM",
      "NO_UNLOAD"
    ],
    "weight": 400,
    "volume": 2,
    "bashing": 1,
    "to_hit": 2,
    "max_charges": 100,
    "initial_charges": 100,
    "charges_per_use": 0,
    "turns_per_charge": 15,
    "ammo": "battery",
    "revert_to": "wear_solar_flashlight",
    "use_action": {
      "type": "transform",
      "msg": "你关闭了手电筒.",
      "target": "wear_solar_flashlight"
    },
    "warmth": 0,
    "encumbrance": 0,
    "coverage": 0,
    "material_thickness": 2,
    "artifact_data": {
      "charge_type": "ARTC_SOLAR"
    }
  },
  {
    "type": "TOOL",
    "id": "fishing_string",
    "symbol": "/",
    "color": "white",
    "name": "钓鱼绳",
    "description": "一根长长的绳子,末端绑着一个鱼钩.一个粗制的钓鱼工具.你需要在钩子上挂诱饵来钓鱼.",
    "price": 0,
    "material": "cotton",
    "weight": 170,
    "volume": 1,
    "max_charges": 1,
    "initial_charges": 0,
    "charges_per_use": 1,
    "turns_per_charge": 0,
    "ammo": "fish_bait",
    "flags": [
      "FISH_POOR"
    ],
    "use_action": "FISH_ROD",
    "revert_to": "null",
    "to_hit": -1
  },
  {
    "id": "solar_torch",
    "type": "TOOL",
    "symbol": "/",
    "color": "brown",
    "name": "太阳能火把",
    "name_plural": "太阳能火把",
    "description": "可以通过太阳的照射充能的一种神秘的火炬.不知何故,蒸气在光线的照射下不断地浸泡抹布,并转化为汽油,使它在某种意义上是'可充电的'.你需要一个打火机来点燃它.一旦点燃,它就不能熄灭,直到所有的燃料被用尽.",
    "price": 0,
    "material": "wood",
    "weight": 956,
    "volume": 4,
    "bashing": 8,
    "to_hit": 1,
    "flags": [
      "NO_UNLOAD"
    ],
    "max_charges": 25,
    "initial_charges": 25,
    "charges_per_use": 1,
    "turns_per_charge": 0,
    "ammo": "gasoline",
    "revert_to": "null",
    "use_action": {
      "type": "transform",
      "target": "solar_torch_lit",
      "need_fire": 1,
      "need_fire_msg": "你需要一个火源来点燃它.",
      "active": true,
      "msg": "你点燃了火把."
    },
    "artifact_data": {
      "charge_type": "ARTC_SOLAR"
    }
  },
  {
    "id": "solar_torch_lit",
    "type": "TOOL",
    "symbol": "/",
    "color": "brown",
    "name": "太阳能火把(点燃)",
    "name_plural": "太阳能火把(点燃)",
    "description": "可以通过太阳的照射充能的一种神秘的火炬.不知何故,蒸气在光线的照射下不断地浸泡抹布,并转化为汽油,使它在某种意义上是'可充电的'.你需要一个打火机来点燃它.一旦点燃,它就不能熄灭,直到所有的燃料被用尽.",
    "price": 0,
    "material": "wood",
    "flags": [
      "FIRE",
      "LIGHT_310",
      "CHARGEDIM",
      "FLAMING",
      "NO_UNLOAD"
    ],
    "weight": 942,
    "volume": 4,
    "bashing": 8,
    "to_hit": 1,
    "max_charges": 75,
    "initial_charges": 75,
    "charges_per_use": 0,
    "turns_per_charge": 20,
    "ammo": "gasoline",
    "revert_to": "solar_torch",
    "use_action": {
      "type": "firestarter"
    },
    "artifact_data": {
      "charge_type": "ARTC_SOLAR"
    }
  },
  {
    "type": "COMESTIBLE",
    "id": "gas_slime_scrap",
    "category": "other",
    "name": "汽合水珠",
    "weight": 276,
    "color": "light_red",
    "addiction_type": "none",
    "spoils_in": 0,
    "use_action": "POISON",
    "stim": 0,
    "container": "null",
    "to_hit": 0,
    "comestible_type": "FOOD",
    "symbol": "%",
    "quench": 0,
    "healthy": 0,
    "addiction_potential": 0,
    "nutrition": 20,
    "description": "当暴露在阳光下,已经产生反应的一滩混合物. 它还未完全转化,如果提取出来的话,依然可以燃烧.",
    "price": 0,
    "material": "hydrocarbons",
    "tool": "null",
    "volume": 1,
    "phase": "solid",
    "charges": 1,
    "fun": -10
  },
  {
    "id": "molded_saw",
    "type": "TOOL",
    "symbol": ";",
    "color": "brown",
    "name": "模制锯",
    "description": "一种模制锯,在某种程度上结合了木锯和钢锯的功能.",
    "price": 3000,
    "material": [
      "steel"
    ],
    "weight": 1058,
    "volume": 6,
    "bashing": 1,
    "cutting": 1,
    "to_hit": -2,
    "max_charges": 0,
    "initial_charges": 0,
    "charges_per_use": 0,
    "turns_per_charge": 0,
    "ammo": "NULL",
    "revert_to": "null",
    "qualities": [
      [
        "SAW_W",
        2
      ],
      [
        "SAW_M",
        1
      ],
      [
        "SAW_M_FINE",
        1
      ]
    ]
  },
  {
    "id": "shmap",
    "category": "books",
    "type": "GENERIC",
    "symbol": ";",
    "color": "blue",
    "name": "集合地点坐标",
    "description": "这是我和朋友要去的地方,要记住这个地点…",
    "price": 0,
    "material": "paper",
    "weight": 30,
    "volume": 1,
    "to_hit": -1,
    "use_action": {
      "type": "reveal_map",
      "radius": 180,
      "terrain": [
        "Survivor_Holdout"
      ],
      "message": "仔细看了一段时间后,你记住了它的位置……"
    }
  },
  {
    "id": "auto_case",
    "category": "spare_parts",
    "type": "TOOL",
    "color": "light_gray",
    "symbol": ",",
    "name": "口径改装件",
    "name_plural": "口径改装件",
    "description": "一个口径改装件,有完整的发射机构和特定的口径套管,你可以做一个口径套管用来更改枪支口径.",
    "price": 0,
    "material": "steel",
    "weight": 320,
    "volume": 3,
    "to_hit": -1,
    "ammo": "NULL",
    "max_charges": 0,
    "initial_charges": 0,
    "charges_per_use": 0,
    "turns_per_charge": 0,
    "revert_to": "null"
  },
  {
    "id": "survbowstored",
    "type": "TOOL",
    "color": "light_brown",
    "symbol": "{",
    "name": "折叠战斗弓",
    "name_plural": "折叠战斗弓",
    "description": "一个容易存储的折叠战斗弓.使用前请先展开.",
    "price": 88000,
    "material": [
      "wood",
      "steel"
    ],
    "weight": 760,
    "volume": 2,
    "to_hit": -1,
    "ammo": "NULL",
    "max_charges": 0,
    "initial_charges": 0,
    "charges_per_use": 0,
    "turns_per_charge": 0,
    "revert_to": "null"
  },
  {
    "id": "semap",
    "category": "books",
    "type": "GENERIC",
    "symbol": ";",
    "color": "blue",
    "name": "营地项目的提醒",
    "description": "一个社区?一群生存狂创建的定居点.你试着回想,但是以前这里好像并没有这个地方.也许便条背面的备注可以找到答案.",
    "price": 0,
    "material": "paper",
    "weight": 30,
    "volume": 1,
    "to_hit": -1,
    "use_action": {
      "type": "reveal_map",
      "radius": 180,
      "terrain": [
        "surv_emcampn",
        "surv_emcampb",
        "surv_emcampz"
      ],
      "message": "你研究了便条的背面备注,并开始计划下一步行动."
    }
  },
  {
    "comment": "The hammer multi-tool is a disassembler",
    "id": "hammer_multitool",
    "type": "TOOL",
    "symbol": ";",
    "color": "brown",
    "name": "多功能钳子",
    "name_plural": "多功能钳子",
    "description": "一种多功能工具,顶部是一把锤子和一对钳子.小巧而实用,幸存者的迷你工具箱.",
    "price": 5000,
    "material": [
      "steel",
      "wood"
    ],
    "flags": [
      "STAB",
      "SHEATH_KNIFE"
    ],
    "weight": 820,
    "volume": 2,
    "bashing": 8,
    "cutting": 4,
    "to_hit": -4,
    "max_charges": 0,
    "initial_charges": 0,
    "charges_per_use": 0,
    "turns_per_charge": 0,
    "ammo": "NULL",
    "revert_to": "null",
    "qualities": [
      [
        "CUT",
        1
      ],
      [
        "SAW_W",
        1
      ],
      [
        "SAW_M",
        1
      ],
      [
        "WRENCH",
        1
      ],
      [
        "SCREW",
        1
      ],
      [
        "SCREW_FINE",
        1
      ],
      [
        "BUTCHER",
        8
      ],
      [
        "HAMMER",
        2
      ],
      [
        "HAMMER_FINE",
        1
      ]
    ]
  },
  {
    "type": "BOOK",
    "id": "recipe_surv",
    "name": "幸存者食谱",
    "name_plural": "幸存者食谱",
    "description": "一个笔记本,为许多临时小工具和小发明提供了想法.曾经一些人闲着没事想出来的东西现在对你来说非常有用.",
    "weight": 1700,
    "volume": 2,
    "price": 50000,
    "time": 10,
    "fun": 0,
    "skill": "fabrication",
    "max_level": 8,
    "required_level": 2,
    "intelligence": 10,
    "color": "light_green",
    "symbol": "!",
    "material": [
      "paper"
    ],
    "to_hit": -2
  },
  {
    "id": "megamap",
    "type": "TOOL_ARMOR",
    "symbol": ";",
    "color": "green",
    "name": "侦察者平板",
    "description": "这是一个电子侦察平板,太阳能/充电电池,可以装在手腕上,他被设计用来提供精确的地形地图.并配有数字时钟和警报功能.",
    "price": 5000,
    "material": "steel",
    "weight": 230,
    "volume": 2,
    "bashing": 1,
    "to_hit": -1,
    "max_charges": 100,
    "initial_charges": 100,
    "charges_per_use": 100,
    "turns_per_charge": 0,
    "ammo": "battery",
    "revert_to": "null",
    "use_action": "ARTIFACT",
    "artifact_data": {
      "charge_type": "ARTC_SOLAR",
      "effects_activated": [
        "AEA_MAP"
      ]
    },
    "flags": [
      "WATCH",
      "ALARMCLOCK",
      "RECHARGE"
    ],
    "material_thickness": 0,
    "encumbrance": 1,
    "coverage": 1,
    "warmth": 0,
    "phase": "solid"
  },
  {
    "id": "stim",
    "type": "TOOL",
    "symbol": ">",
    "color": "red",
    "name": "生物注射器",
    "description": "一种奇怪的有机生物自动注射器,可以慢慢地分泌出某种红色的,像血一样的物质.从标签上可以了解到,它是一种实验性的兴奋剂,能治愈小伤口,并让你缓慢恢复.",
    "price": 5000,
    "material": [
      "plastic",
      "flesh"
    ],
    "weight": 150,
    "volume": 1,
    "cutting": 1,
    "to_hit": -1,
    "max_charges": 1,
    "initial_charges": 1,
    "charges_per_use": 1,
    "turns_per_charge": 0,
    "ammo": "NULL",
    "revert_to": "null",
    "use_action": "ARTIFACT",
    "artifact_data": {
      "charge_type": "ARTC_TIME",
      "effects_activated": [
        "AEA_ADRENALINE",
        "AEA_HEAL",
        "AEA_PAIN"
      ]
    }
  },
  {
    "id": "blood_m",
    "type": "TOOL",
    "symbol": ">",
    "color": "red",
    "name": "有机输液器",
    "description": "一种奇怪的输液装置.这个东西有多管同时提取或注入血液.它的标签上标注着XE037用来作为作为主要的活动组件.",
    "price": 5000,
    "material": [
      "plastic",
      "flesh"
    ],
    "weight": 150,
    "volume": 3,
    "cutting": 1,
    "to_hit": -1,
    "max_charges": 1,
    "initial_charges": 1,
    "charges_per_use": 1,
    "turns_per_charge": 0,
    "ammo": "NULL",
    "revert_to": "null",
    "use_action": "ARTIFACT",
    "artifact_data": {
      "charge_type": "ARTC_HP",
      "effects_activated": [
        "AEA_MUTATE"
      ]
    }
  },
  {
    "id": "blood_p",
    "type": "TOOL",
    "symbol": ">",
    "color": "blue",
    "name": "有机融合输液器",
    "description": "一种奇怪的输液装置.它有多管同时提取或注入血液.它的标签上写的是通过复制自己的干细胞来改善自身.",
    "price": 5000,
    "material": [
      "plastic",
      "flesh"
    ],
    "weight": 150,
    "volume": 3,
    "cutting": 1,
    "to_hit": -1,
    "max_charges": 1,
    "initial_charges": 1,
    "charges_per_use": 1,
    "turns_per_charge": 0,
    "ammo": "NULL",
    "revert_to": "null",
    "use_action": "PURIFIER",
    "artifact_data": {
      "charge_type": "ARTC_HP"
    }
  },
  {
    "id": "ulmap",
    "category": "books",
    "type": "GENERIC",
    "symbol": ";",
    "color": "blue",
    "name": "未知实验室的地图",
    "description": "这是前生物武器项目科学家绘制的地图.它标志着一个废弃实验室的位置,并记录着有一个强悍的敌人在那里活动.",
    "price": 500,
    "material": "paper",
    "weight": 30,
    "volume": 1,
    "to_hit": -1,
    "use_action": {
      "type": "reveal_map",
      "radius": 180,
      "terrain": [
        "Unknown_Bunker"
      ],
      "message": "你看着地图.吸了一口凉气,意识到必须要做些什么……"
    }
  },
  {
    "id": "mccmap",
    "category": "books",
    "type": "GENERIC",
    "symbol": ";",
    "color": "blue",
    "name": "神秘的笔记",
    "description": "\"我们必须离开这个地方,马上.那东西就要来了,如果我们不及时出去,那我们就都会死.带上你能带走的,然后前往这个地点--我们将在那里建立一个临时藏身处.\"",
    "price": 500,
    "material": "paper",
    "weight": 30,
    "volume": 1,
    "to_hit": -1,
    "use_action": {
      "type": "reveal_map",
      "radius": 180,
      "terrain": [
        "makeshift_command_center"
      ],
      "message": "你低头看了一会儿笔记,记住笔记所标记的位置."
    }
  },
  {
    "id": "biomap",
    "category": "books",
    "type": "GENERIC",
    "symbol": ";",
    "color": "blue",
    "name": "手绘地图",
    "description": "\"最后.我已经弄清楚了那个实验室的坐标,即终端记录.据我所知,里面一定有一些有用的东西,而且没有人会在乎会不会有人去那里拾荒.\"",
    "price": 500,
    "material": "paper",
    "weight": 30,
    "volume": 1,
    "to_hit": -1,
    "use_action": {
      "type": "reveal_map",
      "radius": 180,
      "terrain": [
        "Bio_Weapon_Lab"
      ],
      "message": "地图上的说明引起你的兴趣.你想知道去那里是不是一个好主意……"
    }
  },
  {
    "type": "TOOL",
    "id": "stealth_cloak_f",
    "name": "隐形斗篷 (折叠)",
    "weight": 1556,
    "color": "light_gray",
    "max_charges": 0,
    "initial_charges": 0,
    "charges_per_use": 0,
    "turns_per_charge": 0,
    "ammo": "NULL",
    "revert_to": "null",
    "symbol": "[",
    "description": "一种实验斗篷,它使用密集而复杂的微型摄像头和发光二极管网络,启动时可以让别人完全看不见.它的动力来自于内置的扭力棘轮.目前处于折叠状态.",
    "price": 8400000,
    "material": [
      "superalloy",
      "plastic"
    ],
    "volume": 4,
    "use_action": {
      "type": "transform",
      "msg": "你展开你的斗篷.",
      "target": "stealth_cloak"
    }
  },
  {
    "id": "mil_surp_pack_1",
    "type": "GENERIC",
    "symbol": ")",
    "color": "brown",
    "name": "民用军事武器套装莫辛纳甘1891",
    "name_plural": "民用军事武器套装",
    "category": "other",
    "description": "在军事物资商店出售的一个武器套装,目标是民用市场.提供一些军方淘汰的步枪,肩带,弹药,基本的维修工具包和电池,以及一份袖珍指南书.里面有一把莫辛纳甘1891/30步枪.",
    "price": 463500,
    "weight": 8932,
    "volume": 18,
    "to_hit": -2,
    "material": [
      "wood",
      "steel"
    ]
  },
  {
    "id": "mil_surp_pack_2",
    "type": "GENERIC",
    "symbol": ")",
    "color": "brown",
    "name": "民用军事武器套装SKS",
    "name_plural": "民用军事武器套装",
    "category": "other",
    "description": "在军事物资商店出售的一个武器套装,目标是民用市场.提供一些军方淘汰的步枪,肩带,弹药,基本的维修工具包和电池,以及一份袖珍指南书.里面有一把SKS步枪.",
    "price": 463500,
    "weight": 8932,
    "volume": 18,
    "to_hit": -2,
    "material": [
      "wood",
      "steel"
    ]
  },
  {
    "id": "mil_surp_pack_3",
    "type": "GENERIC",
    "symbol": ")",
    "color": "brown",
    "name": "民用军事武器套装M1903",
    "name_plural": "民用军事武器套装",
    "category": "other",
    "description": "在军事物资商店出售的一个武器套装,目标是民用市场.提供一些军方淘汰的步枪,肩带,弹药,基本的维修工具包和电池,以及一份袖珍指南书.里面有一把M1903斯普林菲尔德步枪",
    "price": 463500,
    "weight": 8932,
    "volume": 18,
    "to_hit": -2,
    "material": [
      "wood",
      "steel"
    ]
  },
  {
    "id": "parawatch",
    "type": "ARMOR",
    "name": "伞绳手表",
    "name_plural": "伞绳手表",
    "description": "一个简单耐用的伞绳手表,有一个温度计.可以看时间,并带有闹钟功能.",
    "weight": 100,
    "volume": 2,
    "price": 10000,
    "to_hit": -1,
    "material": [
      "plastic",
      "steel"
    ],
    "symbol": "[",
    "color": "dark_gray",
    "covers": [
      "HAND_EITHER"
    ],
    "coverage": 5,
    "use_action": "WEATHER_TOOL",
    "flags": [
      "WATCH",
      "ALARMCLOCK",
      "BELTED",
      "FRAGILE",
      "ALLOWS_NATURAL_ATTACKS",
      "THERMOMETER"
    ]
  },
  {
    "id": "parabracelets",
    "type": "ARMOR",
    "name": "伞绳手链",
    "name_plural": "伞绳手链",
    "description": "伞绳编织的手链,拆开可获得绳子.",
    "weight": 50,
    "volume": 1,
    "price": 5000,
    "to_hit": -1,
    "material": [
      "cotton"
    ],
    "symbol": "[",
    "color": "dark_gray",
    "covers": [
      "HAND_EITHER"
    ],
    "coverage": 5,
    "flags": [
      "BELTED",
      "FRAGILE",
      "ALLOWS_NATURAL_ATTACKS"
    ]
  }
]
