{
    "method": "json",
    "object": {
        "furniture": {
            "#": "f_null",
            "+": "f_null",
            ".": "f_null",
            "4": "f_null",
            "C": "f_counter",
            "T": "f_table",
            "X": "f_crate_c",
            "_": "f_null",
            "a": "f_null",
            "c": "f_chair",
            "f": "f_null",
            "s": "f_null",
            "t": "f_null",
            "{": "f_vending_c",
            "|": "f_null"
        },
        "place_items": [
            {
                "chance": 55,
                "item": "swimmer_head",
                "x": 13,
                "y": 10
            },
            {
                "chance": 75,
                "item": "vending_food_items",
                "x": 13,
                "y": 5
            },
            {
                "chance": 75,
                "item": "swimmer_torso",
                "x": 14,
                "y": 10
            },
            {
                "chance": 75,
                "item": "swimmer_torso",
                "x": 17,
                "y": 9
            },
            {
                "chance": 75,
                "item": "swimmer_torso",
                "x": [
                    6,
                    7
                ],
                "y": 7
            },
            {
                "chance": 75,
                "item": "vending_drink_items",
                "x": 14,
                "y": 5
            },
            {
                "chance": 75,
                "item": "swimmer_wetsuit",
                "x": 13,
                "y": 9
            },
            {
                "chance": 75,
                "item": "swimmer_wetsuit",
                "x": 5,
                "y": 7
            }
        ],
        "place_vehicles": [
            {
                "chance": 75,
                "fuel": 0,
                "rotation": 270,
                "status": 0,
                "vehicle": "canoe",
                "x": 17,
                "y": 18
            },
            {
                "chance": 75,
                "fuel": 0,
                "rotation": 270,
                "status": 0,
                "vehicle": "raft",
                "x": 5,
                "y": 19
            },
            {
                "chance": 75,
                "fuel": 0,
                "rotation": 270,
                "status": 0,
                "vehicle": "canoe",
                "x": 14,
                "y": 19
            },
            {
                "chance": 75,
                "fuel": 0,
                "rotation": 270,
                "status": 0,
                "vehicle": "canoe",
                "x": 20,
                "y": 19
            },
            {
                "chance": 75,
                "fuel": 0,
                "rotation": 270,
                "status": 0,
                "vehicle": "raft",
                "x": 9,
                "y": 20
            }
        ],
        "rows": [
            "__.___._______._____.___",
            "_.______________________",
            "______.___________._____",
            "._.__ssssssssssssss__._.",
            "__._||CC|ttt||||a|||____",
            "_.__|fcf|ttt|{{fffc|#__.",
            "__.#|fff+ttt+fffffT|____",
            "__._|fff|ttt|ffffcT|#_#_",
            "___#|||||ttt|||ff|||#___",
            "._#.##_._sss|XfffXf|____",
            "_____.__.sss|XXffff|.___",
            "_____.___sss||||||||#___",
            "_#__._#__sss.._##.__.___",
            "_..__._._sss......_._4_.",
            "____.._______.___._._.._",
            "._.___._.._.._.___.___._",
            "_._.._.__.._._._.....__.",
            "._._....._......._._....",
            ".............._......_..",
            "........................",
            "........................",
            "........................",
            "........................",
            "........................"
        ],
        "terrain": {
            "#": "t_underbrush",
            "+": "t_door_c",
            ".": "t_dirt",
            "4": "t_tree_willow",
            "C": "t_floor",
            "T": "t_floor",
            "X": "t_floor",
            "_": "t_grass",
            "a": "t_curtains",
            "c": "t_floor",
            "f": "t_floor",
            "s": "t_sidewalk",
            "t": "t_thconc_floor",
            "{": "t_floor",
            "|": "t_wall_log"
        }
    },
    "om_terrain": "boat_rental",
    "type": "mapgen",
    "weight": 100
}
