{
    "method": "json",
    "object": {
        "furniture": {
            "#": "f_null",
            "&": "f_toilet",
            "+": "f_null",
            ".": "f_null",
            "7": "f_null",
            "C": "f_chair",
            "S": "f_sink",
            "_": "f_null",
            "c": "f_counter",
            "d": "f_null",
            "s": "f_null",
            "t": "f_null",
            "w": "f_null",
            "{": "f_vending_c",
            "|": "f_null"
        },
        "place_items": [
            {
                "chance": 75,
                "item": "vending_food_items",
                "x": 18,
                "y": 3
            },
            {
                "chance": 75,
                "item": "vending_drink_items",
                "x": 19,
                "y": 3
            },
            {
                "chance": 15,
                "item": "trash",
                "x": 9,
                "y": 9
            },
            {
                "chance": 15,
                "item": "trash",
                "x": 3,
                "y": 7
            },
            {
                "chance": 15,
                "item": "trash",
                "x": 8,
                "y": 5
            },
            {
                "chance": 45,
                "item": "magazines",
                "x": [
                    12,
                    13
                ],
                "y": 7
            }
        ],
        "place_toilets": [
            {
                "x": 3,
                "y": 3
            }
        ],
        "place_vehicles": [
            {
                "chance": 50,
                "fuel": 0,
                "rotation": 90,
                "status": 0,
                "vehicle": "canoe",
                "x": 15,
                "y": 15
            },
            {
                "chance": 50,
                "fuel": 0,
                "rotation": 90,
                "status": 0,
                "vehicle": "boatrent",
                "x": 19,
                "y": 16
            },
            {
                "chance": 50,
                "fuel": 0,
                "rotation": 90,
                "status": 0,
                "vehicle": "boatrent",
                "x": 17,
                "y": 17
            },
            {
                "chance": 50,
                "fuel": 0,
                "rotation": 90,
                "status": 0,
                "vehicle": "boatrent",
                "x": 12,
                "y": 18
            }
        ],
        "rows": [
            "...d............s..dd...",
            ".........d#.....s.......",
            "..||||||||||w|||t||||...",
            ".d|&_+___C_C_C_|+|{{|#..",
            "..|S_|______________|...",
            ".#||||______________|..d",
            ".#|_________________|...",
            "d.|_________ccccc___|...",
            "..|_________c___c___|...",
            ".#|_________________|d..",
            "..|_________________|#..",
            "..||+w||||||w|w|w||||#..",
            "...|tt|..##........##...",
            "#...sssssssssssssssss#..",
            ".d.....................d",
            "..7...#.................",
            ".#...d................d.",
            "........................",
            ".d.....d...d.......d....",
            "....d...d.....d.........",
            "d...dddd..d...d..ddd...d",
            "d.dddddd.d..dddd.dddd.dd",
            "ddddd.dddddddd.dddddddd.",
            "d.dddddddd.dddddddd.dddd"
        ],
        "terrain": {
            "#": "t_underbrush",
            "&": "t_floor",
            "+": "t_door_c",
            ".": "t_grass",
            "7": "t_tree",
            "C": "t_floor",
            "S": "t_floor",
            "_": "t_floor",
            "c": "t_floor",
            "d": "t_dirt",
            "s": "t_sidewalk",
            "t": "t_thconc_floor",
            "w": "t_window_no_curtains",
            "{": "t_floor",
            "|": "t_wall"
        }
    },
    "om_terrain": "boat_rental",
    "type": "mapgen",
    "weight": 100
}
