{
    "method": "json",
    "object": {
        "furniture": {
            "#": "f_null",
            "&": "f_trashcan",
            "+": "f_null",
            ".": "f_null",
            "1": "f_null",
            "7": "f_null",
            "C": "f_chair",
            "S": "f_null",
            "T": "f_table",
            "_": "f_null",
            "c": "f_counter",
            "f": "f_null",
            "s": "f_null",
            "t": "f_null",
            "|": "f_null"
        },
        "place_items": [
            {
                "chance": 55,
                "item": "novels",
                "x": 12,
                "y": 10
            },
            {
                "chance": 65,
                "item": "trash",
                "x": 17,
                "y": 10
            },
            {
                "chance": 15,
                "item": "trash",
                "x": 14,
                "y": 9
            },
            {
                "chance": 45,
                "item": "cubical_office",
                "x": 12,
                "y": 9
            }
        ],
        "place_vehicles": [
            {
                "chance": 65,
                "fuel": 0,
                "rotation": 90,
                "status": 0,
                "vehicle": "raft",
                "x": 6,
                "y": 17
            },
            {
                "chance": 75,
                "fuel": 0,
                "rotation": 90,
                "status": 0,
                "vehicle": "canoe",
                "x": 18,
                "y": 17
            },
            {
                "chance": 75,
                "fuel": 0,
                "rotation": 90,
                "status": 0,
                "vehicle": "canoe",
                "x": 16,
                "y": 18
            },
            {
                "chance": 75,
                "fuel": 0,
                "rotation": 90,
                "status": 0,
                "vehicle": "canoe",
                "x": 20,
                "y": 18
            },
            {
                "chance": 65,
                "fuel": 0,
                "rotation": 90,
                "status": 0,
                "vehicle": "raft",
                "x": 10,
                "y": 19
            },
            {
                "chance": 65,
                "fuel": 0,
                "rotation": 90,
                "status": 0,
                "vehicle": "raft",
                "x": 3,
                "y": 20
            }
        ],
        "rows": [
            "........................",
            "........................",
            "...1...#................",
            "........................",
            "....##......ssssssss....",
            "..#7..#..#.|tttttt|s..7.",
            "....###....|ccc||||s....",
            "...#.#1...#|fCffff|s#...",
            ".......#..#|ffffff+s#...",
            "...#.#.....|Tfffff|.....",
            "....#7##...|Tffff&|..1..",
            ".....##...#|||||+||.....",
            "....S......##...s.....#.",
            "...._........._.s.......",
            ".#..............s_......",
            "_.........._............",
            "........_..........._.._",
            "...._............_......",
            "......._........._......",
            "........._...._.........",
            "__..._._.....____..__.__",
            "___.___________._______.",
            ".__________._________.__",
            "________________________"
        ],
        "terrain": {
            "#": "t_underbrush",
            "&": "t_floor",
            "+": "t_door_c",
            ".": "t_grass",
            "1": "t_tree_young",
            "7": "t_tree",
            "C": "t_floor",
            "S": "t_shrub",
            "T": "t_floor",
            "_": "t_dirt",
            "c": "t_floor",
            "f": "t_floor",
            "s": "t_sidewalk",
            "t": "t_thconc_floor",
            "|": "t_wall_log"
        }
    },
    "om_terrain": "boat_rental",
    "type": "mapgen",
    "weight": 100
}
