{
    "method": "json",
    "object": {
        "furniture": {
            "#": "f_null",
            ".": "f_null",
            "4": "f_null",
            "7": "f_null",
            "_": "f_null",
            "s": "f_null"
        },
        "place_items": [
            {
                "chance": 55,
                "item": "trash",
                "x": 7,
                "y": 20
            },
            {
                "chance": 55,
                "item": "trash",
                "x": 17,
                "y": 17
            },
            {
                "chance": 55,
                "item": "trash",
                "x": 3,
                "y": 11
            },
            {
                "chance": 55,
                "item": "trash",
                "x": 19,
                "y": 7
            },
            {
                "chance": 55,
                "item": "trash",
                "x": 8,
                "y": 3
            }
        ],
        "rows": [
            "...._......__.__........",
            ".....#..4..__.__..7.....",
            "s..7.......__.___.#._.#.",
            "_.#....7...__.__.....4..",
            ".#4....#..___.__....##.4",
            "..._.4....._____..7._.s.",
            "..#.....4..__.__.....7..",
            ".7..#......__.__..#.....",
            ".......#...__.___._....s",
            "._....._..___.__.....#..",
            "..s.7......__.__.....4._",
            "........7..__.__.#.....4",
            ".7..._4....__.___.4.#...",
            "...#.......______...7#..",
            "_.......4.___.__....#...",
            ".....7#...._____..#...7.",
            "4..........__.__.._#....",
            "......#.#..__.__........",
            "..7_#..7...__.___..7....",
            "........#..__.__....._4#",
            "s......_..___.__..s.....",
            ".....4..4.______.....#..",
            "..#7.......__.___...#7..",
            ".._#...7...__.__..._..s."
        ],
        "terrain": {
            "#": "t_underbrush",
            ".": "t_grass",
            "4": "t_tree_pine",
            "7": "t_tree",
            "_": "t_dirt",
            "s": "t_shrub"
        }
    },
    "om_terrain": "dirtroad",
    "type": "mapgen",
    "weight": 100
}
