{
    "method": "json",
    "object": {
        "add": [
            {
                "item": "cig_butt",
                "repeat": 1,
                "x": 12,
                "y": 6
            },
            {
                "item": "cig_butt",
                "repeat": 1,
                "x": 18,
                "y": 7
            },
            {
                "item": "shovel",
                "repeat": 1,
                "x": 21,
                "y": 12
            }
        ],
        "furniture": {
            "#": "f_null",
            "+": "f_canvas_door",
            ".": "f_null",
            "4": "f_null",
            "7": "f_null",
            "B": "f_boulder_small",
            "C": "f_canvas_door_o",
            "D": "f_null",
            "H": "f_wood_keg",
            "O": "f_fvat_empty",
            "T": "f_null",
            "^": "f_still",
            "_": "f_null",
            "a": "f_ash",
            "b": "f_chair",
            "c": "f_chair",
            "d": "f_null",
            "e": "f_null",
            "o": "f_boulder_small",
            "s": "f_null",
            "t": "f_table",
            "w": "f_wood_keg",
            "|": "f_null"
        },
        "place_items": [
            {
                "chance": 75,
                "item": "moonshine_brew",
                "x": [
                    12,
                    13
                ],
                "y": 13
            },
            {
                "chance": 75,
                "item": "moonshine_brew",
                "x": 16,
                "y": 12
            },
            {
                "chance": 55,
                "item": "trash",
                "x": 10,
                "y": 13
            },
            {
                "chance": 55,
                "item": "trash",
                "x": 9,
                "y": 12
            },
            {
                "chance": 55,
                "item": "trash",
                "x": 10,
                "y": 10
            }
        ],
        "rows": [
            "......7.._..............",
            ".4.............7_...7...",
            "....._...s._#....4....#_",
            ".._.###.............#...",
            "_.#T##..7...#.4...#4#_7.",
            "...#.._.._..7.c___.#....",
            ".............___c_s_4...",
            ".s_.4#..7._.__a____.....",
            "....#_.#._.__________..#",
            "..7.......__________D_4.",
            "...._....__|+C|++|__o_..",
            "........___|ddddd|H__D_s",
            "7.#4..7..__|bdddd|w.o_..",
            "......4..._|tt^O^|.__.7_",
            "_......7_.#|||||||#.....",
            ".#._.s......#s###s..7...",
            ".......B..._.4.._.#...4.",
            "...#e#...7....._.7......",
            "....#_....4s..77#..7....",
            ".7....4#....7.....#.....",
            "...............###4#..7_",
            ".._.#7...#......_##.#...",
            ".....#._....#.s.7.......",
            "...._....._........._..."
        ],
        "terrain": {
            "#": "t_underbrush",
            "+": "t_dirtfloor",
            ".": "t_grass",
            "4": "t_tree_pine",
            "7": "t_tree",
            "B": "t_grass",
            "C": "t_dirtfloor",
            "D": "t_dirtmound",
            "H": "t_dirt",
            "O": "t_dirtfloor",
            "T": "t_tree_maple",
            "^": "t_dirtfloor",
            "_": "t_dirt",
            "a": "t_dirt",
            "b": "t_dirtfloor",
            "c": "t_dirt",
            "d": "t_dirtfloor",
            "e": "t_tree_hickory",
            "o": "t_dirt",
            "s": "t_shrub",
            "t": "t_dirtfloor",
            "w": "t_grass",
            "|": "t_wall_wood"
        }
    },
    "om_terrain": "moonshine_still",
    "type": "mapgen",
    "weight": 100
}
