{
    "method": "json",
    "object": {
        "furniture": {
            "#": "f_null",
            ".": "f_null",
            "1": "f_null",
            "4": "f_null",
            "7": "f_null",
            "O": "f_fvat_empty",
            "W": "f_null",
            "^": "f_still",
            "_": "f_null",
            "c": "f_chair",
            "d": "f_null",
            "s": "f_null",
            "t": "f_table",
            "w": "f_null",
            "|": "f_null"
        },
        "place_items": [
            {
                "chance": 15,
                "item": "trash",
                "x": 9,
                "y": 19
            },
            {
                "chance": 15,
                "item": "trash",
                "x": 16,
                "y": 17
            },
            {
                "chance": 15,
                "item": "trash",
                "x": 17,
                "y": 9
            },
            {
                "chance": 15,
                "item": "trash",
                "x": 12,
                "y": 5
            },
            {
                "chance": 45,
                "item": "clutter_yard",
                "x": 6,
                "y": 14
            },
            {
                "chance": 45,
                "item": "clutter_yard",
                "x": 8,
                "y": 10
            },
            {
                "chance": 65,
                "item": "moonshine_brew",
                "x": 12,
                "y": [
                    11,
                    12
                ]
            }
        ],
        "rows": [
            "...._..._.._.._..._.....",
            "._#..._#...._#.._.1..#..",
            "#....#7___#1.._#___#_.._",
            ".._.1.#.___.#4._#__._#..",
            "_#..___..___##s__##_#7#.",
            "...__#_##_##.__.7#.._#..",
            ".__#_7.___##__7__7_1..#_",
            "._#7###4_1___#.4___#._..",
            ".__#s#__#_#.7___#_#_s.#.",
            ".##4.#7#_#_||||||_77#__.",
            ".__#_#_w___|d^OO|_#__...",
            "._.#_wwww#.|tddd|._4#_._",
            ".#__7wWWw7#|tddc|#___...",
            ".._#wwwww#_||ddd|__#.#_.",
            "._7#_s.w#___....._7__#..",
            ".#_.4#7#_#_#_...#___7_..",
            "____._#7____##.._#.s_.._",
            "....1#__##7.__.4___#_1..",
            ".1.#_._._.__#__.#7_.__..",
            "._#7#_7.7_#s.#_#__#_7##.",
            ".....__#_###7#7__4#.#...",
            "#_._#.1._4__#__##.___.#_",
            "...#.._..__.##.._..#_...",
            "..#._._......__..#..._.."
        ],
        "terrain": {
            "#": "t_underbrush",
            ".": "t_dirt",
            "1": "t_tree_young",
            "4": "t_tree_pine",
            "7": "t_tree",
            "O": "t_dirtfloor",
            "W": "t_water_dp",
            "^": "t_dirtfloor",
            "_": "t_grass",
            "c": "t_dirtfloor",
            "d": "t_dirtfloor",
            "s": "t_shrub",
            "t": "t_dirtfloor",
            "w": "t_water_sh",
            "|": "t_wall_wood"
        }
    },
    "om_terrain": "moonshine_still",
    "type": "mapgen",
    "weight": 100
}
