{
    "method": "json",
    "object": {
        "add": [
            {
                "item": "cig_butt",
                "repeat": 1,
                "x": 12,
                "y": 6
            },
            {
                "item": "cig_butt",
                "repeat": 1,
                "x": 18,
                "y": 7
            },
            {
                "item": "shovel",
                "repeat": 1,
                "x": 21,
                "y": 12
            }
        ],
        "furniture": {
            "#": "f_null",
            ".": "f_null",
            "4": "f_null",
            "7": "f_null",
            "H": "f_wood_keg",
            "O": "f_fvat_empty",
            "T": "f_null",
            "^": "f_still",
            "_": "f_null",
            "a": "f_ash",
            "c": "f_chair",
            "d": "f_null",
            "s": "f_null",
            "t": "f_null",
            "|": "f_null"
        },
        "place_items": [
            {
                "chance": 75,
                "item": "moonshine_brew",
                "x": 13,
                "y": 12
            },
            {
                "chance": 75,
                "item": "moonshine_brew",
                "x": 12,
                "y": [
                    11,
                    14
                ]
            },
            {
                "chance": 5,
                "item": "camping",
                "x": 14,
                "y": 8
            },
            {
                "chance": 55,
                "item": "trash",
                "x": 20,
                "y": 18
            },
            {
                "chance": 55,
                "item": "trash",
                "x": 8,
                "y": 13
            }
        ],
        "rows": [
            "......7.._..............",
            ".4.............7_...7...",
            "....._...s._#....4....#_",
            ".._.###.............#...",
            "_.#t##..7...#.4...#4#_7.",
            "...#.._.._..7.____.#....",
            "............._____s_4...",
            ".s_.4#..7._._______.....",
            "....#_.#._.|^dd|___c_..#",
            "..7......._dOddd______4.",
            "...._....__d^ddd__a_c_..",
            "........___|ddd|_______s",
            "7.#4..7..__ddddd__c.___.",
            "......4..._ddHHH__.__.7_",
            "_......7_.#|dHH|__#.....",
            ".#._.s...._______s..7...",
            "......._..._.4_._.#...4.",
            "...#T#...7....._.7......",
            "....#_....4s..77#..7....",
            ".7....4#....7.....#.....",
            "...............###4#..7_",
            ".._.#7...#......_##.#...",
            ".....#._....#.s.7.......",
            "...._....._........._..."
        ],
        "terrain": {
            "#": "t_underbrush",
            ".": "t_grass",
            "4": "t_tree_pine",
            "7": "t_tree",
            "H": "t_dirtfloor",
            "O": "t_dirtfloor",
            "T": "t_tree_hickory",
            "^": "t_dirtfloor",
            "_": "t_dirt",
            "a": "t_dirt",
            "c": "t_dirt",
            "d": "t_dirtfloor",
            "s": "t_shrub",
            "t": "t_tree_maple",
            "|": "t_wall_wood"
        }
    },
    "om_terrain": "moonshine_still",
    "type": "mapgen",
    "weight": 100
}
