[
	
	{
		"type" : "overmap_terrain",
		"id" : "dirtroad",
		"name" : "泥路",
		"rotate" : true,
		"sym" : 35,
		"color" : "brown",
		"see_cost" : 5,
		"extras" : "build",
		"mondensity" : 1,
		"sidewalk" : false
	},{
		"type" : "overmap_terrain",
		"id" : "rural_house",
		"name" : "乡村住宅",
		"rotate" : true,
		"sym" : 35,
		"color" : "blue",
		"see_cost" : 5,
		"extras" : "build",
		"mondensity" : 1,
		"sidewalk" : false
	},{
		"type" : "overmap_terrain",
		"id" : "boat_rental",
		"name" : "游船码头",
		"rotate" : true,
		"sym" : 35,
		"color" : "white",
		"see_cost" : 5,
		"extras" : "build",
		"mondensity" : 1,
		"sidewalk" : false
	},{
		"type" : "overmap_terrain",
		"id" : "riverside_dwelling",
		"name" : "滨江住宅",
		"rotate" : true,
		"sym" : 43,
		"color" : "i_yellow",
		"see_cost" : 5,
		"extras" : "build",
		"mondensity" : 1,
		"sidewalk" : false
	},{
		"type" : "overmap_terrain",
		"id" : "moonshine_still",
		"name" : "月光蒸馏营地",
		"rotate" : true,
		"sym" : 83,
		"color" : "i_brown",
		"see_cost" : 5,
		"extras" : "build",
		"mondensity" : 1,
		"sidewalk" : false
	}
]