[
	{
		"type" : "overmap_special",
        "id" : "Rural House",
        "overmaps" : [
            { "point":[0,0,0], "overmap": "dirtroad_north"},
            { "point":[0,1,0], "overmap": "dirtroad_north"},
            { "point":[0,2,0], "overmap": "rural_house_north"}
        ],
		"connections" : [
			{ "point" : [0,-1,0], "terrain" : "road", "existing" : true }
        ],
        "locations" : [ "forest" ],
        "city_distance" : [5, 25],
        "city_sizes" : [2, 10],
        "occurrences" : [0, 5],
        "rotate" : true
	},{
		"type" : "overmap_special",
        "id" : "Boat Rental",
        "overmaps" : [
            { "point":[0,0,0], "overmap": "boat_rental_north"}
        ],
		"connections" : [
			{ "point" : [0,-1,0], "terrain" : "road", "existing" : true }
        ],
        "locations" : [ "water" ],
        "city_distance" : [5, 15],
        "city_sizes" : [0, 12],
        "occurrences" : [1, 5],
        "rotate" : true
	},{
		"type" : "overmap_special",
        "id" : "Riverside Dwelling",
        "overmaps" : [
            { "point":[0,0,0], "overmap": "riverside_dwelling_north"}
        ],
        "locations" : [ "water" ],
        "city_distance" : [-1, 25],
        "city_sizes" : [0, 20],
        "occurrences" : [1, 15],
        "rotate" : true
	},{
		"type" : "overmap_special",
        "id" : "Moonshine Still",
        "overmaps" : [
            { "point":[0,0,0], "overmap": "moonshine_still_north"}
        ],
        "locations" : [ "forest" ],
        "city_distance" : [5, 20],
        "city_sizes" : [0, 20],
        "occurrences" : [0, 5],
        "rotate" : true
	}
]
