{
    "method": "json",
    "object": {
        "add": [
            {
                "item": "corpse",
                "repeat": 1,
                "x": 19,
                "y": 7
            },
            {
                "item": "rag_bloody",
                "repeat": 1,
                "x": 13,
                "y": 12
            },
            {
                "item": "human_flesh",
                "repeat": 1,
                "x": 19,
                "y": 12
            },
            {
                "item": "corpse",
                "repeat": 1,
                "x": 13,
                "y": 14
            },
            {
                "item": "corpse",
                "repeat": 1,
                "x": 19,
                "y": 14
            },
            {
                "item": "corpse",
                "repeat": 1,
                "x": 13,
                "y": 15
            },
            {
                "item": "rag_bloody",
                "repeat": 1,
                "x": 14,
                "y": 15
            }
        ],
        "furniture": {
            "#": "f_null",
            "+": "f_null",
            ".": "f_null",
            "0": "f_null",
            "1": "f_null",
            "4": "f_null",
            "7": "f_null",
            "P": "f_null",
            "^": "f_rubble_rock",
            "_": "f_null",
            "f": "f_null",
            "m": "f_makeshift_bed",
            "p": "f_null",
            "r": "f_rubble_rock",
            "s": "f_null",
            "t": "f_table",
            "w": "f_null",
            "{": "f_locker",
            "|": "f_null"
        },
        "place_items": [
            {
                "chance": 25,
                "item": "jackets",
                "x": 7,
                "y": 11
            },
            {
                "chance": 85,
                "item": "creepy",
                "x": [
                    18,
                    19
                ],
                "y": 11
            },
            {
                "chance": 85,
                "item": "creepy",
                "x": 14,
                "y": 9
            },
            {
                "chance": 85,
                "item": "creepy",
                "x": 13,
                "y": 8
            },
            {
                "chance": 25,
                "item": "trash",
                "x": 15,
                "y": 18
            },
            {
                "chance": 25,
                "item": "trash",
                "x": 17,
                "y": 14
            },
            {
                "chance": 25,
                "item": "trash",
                "x": 15,
                "y": 12
            },
            {
                "chance": 25,
                "item": "trash",
                "x": 16,
                "y": 7
            },
            {
                "chance": 15,
                "item": "dresses",
                "x": 7,
                "y": 7
            },
            {
                "chance": 75,
                "item": "methlab",
                "x": 13,
                "y": 11
            },
            {
                "chance": 45,
                "item": "shirts",
                "x": 9,
                "y": 12
            },
            {
                "chance": 45,
                "item": "shirts",
                "x": 6,
                "y": 10
            },
            {
                "chance": 45,
                "item": "clutter_yard",
                "x": 7,
                "y": 20
            },
            {
                "chance": 45,
                "item": "clutter_yard",
                "x": 3,
                "y": 7
            },
            {
                "chance": 45,
                "item": "clutter_yard",
                "x": 14,
                "y": 3
            },
            {
                "chance": 75,
                "item": "butcher_tools",
                "x": 18,
                "y": 12
            },
            {
                "chance": 75,
                "item": "butcher_tools",
                "x": 19,
                "y": 9
            },
            {
                "chance": 75,
                "item": "butcher_tools",
                "x": 14,
                "y": 8
            }
        ],
        "place_monsters": [
			{ "monster": "GROUP_ZOMBIE", "x": 8 , "y": 10 }
        ],
        "place_vehicles": [
            {
                "chance": 15,
                "fuel": 0,
                "rotation": 270,
                "status": -1,
                "vehicle": "canoe",
                "x": 13,
                "y": 19
            }
        ],
        "rows": [
            "......._......_._._.....",
            "._._......_#....__.._.#_",
            "...#..__#.#4#.._...#._..",
            ".#...#..._s##._._.#7#...",
            "__.._##.#_______...##_._",
            ".....1##___._#.....__...",
            ".._.#s_#7#__|||+++|||_..",
            "...._#._#._#|fffffff|.#.",
            "...________.wttfffffw__.",
            "._.#._.P_#__|ttffff{|...",
            "..._7#__.__1||||+||||._.",
            ".._.##0__0_#|mmff+ff|_7.",
            "_....#pp#.__|ffff+ff|#..",
            "..._#4#p1#__||||+||||4#.",
            "__...#s##0__wfffffffw##.",
            "...#..._#__.|ff^__.f|_..",
            ".._.__#__..#||||#.#||#..",
            ".._.#_.4.___#.#s1.r##_._",
            ".#..._#_#7#_..__..#_.##.",
            "..._s_._.#__.__7.1.s.7#.",
            "...._...._.#._#_....##..",
            "_..#.._.#___...#.#_1__._",
            ".._.........._.._..#.#..",
            "....._..._.._..._......_"
        ],
        "terrain": {
            "#": "t_underbrush",
            "+": "t_door_curtain_c",
            ".": "t_dirt",
            "0": "t_pit_shallow",
            "1": "t_tree_young",
            "4": "t_tree_pine",
            "7": "t_tree",
            "P": "t_pit",
            "^": "t_floor",
            "_": "t_grass",
            "f": "t_floor",
            "m": "t_floor",
            "p": "t_pit_corpsed",
            "r": "t_dirt",
            "s": "t_shrub",
            "t": "t_floor",
            "w": "t_window_boarded",
            "{": "t_floor",
            "|": "t_wall"
        }
    },
    "om_terrain": "riverside_dwelling",
    "type": "mapgen",
    "weight": 75
}
