{
    "method": "json",
    "object": {
        "add": [
            {
                "item": "splinter",
                "repeat": 1,
                "x": 15,
                "y": 1
            },
            {
                "item": "splinter",
                "repeat": 1,
                "x": 20,
                "y": 7
            },
            {
                "item": "splinter",
                "repeat": 1,
                "x": 7,
                "y": 9
            },
            {
                "item": "splinter",
                "repeat": 1,
                "x": 8,
                "y": 12
            },
            {
                "item": "splinter",
                "repeat": 1,
                "x": 16,
                "y": 19
            }
        ],
        "furniture": {
            "#": "f_null",
            "+": "f_canvas_door",
            ".": "f_null",
            "1": "f_null",
            "4": "f_null",
            "7": "f_null",
            "C": "f_canvas_floor",
            "^": "f_rubble",
            "_": "f_null",
            "a": "f_ash",
            "b": "f_canvas_door_o",
            "c": "f_canvas_wall",
            "r": "f_rubble",
            "s": "f_null",
            "t": "f_table",
            "|": "f_null"
        },
        "place_items": [
            {
                "chance": 75,
                "item": "bed",
                "x": 13,
                "y": 8
            },
            {
                "chance": 65,
                "item": "novels",
                "x": 15,
                "y": 15
            },
            {
                "chance": 15,
                "item": "jackets",
                "x": 7,
                "y": 7
            },
            {
                "chance": 15,
                "item": "stoner",
                "x": 12,
                "y": 14
            },
            {
                "chance": 35,
                "item": "alcohol",
                "x": 15,
                "y": 7
            },
            {
                "chance": 25,
                "item": "trash",
                "x": 15,
                "y": 16
            },
            {
                "chance": 25,
                "item": "trash",
                "x": 14,
                "y": 14
            },
            {
                "chance": 25,
                "item": "trash",
                "x": 15,
                "y": 11
            },
            {
                "chance": 25,
                "item": "trash",
                "x": 11,
                "y": [
                    7,
                    8
                ]
            },
            {
                "chance": 25,
                "item": "trash",
                "x": 12,
                "y": 6
            }
        ],
        "place_vehicles": [
            {
                "chance": 35,
                "fuel": 0,
                "rotation": 90,
                "status": 0,
                "vehicle": "raft",
                "x": 22,
                "y": 20
            }
        ],
        "rows": [
            "._._......._......_..._.",
            "....._.._.#.#._..#......",
            "..._.#...#7#4.#__...7_..",
            "_..#.__..#._#.__#..._.#_",
            "..__.1_.._..__._#7_#_...",
            "...#...||#___._#||#.__..",
            ".._7#_.||_.....r||#_#._.",
            "..#.s#___r..ccc.^#__....",
            ".._.__#_._..cCc...__.#..",
            "_...._..#...c+c.___#4...",
            ".__#___||.......||#_#_..",
            ".#__#7#||_a.....||____._",
            "...#.##_.........^_#....",
            "._.___._...cbc...s#7#_..",
            ".._#_1.#^r.cCc..#__##_..",
            ".#4s_._||^.ccc.t||__1.._",
            "..#_##_||_...._.||_#_...",
            "..._7____#^_.____._..._.",
            ".._#_.#.__.___.#_.._.#..",
            ".._._#_._1_#._._.#s#....",
            ".__...__###_7.##4#...._.",
            "...#._..__._._.#.#_.#...",
            "..._..#._._.._......._..",
            "._....._........_......."
        ],
        "terrain": {
            "#": "t_underbrush",
            "+": "t_dirt",
            ".": "t_dirt",
            "1": "t_tree_young",
            "4": "t_tree_pine",
            "7": "t_tree",
            "C": "t_dirt",
            "^": "t_grass",
            "_": "t_grass",
            "a": "t_dirt",
            "b": "t_dirt",
            "c": "t_dirt",
            "r": "t_dirt",
            "s": "t_shrub",
            "t": "t_dirt",
            "|": "t_brick_wall"
        }
    },
    "om_terrain": "riverside_dwelling",
    "type": "mapgen",
    "weight": 100
}
