{
    "method": "json",
    "object": {
        "add": [
            {
                "item": "splinter",
                "repeat": 1,
                "x": 6,
                "y": 6
            },
            {
                "item": "splinter",
                "repeat": 1,
                "x": 21,
                "y": 7
            },
            {
                "item": "splinter",
                "repeat": 1,
                "x": 19,
                "y": 12
            },
            {
                "item": "splinter",
                "repeat": 1,
                "x": 17,
                "y": 13
            },
            {
                "item": "splinter",
                "repeat": 1,
                "x": 9,
                "y": 20
            },
            {
                "item": "log",
                "repeat": 1,
                "x": 21,
                "y": 21
            }
        ],
        "furniture": {
            "#": "f_null",
            "&": "f_null",
            "-": "f_null",
            ".": "f_null",
            "0": "f_coffin_c",
            "1": "f_null",
            "7": "f_null",
            "B": "f_brazier",
            "D": "f_null",
            "O": "f_coffin_o",
            "S": "f_statue",
            "W": "f_null",
            "_": "f_null",
            "a": "f_null",
            "b": "f_bench",
            "c": "f_counter",
            "d": "f_null",
            "e": "f_null",
            "f": "f_null",
            "s": "f_null",
            "w": "f_null",
            "|": "f_null"
        },
        "place_items": [
            {
                "chance": 95,
                "item": "book_hotel_tower_bible",
                "x": 13,
                "y": 12
            },
            {
                "chance": 75,
                "item": "book_hotel_tower_bible",
                "x": 8,
                "y": 10
            },
            {
                "chance": 75,
                "item": "book_hotel_tower_bible",
                "x": 10,
                "y": 8
            },
            {
                "chance": 75,
                "item": "book_hotel_tower_bible",
                "x": 17,
                "y": 6
            },
            {
                "chance": 15,
                "item": "church",
                "x": 18,
                "y": 6
            },
            {
                "chance": 15,
                "item": "church",
                "x": 8,
                "y": 6
            },
            {
                "chance": 35,
                "item": "antique",
                "x": 12,
                "y": 17
            },
            {
                "chance": 35,
                "item": "antique",
                "x": 14,
                "y": 15
            },
            {
                "chance": 35,
                "item": "antique",
                "x": 8,
                "y": 15
            }
        ],
        "place_monsters": [
			{ "monster": "GROUP_SAFE", "x": 13 , "y": 8 }
        ],
        "rows": [
            "........._........_.....",
            "..._........._.._...._..",
            "._....#_..||d|D||_._..._",
            "..._..____wSfffSW#_._#..",
            "....s__._#afffffws#_....",
            ".#.._7.||||fffff||||__._",
            "._..___|bbbbfffbbbb|#_..",
            "..___._|fffffffffff|_._.",
            "....__#|bbbbfffbbbb|#7#.",
            "..._.##|fffffffffffe_#._",
            "_....##|bbbbfffbbbb&#_..",
            "...#.1_affffffff_.###.._",
            "._#7#__wfffBcccB#_.___..",
            ".#.##__WBffffffff_#_#1_.",
            ".__s__#||||||||||.|&._..",
            ".......-0fOfOf0ffff-#__.",
            "._.._7.-fffffffffff-____",
            "....__#-OfOf0fOfOff-s__.",
            "..._#__-------------#_..",
            "..._.._###__#_##.#___.__",
            "_.#...._.._#.___.__#7#__",
            ".....__......_#._.._#...",
            ".._..__..#.._..____#._..",
            "................_....._."
        ],
        "terrain": {
            "#": "t_underbrush",
            "&": "t_wall_wood_broken",
            "-": "t_rock_wall",
            ".": "t_dirt",
            "0": "t_floor",
            "1": "t_tree_young",
            "7": "t_tree",
            "B": "t_floor",
            "D": "t_door_o",
            "O": "t_floor",
            "S": "t_floor",
            "W": "t_window_stained_blue",
            "_": "t_grass",
            "a": "t_window_stained_green",
            "b": "t_floor",
            "c": "t_floor",
            "d": "t_door_b",
            "e": "t_wall_wood_chipped",
            "f": "t_floor",
            "s": "t_shrub",
            "w": "t_window_stained_red",
            "|": "t_wall_wood"
        }
    },
    "om_terrain": "riverside_dwelling",
    "type": "mapgen",
    "weight": 100
}
