{
    "method": "json",
    "object": {
        "furniture": {
            "#": "f_null",
            "&": "f_null",
            "-": "f_null",
            ".": "f_null",
            "1": "f_null",
            "4": "f_null",
            "7": "f_null",
            "_": "f_null",
            "c": "f_chair",
            "d": "f_null",
            "m": "f_makeshift_bed",
            "s": "f_null",
            "t": "f_table",
            "|": "f_null"
        },
        "place_items": [
            {
                "chance": 35,
                "item": "bed",
                "x": 14,
                "y": 14
            },
            {
                "chance": 25,
                "item": "novels",
                "x": 13,
                "y": 17
            },
            {
                "chance": 15,
                "item": "hand_tools",
                "x": 8,
                "y": 15
            },
            {
                "chance": 15,
                "item": "trash",
                "x": 14,
                "y": 17
            },
            {
                "chance": 25,
                "item": "hardware_trash",
                "x": 10,
                "y": 11
            },
            {
                "chance": 25,
                "item": "hardware_trash",
                "x": 14,
                "y": 10
            },
            {
                "chance": 5,
                "item": "floor_trash",
                "x": 16,
                "y": 18
            },
            {
                "chance": 5,
                "item": "floor_trash",
                "x": 5,
                "y": 12
            },
            {
                "chance": 5,
                "item": "floor_trash",
                "x": 9,
                "y": 8
            }
        ],
        "place_vehicles": [
            {
                "chance": 35,
                "fuel": 0,
                "rotation": 270,
                "status": -1,
                "vehicle": "canoe",
                "x": 5,
                "y": 20
            }
        ],
        "rows": [
            "_...._..._......._......",
            ".._...._......_..._..._.",
            "..._..#...._..._._.._...",
            "...#.._.._#.7....#..__..",
            "_._...._.....#__.._.#.._",
            "..._._.#.._____.__#4#._.",
            "._...#_____._____..#..._",
            "..__..#|||___|||..._#...",
            "....#..##._._##-_#..._..",
            "_...__#|#.._.1#|#7._.._.",
            "._.#7##&....._.|#_......",
            "._._#_#|_..._.#|s_#..._.",
            "..._.._&._._.##|..___...",
            "...._._|_..d|&||._#.....",
            ".#._._s|#..dddm|_#.7..._",
            "._..._#|c._|ddd&_._.#_..",
            ".#4##7.|#_.|dddd__......",
            "..#.._#|##_ddtt|___.._..",
            ".._....|||.&-|||__.._...",
            "._.#.._.#____##._...#.._",
            "........_.___.s___#4....",
            "_._.._._.__#7#_....#._..",
            "......._....#..._._.....",
            ".._._..._.._........_._."
        ],
        "terrain": {
            "#": "t_underbrush",
            "&": "t_wall_log_broken",
            "-": "t_wall_log_chipped",
            ".": "t_dirt",
            "1": "t_tree_young",
            "4": "t_tree_pine",
            "7": "t_tree",
            "_": "t_grass",
            "c": "t_dirt",
            "d": "t_dirtfloor",
            "m": "t_dirtfloor",
            "s": "t_shrub",
            "t": "t_dirtfloor",
            "|": "t_wall_log"
        }
    },
    "om_terrain": "riverside_dwelling",
    "type": "mapgen",
    "weight": 100
}
