{
    "method": "json",
    "object": {
        "add": [
            {
                "item": "splinter",
                "repeat": 1,
                "x": 7,
                "y": 7
            },
            {
                "item": "splinter",
                "repeat": 1,
                "x": 14,
                "y": 8
            },
            {
                "item": "splinter",
                "repeat": 1,
                "x": 20,
                "y": 8
            },
            {
                "item": "log",
                "repeat": 1,
                "x": 5,
                "y": 15
            },
            {
                "item": "glass_shard",
                "repeat": 1,
                "x": 14,
                "y": 16
            },
            {
                "item": "splinter",
                "repeat": 1,
                "x": 18,
                "y": 16
            },
            {
                "item": "glass_shard",
                "repeat": 1,
                "x": 13,
                "y": 17
            },
            {
                "item": "glass_shard",
                "repeat": 1,
                "x": 14,
                "y": 17
            },
            {
                "item": "glass_shard",
                "repeat": 1,
                "x": 13,
                "y": 18
            }
        ],
        "furniture": {
            "#": "f_null",
            "&": "f_sink",
            "'": "f_null",
            "-": "f_null",
            ".": "f_null",
            "0": "f_null",
            "1": "f_null",
            "4": "f_null",
            "7": "f_null",
            "B": "f_bed",
            "C": "f_cupboard",
            "D": "f_dahlia",
            "F": "f_null",
            "S": "f_shower",
            "T": "f_toilet",
            "_": "f_null",
            "a": "f_dresser",
            "b": "f_bluebell",
            "c": "f_chair",
            "d": "f_null",
            "e": "f_null",
            "f": "f_null",
            "g": "f_counter",
            "h": "f_null",
            "s": "f_null",
            "t": "f_table",
            "w": "f_null",
            "{": "f_bookcase",
            "|": "f_null"
        },
        "place_items": [
            {
                "chance": 45,
                "item": "knifeblock",
                "x": 10,
                "y": 13
            },
            {
                "chance": 65,
                "item": "camping",
                "x": 18,
                "y": [
                    12,
                    13
                ]
            },
            {
                "chance": 75,
                "item": "novels",
                "x": 13,
                "y": 10
            },
            {
                "chance": 75,
                "item": "dresser_shabby",
                "x": 9,
                "y": 10
            },
            {
                "chance": 55,
                "item": "bed",
                "x": [
                    9,
                    10
                ],
                "y": 9
            },
            {
                "chance": 25,
                "item": "trash",
                "x": 12,
                "y": 15
            },
            {
                "chance": 25,
                "item": "trash",
                "x": 14,
                "y": 13
            },
            {
                "chance": 25,
                "item": "trash",
                "x": 10,
                "y": 12
            },
            {
                "chance": 25,
                "item": "trash",
                "x": 15,
                "y": 10
            },
            {
                "chance": 25,
                "item": "trash",
                "x": 15,
                "y": 6
            },
            {
                "chance": 65,
                "item": "magazines",
                "x": 13,
                "y": 9
            },
            {
                "chance": 15,
                "item": "cannedfood",
                "x": 9,
                "y": 13
            }
        ],
        "place_monsters": [
			{ "monster": "GROUP_SAFE", "x": 14 , "y": 12 }
        ],
        "rows": [
            "...#........._......_...",
            "....._._##__..#._.#..._.",
            "..__...#7#__.._.1#4#_#_.",
            "_.#.__#.#__.___#._##....",
            "#..._____#_##___.#s##_._",
            "._#..#4_-----.#.----_...",
            "...____#F##.###.###F#.4.",
            "._#._#__Fb#b##.##DbF#_#.",
            "_..#7__#||0|||f|||||._..",
            "..._##_.|BBf|{ff|&S|#...",
            "..#1.._#|aff|{ff|fT|7#._",
            "...._#_s|||e|fff|f||#_#.",
            ".#..#._.'ffffffffft|_._.",
            "._..___.|Cg&fffffft|#_..",
            "...#4#_#||||||h||0||_...",
            "..###_._#_wcfcffw##__#_.",
            "_.#7#_#___wfffffw#__._..",
            "...#______|wwddw|__#__..",
            "_#..__s#_________#s7#__.",
            ".#_._.#7##_.__._#.##.__.",
            "...#.._##4__#__#_1._._..",
            "_#.__...#..___._.#..__#_",
            "....#._.._.#......_.#...",
            ".._.._........._....._.."
        ],
        "terrain": {
            "#": "t_underbrush",
            "&": "t_floor",
            "'": "t_window_open",
            "-": "t_fence_h",
            ".": "t_dirt",
            "0": "t_window_empty",
            "1": "t_tree_young",
            "4": "t_tree_pine",
            "7": "t_tree",
            "B": "t_floor",
            "C": "t_floor",
            "D": "t_dirt",
            "F": "t_fence_v",
            "S": "t_floor",
            "T": "t_floor",
            "_": "t_grass",
            "a": "t_floor",
            "b": "t_dirt",
            "c": "t_floor",
            "d": "t_dirtfloor",
            "e": "t_door_b",
            "f": "t_floor",
            "g": "t_floor",
            "h": "t_door_o",
            "s": "t_shrub",
            "t": "t_floor",
            "w": "t_wall_glass",
            "{": "t_floor",
            "|": "t_wall_wood"
        }
    },
    "om_terrain": "riverside_dwelling",
    "type": "mapgen",
    "weight": 100
}
