{
    "method": "json",
    "object": {
        "add": [
            {
                "item": "splinter",
                "repeat": 4,
                "x": 18,
                "y": 5
            },
            {
                "item": "splinter",
                "repeat": 4,
                "x": 16,
                "y": 14
            },
            {
                "item": "splinter",
                "repeat": 4,
                "x": 4,
                "y": 17
            },
            {
                "item": "lawnmower",
                "repeat": 4,
                "x": 5,
                "y": 17
            },
            {
                "item": "log",
                "repeat": 4,
                "x": 19,
                "y": 17
            },
            {
                "item": "splinter",
                "repeat": 4,
                "x": 8,
                "y": 19
            }
        ],
        "furniture": {
            "#": "f_null",
            "&": "f_sink",
            "+": "f_null",
            ".": "f_null",
            "1": "f_null",
            "4": "f_null",
            "7": "f_null",
            "C": "f_counter",
            "D": "f_null",
            "H": "f_sofa",
            "S": "f_shower",
            "T": "f_table",
            "_": "f_null",
            "a": "f_null",
            "b": "f_bed",
            "c": "f_null",
            "d": "f_null",
            "e": "f_toilet",
            "f": "f_null",
            "s": "f_null",
            "t": "f_null",
            "{": "f_dresser",
            "|": "f_null"
        },
        "place_items": [
            {
                "chance": 25,
                "item": "misc_smoking",
                "x": 14,
                "y": 7
            },
            {
                "chance": 65,
                "item": "cannedfood",
                "x": 18,
                "y": 9
            },
            {
                "chance": 65,
                "item": "cannedfood",
                "x": 18,
                "y": 7
            },
            {
                "chance": 55,
                "item": "knifeblock",
                "x": 17,
                "y": 7
            },
            {
                "chance": 15,
                "item": "stoner",
                "x": 13,
                "y": 7
            },
            {
                "chance": 75,
                "item": "bed",
                "x": 13,
                "y": [
                    11,
                    12
                ]
            },
            {
                "chance": 65,
                "item": "magazines",
                "x": 15,
                "y": 9
            },
            {
                "chance": 55,
                "item": "garden_shed",
                "x": [
                    7,
                    8
                ],
                "y": 17
            },
            {
                "chance": 35,
                "item": "tools_carpentry",
                "x": 7,
                "y": 16
            },
            {
                "chance": 65,
                "item": "camping",
                "x": 16,
                "y": 9
            },
            {
                "chance": 65,
                "item": "dresser_stack",
                "x": 15,
                "y": 11
            },
            {
                "chance": 45,
                "item": "clutter_yard",
                "x": 6,
                "y": 17
            },
            {
                "chance": 45,
                "item": "clutter_yard",
                "x": 11,
                "y": 16
            },
            {
                "chance": 45,
                "item": "clutter_yard",
                "x": 5,
                "y": 16
            },
            {
                "chance": 45,
                "item": "clutter_yard",
                "x": 7,
                "y": 13
            },
            {
                "chance": 45,
                "item": "tools_earthworking",
                "x": 8,
                "y": 16
            }
        ],
        "place_monsters": [
			{ "monster": "GROUP_ZOMBIE", "x": 14 , "y": 8 }
        ],
        "place_toilets": [
            {
                "x": 17,
                "y": 12
            }
        ],
        "place_vehicles": [
            {
                "chance": 25,
                "fuel": 0,
                "rotation": 270,
                "status": 0,
                "vehicle": "canoe",
                "x": 2,
                "y": 19
            }
        ],
        "rows": [
            "._......_...._.#.__..._.",
            "....##.....____..._...#.",
            "..._..__._#._....#_1#...",
            "_.#...##__._#__..#.__#_.",
            "..___#4.__#__#....#_#4..",
            "...._##_#7__##|tt|_.._#_",
            "._.____#_._#|||+c|||#_..",
            "._#__#_#____|HHffCC|#__.",
            "....#7#_1___cfffff&c_#_.",
            "...#_#.___..+ffTTfC|#7__",
            ".._.s.__..._||D||a||.##.",
            "_.#___#_.__#|bf{|f&|__..",
            "..#4#._..__#cbff|eS|#__.",
            "._.#.#...___||||||||#.#.",
            "._.___.._.____#s__#.___.",
            ".....|ddd|__#__##_#__#..",
            "..#__ddddd__.___.___._..",
            "..___ddddd____#__7__#_..",
            ".___#|||||#_..###__#__#_",
            "...#_###_#.__#_#..#1....",
            "_..._...__.#_7#..__#..._",
            ".._...#._#_.._#..._#_...",
            "...#._.._......_..._..#.",
            ".._......._....._......."
        ],
        "terrain": {
            "#": "t_underbrush",
            "&": "t_floor",
            "+": "t_door_locked",
            ".": "t_dirt",
            "1": "t_tree_young",
            "4": "t_tree_pine",
            "7": "t_tree",
            "C": "t_floor",
            "D": "t_door_o",
            "H": "t_floor",
            "S": "t_floor",
            "T": "t_floor",
            "_": "t_grass",
            "a": "t_door_c",
            "b": "t_floor",
            "c": "t_curtains",
            "d": "t_dirtfloor",
            "e": "t_floor",
            "f": "t_floor",
            "s": "t_shrub",
            "t": "t_thconc_floor",
            "{": "t_floor",
            "|": "t_wall_wood"
        }
    },
    "om_terrain": "riverside_dwelling",
    "type": "mapgen",
    "weight": 100
}
