{
    "method": "json",
    "object": {
        "add": [
            {
                "item": "splinter",
                "repeat": 1,
                "x": 16,
                "y": 5
            },
            {
                "item": "splinter",
                "repeat": 1,
                "x": 5,
                "y": 9
            },
            {
                "item": "splinter",
                "repeat": 1,
                "x": 14,
                "y": 15
            }
        ],
        "furniture": {
            "#": "f_null",
            "&": "f_sink",
            "+": "f_null",
            "-": "f_null",
            ".": "f_null",
            "1": "f_null",
            "4": "f_null",
            "7": "f_null",
            "B": "f_bookcase",
            "F": "f_fireplace",
            "H": "f_sofa",
            "S": "f_null",
            "T": "f_toilet",
            "_": "f_null",
            "a": "f_armchair",
            "b": "f_bed",
            "c": "f_counter",
            "d": "f_fridge",
            "e": "f_bathtub",
            "f": "f_null",
            "o": "f_oven",
            "r": "f_null",
            "s": "f_null",
            "t": "f_table",
            "w": "f_null",
            "{": "f_dresser",
            "|": "f_null"
        },
        "place_items": [
            {
                "chance": 65,
                "item": "fridge",
                "x": 8,
                "y": 12
            },
            {
                "chance": 65,
                "item": "bed",
                "x": [
                    8,
                    9
                ],
                "y": 7
            },
            {
                "chance": 25,
                "item": "alcohol",
                "x": 11,
                "y": 7
            },
            {
                "chance": 35,
                "item": "misc_smoking",
                "x": 14,
                "y": 10
            },
            {
                "chance": 35,
                "item": "magazines",
                "x": 15,
                "y": 10
            },
            {
                "chance": 35,
                "item": "tools_home",
                "x": 10,
                "y": [
                    15,
                    16
                ]
            },
            {
                "chance": 65,
                "item": "dresser_stack",
                "x": 8,
                "y": 9
            },
            {
                "chance": 65,
                "item": "cannedfood",
                "x": 9,
                "y": 11
            },
            {
                "chance": 45,
                "item": "kitchen",
                "x": 8,
                "y": 11
            }
        ],
        "place_toilets": [
            {
                "x": 16,
                "y": 13
            }
        ],
        "place_vehicles": [
            {
                "chance": 75,
                "fuel": 0,
                "rotation": 90,
                "status": 0,
                "vehicle": "canoe",
                "x": 2,
                "y": 19
            }
        ],
        "rows": [
            "....._......_..._._.._._",
            "._.__.._._.._._.........",
            "..._.._._._..._.._._._._",
            "_._._.__..4__....._._...",
            ".__...7____._.#__._...__",
            "....#____._#s#--.#_.__..",
            "_..1.__|||||||||||__7.._",
            "..#.__.wbb-HHfrFfw_..__.",
            ".._#__#|ff-ffffff|#_....",
            "_...__s|{f+ffffffw__#.._",
            "._._._#|---fffata|_1_._.",
            "_#..__#|ccfffB---|._____",
            "..7#___|dfffff-&e|__....",
            ".._s_._wofffff+fT|#_4.__",
            "._..__#|||fff|||||#..s..",
            ".._.._.##|tff|__#__._...",
            "...._4__#|fff|#____..__.",
            "_._.__.#_|w|+|_._.#.#.._",
            "_....#___SSSSS_s#7#_....",
            "._._.__..___.__._#_1._..",
            ".....__._..___..._...._.",
            "._.._......_..._..._._..",
            "._._.._.__.._._..._..._.",
            "..._._......_...._.._..."
        ],
        "terrain": {
            "#": "t_underbrush",
            "&": "t_floor",
            "+": "t_door_c",
            "-": "t_wall",
            ".": "t_dirt",
            "1": "t_tree_young",
            "4": "t_tree_pine",
            "7": "t_tree",
            "B": "t_floor",
            "F": "t_floor",
            "H": "t_floor",
            "S": "t_sidewalk",
            "T": "t_floor",
            "_": "t_grass",
            "a": "t_floor",
            "b": "t_floor",
            "c": "t_floor",
            "d": "t_floor",
            "e": "t_floor",
            "f": "t_floor",
            "o": "t_floor",
            "r": "t_rock",
            "s": "t_shrub",
            "t": "t_floor",
            "w": "t_window_domestic",
            "{": "t_floor",
            "|": "t_brick_wall"
        }
    },
    "om_terrain": "riverside_dwelling",
    "type": "mapgen",
    "weight": 100
}
