{
    "method": "json",
    "object": {
        "add": [
            {
                "item": "splinter",
                "repeat": 1,
                "x": 19,
                "y": 5
            },
            {
                "item": "splinter",
                "repeat": 1,
                "x": 9,
                "y": 8
            },
            {
                "item": "rock",
                "repeat": 1,
                "x": 6,
                "y": 9
            },
            {
                "item": "log",
                "repeat": 1,
                "x": 9,
                "y": 10
            },
            {
                "item": "splinter",
                "repeat": 1,
                "x": 19,
                "y": 12
            },
            {
                "item": "log",
                "repeat": 1,
                "x": 5,
                "y": 14
            },
            {
                "item": "splinter",
                "repeat": 1,
                "x": 11,
                "y": 21
            },
            {
                "item": "splinter",
                "repeat": 1,
                "x": 13,
                "y": 21
            },
            {
                "item": "rock",
                "repeat": 1,
                "x": 18,
                "y": 21
            }
        ],
        "furniture": {
            "#": "f_null",
            "&": "f_sink",
            "+": "f_null",
            "-": "f_null",
            ".": "f_null",
            "1": "f_null",
            "4": "f_null",
            "7": "f_null",
            "B": "f_bluebell",
            "C": "f_null",
            "D": "f_null",
            "F": "f_null",
            "H": "f_armchair",
            "T": "f_toilet",
            "_": "f_null",
            "a": "f_null",
            "b": "f_bed",
            "c": "f_counter",
            "d": "f_table",
            "f": "f_null",
            "o": "f_oven",
            "s": "f_shower",
            "t": "f_null",
            "w": "f_null",
            "|": "f_null"
        },
        "place_items": [
            {
                "chance": 15,
                "item": "antique_guns_with_ammo",
                "x": 15,
                "y": 11
            },
            {
                "chance": 25,
                "item": "camping",
                "x": 17,
                "y": 11
            },
            {
                "chance": 75,
                "item": "bed",
                "x": [
                    11,
                    12
                ],
                "y": 11
            },
            {
                "chance": 45,
                "item": "magazines",
                "x": 14,
                "y": 11
            },
            {
                "chance": 55,
                "item": "cannedfood",
                "x": [
                    13,
                    14
                ],
                "y": 8
            }
        ],
        "place_monsters": [
			{ "monster": "GROUP_ZOMBIE", "x": 14 , "y": 10 }
        ],
        "place_toilets": [
            {
                "x": 20,
                "y": 9
            }
        ],
        "place_vehicles": [
            {
                "chance": 35,
                "fuel": 0,
                "rotation": 90,
                "status": -1,
                "vehicle": "canoe",
                "x": 1,
                "y": 21
            }
        ],
        "rows": [
            "...._......._.._#..._...",
            ".._#.._.._.....#4##...#.",
            ".#_..._#..#..7#.._._#.._",
            "...._1__#._#_._#.###1#..",
            "_._....__##_...#.##_##_.",
            "..._##.#____1_##.#7__.#.",
            "..#._7#.__.#_#__.___#4#.",
            "_...#___##||w|||+||__#._",
            ".._1._#4__|o&ccfff||||..",
            ".._#_#_.__|fffffff|&TC_.",
            "_..__._#__|fffffff+fs|..",
            ".._##7#__#|bbfHdff||||#.",
            "._._#_._#_|||w||D||.#7#.",
            "#...#_##1__BB__ttt___#__",
            "._.1___##_#__1_ttt_#_...",
            "._.._#___.__#_#____._#.#",
            "...__.7#__#_----.F__.__.",
            "..._4_#__#7#F....F#7##..",
            "._#..#.1#_##F.---F__#4#_",
            "..._..#_#__-F.F.###1_#..",
            "_......7___...F#7#_#_...",
            ".._.#_..#_a.a.-_#_._._..",
            "......#.._..__......_#..",
            "..._.._.....#._........."
        ],
        "terrain": {
            "#": "t_underbrush",
            "&": "t_floor",
            "+": "t_door_c",
            "-": "t_fence_h",
            ".": "t_dirt",
            "1": "t_tree_young",
            "4": "t_tree_pine",
            "7": "t_tree",
            "B": "t_grass",
            "C": "t_curtains",
            "D": "t_door_locked",
            "F": "t_fence_v",
            "H": "t_floor",
            "T": "t_floor",
            "_": "t_grass",
            "a": "t_fence_post",
            "b": "t_floor",
            "c": "t_floor",
            "d": "t_floor",
            "f": "t_floor",
            "o": "t_floor",
            "s": "t_floor",
            "t": "t_thconc_floor",
            "w": "t_window_domestic",
            "|": "t_wall_log"
        }
    },
    "om_terrain": "riverside_dwelling",
    "type": "mapgen",
    "weight": 100
}
