{
    "method": "json",
    "object": {
        "furniture": {
            "#": "f_null",
            "&": "f_sink",
            "+": "f_null",
            "-": "f_null",
            ".": "f_null",
            "1": "f_null",
            "4": "f_null",
            "7": "f_null",
            "C": "f_chair",
            "D": "f_null",
            "H": "f_sofa",
            "T": "f_toilet",
            "_": "f_null",
            "a": "f_ash",
            "b": "f_bed",
            "c": "f_chair",
            "d": "f_counter",
            "f": "f_null",
            "t": "f_table",
            "w": "f_null",
            "|": "f_null"
        },
        "place_items": [
            {
                "chance": 25,
                "item": "misc_smoking",
                "x": 18,
                "y": 8
            },
            {
                "chance": 65,
                "item": "cannedfood",
                "x": 14,
                "y": 12
            },
            {
                "chance": 75,
                "item": "bed",
                "x": [
                    17,
                    18
                ],
                "y": 11
            },
            {
                "chance": 25,
                "item": "guns_shotgun_common",
                "x": 16,
                "y": 12
            },
            {
                "chance": 45,
                "item": "kitchen",
                "x": 13,
                "y": 9
            },
            {
                "chance": 45,
                "item": "alcohol",
                "x": 13,
                "y": 8
            }
        ],
        "place_monsters": [
			{ "monster": "GROUP_ZOMBIE", "x": 10 , "y": 15 }
        ],
        "rows": [
            ".._......_....._...._...",
            "......._....._..._......",
            ".._#_.#__.._...._#.#_.#_",
            "_...____._.._..._#_7#_..",
            "...#____#_._....._##....",
            "..___.##7#__.__.____.#..",
            ".#__#4#_#____##.__#._.._",
            "._.____.___.|||+|w||_...",
            "..___#__#__#|tCfffH|#._.",
            ".__#___..___wtffffH|#...",
            "..#7#.#.c.__|ffff|||_1#_",
            ".._#_.....1_|f&ffbb|#...",
            ".._#__.a.c.#wfdffff|_.#.",
            "_.#._#...._#|||+||w|##4.",
            ".#1#____c___##_._#___...",
            "..##__7##___._..._.___#.",
            "._._.#________..____....",
            ".._#__.__#__.-D-.___#...",
            "..__.__##1#_#-T-#_.#7#_.",
            "_....#_._##._---__.##_..",
            "..#.._.____#_##___#.....",
            "....___.._._._.._.._#.._",
            ".....#.##.....#_..#.....",
            ".._.....__..._......_..."
        ],
        "terrain": {
            "#": "t_underbrush",
            "&": "t_floor",
            "+": "t_door_c",
            "-": "t_wall_wood",
            ".": "t_dirt",
            "1": "t_tree_young",
            "4": "t_tree_pine",
            "7": "t_tree",
            "C": "t_floor",
            "D": "t_door_o",
            "H": "t_floor",
            "T": "t_floor",
            "_": "t_grass",
            "a": "t_dirt",
            "b": "t_floor",
            "c": "t_dirt",
            "d": "t_floor",
            "f": "t_floor",
            "t": "t_floor",
            "w": "t_window_no_curtains",
            "|": "t_wall_log"
        }
    },
    "om_terrain": "riverside_dwelling",
    "type": "mapgen",
    "weight": 100
}
