{
    "method": "json",
    "object": {
        "furniture": {
            "#": "f_null",
            "&": "f_sink",
            "+": "f_null",
            "-": "f_null",
            ".": "f_null",
            "1": "f_null",
            "4": "f_null",
            "7": "f_null",
            "B": "f_bed",
            "C": "f_null",
            "D": "f_null",
            "H": "f_sofa",
            "S": "f_shower",
            "T": "f_null",
            "_": "f_null",
            "a": "f_trashcan",
            "b": "f_null",
            "c": "f_counter",
            "d": "f_null",
            "e": "f_toilet",
            "f": "f_null",
            "g": "f_dresser",
            "m": "f_null",
            "o": "f_oven",
            "s": "f_null",
            "t": "f_table",
            "w": "f_null",
            "{": "f_fridge",
            "|": "f_null"
        },
        "place_items": [
            {
                "chance": 75,
                "item": "bed",
                "x": 10,
                "y": [
                    11,
                    12
                ]
            },
            {
                "chance": 65,
                "item": "magazines",
                "x": 12,
                "y": 5
            },
            {
                "chance": 35,
                "item": "livingroom",
                "x": 12,
                "y": 7
            },
            {
                "chance": 35,
                "item": "livingroom",
                "x": 10,
                "y": 7
            },
            {
                "chance": 45,
                "item": "kitchen",
                "x": 15,
                "y": 9
            },
            {
                "chance": 45,
                "item": "kitchen",
                "x": 15,
                "y": 7
            },
            {
                "chance": 85,
                "item": "cabin_suicide",
                "x": 17,
                "y": 13
            },
            {
                "chance": 10,
                "item": "stoner",
                "x": 11,
                "y": 7
            },
            {
                "chance": 65,
                "item": "dresser_stack",
                "x": 10,
                "y": 13
            },
            {
                "chance": 15,
                "item": "misc_smoking",
                "x": 10,
                "y": 5
            },
            {
                "chance": 5,
                "item": "clutter_bedroom",
                "x": 13,
                "y": 12
            },
            {
                "chance": 5,
                "item": "clutter_bedroom",
                "x": 12,
                "y": 9
            },
            {
                "chance": 55,
                "item": "fridge",
                "x": 17,
                "y": 9
            },
            {
                "chance": 35,
                "item": "cannedfood",
                "x": 17,
                "y": [
                    6,
                    7
                ]
            }
        ],
        "place_monsters": [
        { "monster": "GROUP_ZOMBIE", "x": 17, "y": 19 },
        { "monster": "GROUP_ZOMBIE", "x": 4, "y": 17 }
        ],
        "place_toilets": [
            {
                "x": 17,
                "y": 11
            }
        ],
        "rows": [
            ".._............_...._...",
            "_...._...._......_....#_",
            ".._..___#.__sss_..._#7..",
            "..._.#7.__.#|+|##.._.#._",
            ".._._.#_#||||f||C||._.#.",
            "..#._._##CHHHffffa|_.#4_",
            ".___1#_##|fffffffcw#__#.",
            "..###.__||tttffcfc|#7#..",
            ".#7#___sT|fffff&fo|_#_..",
            "..#.__#sT+fffffcf{|#_._.",
            "_._#._..|||||ff||||#....",
            "..____.##|BfDff+fe|#._#_",
            "...._#._#|Bf|ff|ff|..1..",
            "._.....4_|gf|ff|&S|#_#..",
            "..#_..___||C|ww||||__._.",
            "_....__#__#.#______.__#_",
            "__-bb-_._#___.#__.##_#7.",
            "..dmmb_#_7__#4#_-bb-#_#.",
            ".#-mmb__#_##_#__bmmb._.#",
            ".#-bb-_.____#__.bmmb_.._",
            "...#..._.#.#7#_.-d--....",
            ".......#..._..._.__..#..",
            ".._.._._...#.#......._..",
            "._......._...._...._...."
        ],
        "terrain": {
            "#": "t_underbrush",
            "&": "t_floor",
            "+": "t_door_c",
            "-": "t_wall_metal",
            ".": "t_dirt",
            "1": "t_tree_young",
            "4": "t_tree_pine",
            "7": "t_tree",
            "B": "t_floor",
            "C": "t_curtains",
            "D": "t_door_o",
            "H": "t_floor",
            "S": "t_floor",
            "T": "t_thconc_floor",
            "_": "t_grass",
            "a": "t_floor",
            "b": "t_bars",
            "c": "t_floor",
            "d": "t_door_metal_locked",
            "e": "t_floor",
            "f": "t_floor",
            "g": "t_floor",
            "m": "t_metal_floor",
            "o": "t_floor",
            "s": "t_sidewalk",
            "t": "t_floor",
            "w": "t_window_domestic",
            "{": "t_floor",
            "|": "t_wall"
        }
    },
    "om_terrain": "riverside_dwelling",
    "type": "mapgen",
    "weight": 75
}
