{
    "method": "json",
    "object": {
        "add": [
            {
                "item": "splinter",
                "repeat": 1,
                "x": 9,
                "y": 7
            },
            {
                "item": "splinter",
                "repeat": 1,
                "x": 6,
                "y": 11
            }
        ],
        "furniture": {
            "#": "f_null",
            "&": "f_toilet",
            "+": "f_null",
            ".": "f_null",
            "1": "f_null",
            "W": "f_null",
            "_": "f_null",
            "b": "f_bed",
            "m": "f_null",
            "t": "f_table",
            "w": "f_null",
            "|": "f_null"
        },
        "place_items": [
            {
                "chance": 45,
                "item": "bed",
                "x": 11,
                "y": [
                    11,
                    12
                ]
            },
            {
                "chance": 15,
                "item": "field",
                "x": 16,
                "y": 6
            },
            {
                "chance": 45,
                "item": "trash",
                "x": 14,
                "y": [
                    11,
                    12
                ]
            },
            {
                "chance": 75,
                "item": "swimmer_wetsuit",
                "x": 14,
                "y": [
                    14,
                    15
                ]
            }
        ],
        "rows": [
            "..w....w......w......w..",
            "...._.w..w.w...www.w....",
            "..w__..wwWw...wwWww..._.",
            "w..__w.w.ww._wwwwww.__..",
            ".._.w...w.......ww.__.w.",
            "..ww.w._._.w..__#....w.w",
            "wwwww..#.1.....__..wwWw.",
            ".ww..__...#.||....w.ww..",
            ".w.w..#..##||||......w..",
            "....._...#||||||._._.._.",
            "..w..w.1..|||m||#.w_.w..",
            "wwWw......|b|mm|........",
            "..ww.#..ww|b|mm|..._w.#w",
            ".w.....www|mmmm|..w.__..",
            "...w..wwWW|||mt|#_.._..w",
            "....._.wwW|&mmt|##1w....",
            "..w._...ww|||+||#_.www..",
            ".ww..w...w..w._..wwwWw..",
            "wwww.._#._.....wwwwWWww.",
            ".ww.w.w.....w...wwWWwww.",
            "....www...__.....wwwww..",
            "..wwWWwww.._#_w_..www..w",
            "...wwww...w.....w.......",
            "..w......w..._....w....."
        ],
        "terrain": {
            "#": "t_underbrush",
            "&": "t_metal_floor",
            "+": "t_door_metal_c",
            ".": "t_dirt",
            "1": "t_tree_young",
            "W": "t_water_dp",
            "_": "t_grass",
            "b": "t_metal_floor",
            "m": "t_metal_floor",
            "t": "t_metal_floor",
            "w": "t_water_sh",
            "|": "t_wall_metal"
        }
    },
    "om_terrain": "riverside_dwelling",
    "type": "mapgen",
    "weight": 100
}
