{
    "method": "json",
    "object": {
        "add": [
            {
                "item": "splinter",
                "repeat": 4,
                "x": 6,
                "y": 9
            },
            {
                "item": "splinter",
                "repeat": 4,
                "x": 3,
                "y": 14
            },
            {
                "item": "splinter",
                "repeat": 4,
                "x": 19,
                "y": 15
            },
            {
                "item": "lawnmower",
                "repeat": 4,
                "x": 9,
                "y": 19
            },
            {
                "item": "log",
                "repeat": 4,
                "x": 12,
                "y": 20
            },
            {
                "item": "splinter",
                "repeat": 4,
                "x": 9,
                "y": 21
            }
        ],
        "furniture": {
            "#": "f_null",
            "&": "f_sink",
            "+": "f_null",
            "-": "f_null",
            ".": "f_null",
            "1": "f_null",
            "4": "f_null",
            "7": "f_null",
            "B": "f_bookcase",
            "C": "f_chair",
            "D": "f_null",
            "F": "f_fireplace",
            "H": "f_sofa",
            "S": "f_shower",
            "T": "f_null",
            "W": "f_null",
            "_": "f_null",
            "a": "f_armchair",
            "b": "f_bed",
            "c": "f_counter",
            "d": "f_dresser",
            "e": "f_toilet",
            "f": "f_null",
            "g": "f_null",
            "h": "f_null",
            "m": "f_null",
            "p": "f_null",
            "r": "f_null",
            "s": "f_null",
            "t": "f_table",
            "w": "f_null",
            "{": "f_fridge",
            "|": "f_null"
        },
        "place_items": [
            {
                "chance": 45,
                "item": "magazines",
                "x": 17,
                "y": 12
            },
            {
                "chance": 75,
                "item": "dresser_stack",
                "x": 8,
                "y": 9
            },
            {
                "chance": 25,
                "item": "trash",
                "x": 12,
                "y": 13
            },
            {
                "chance": 25,
                "item": "trash",
                "x": 18,
                "y": 8
            },
            {
                "chance": 15,
                "item": "bedroom",
                "x": 10,
                "y": 8
            },
            {
                "chance": 15,
                "item": "bedroom",
                "x": 9,
                "y": 7
            },
            {
                "chance": 35,
                "item": "cannedfood",
                "x": 14,
                "y": 6
            },
            {
                "chance": 35,
                "item": "cannedfood",
                "x": 12,
                "y": 6
            },
            {
                "chance": 35,
                "item": "kitchen",
                "x": 15,
                "y": 10
            },
            {
                "chance": 35,
                "item": "kitchen",
                "x": 14,
                "y": 9
            },
            {
                "chance": 55,
                "item": "supplies_farming",
                "x": 10,
                "y": 19
            },
            {
                "chance": 65,
                "item": "novels",
                "x": 20,
                "y": 6
            },
            {
                "chance": 75,
                "item": "bed",
                "x": [
                    8,
                    9
                ],
                "y": 6
            },
            {
                "chance": 25,
                "item": "livingroom",
                "x": 17,
                "y": 13
            },
            {
                "chance": 25,
                "item": "livingroom",
                "x": 17,
                "y": 11
            },
            {
                "chance": 65,
                "item": "fridge",
                "x": 13,
                "y": 6
            },
            {
                "chance": 10,
                "item": "stoner",
                "x": 20,
                "y": 9
            },
            {
                "chance": 25,
                "item": "softdrugs",
                "x": 8,
                "y": 12
            }
        ],
        "place_monsters": [
			{ "monster": "GROUP_ZOMBIE", "x": 14 , "y": 11 }
        ],
        "place_toilets": [
            {
                "x": 10,
                "y": 13
            }
        ],
        "place_vehicles": [
            {
                "chance": 35,
                "fuel": 0,
                "rotation": 90,
                "status": 0,
                "vehicle": "raft",
                "x": 2,
                "y": 18
            }
        ],
        "rows": [
            "...._.._....._._...._...",
            "_.......##......__....#.",
            ".._#_._.ppp#._........_.",
            ".._7#..._pp_..._..._....",
            "._#p_#.._p_p._#_p..##_..",
            "..___..||w||||w|TTT|||_.",
            "_.._...|bbf-c{c|+|w|B|#_",
            ".#..__#|fff-ff&-fffff|_.",
            "....#_.wfff-fffffffffw..",
            "...#4..|dff+ffttfffHH|..",
            "...##_#|----fCttfffff|#1",
            "._.__1#|&ff+fffCfafff|#_",
            "...1#_p|cff-ffffftffF|r.",
            "..#..#_|Sfe-fffffafff|#.",
            "..._..#|||||||WD||||||__",
            "_..._...#g#__ssss_p___..",
            "....______p__ssss#__#._.",
            "._.____p___________..7#.",
            ".._._7_#--h-#___#.#1.##.",
            "....__##-mm-#_p..#_#....",
            "........----.#_.#7#_._..",
            "_._#_...#.###_.._#...#._",
            ".....__..........._..#..",
            "..._......_...._....._.."
        ],
        "terrain": {
            "#": "t_underbrush",
            "&": "t_floor",
            "+": "t_door_c",
            "-": "t_wall",
            ".": "t_dirt",
            "1": "t_tree_young",
            "4": "t_tree_pine",
            "7": "t_tree",
            "B": "t_floor",
            "C": "t_floor",
            "D": "t_door_glass_c",
            "F": "t_floor",
            "H": "t_floor",
            "S": "t_floor",
            "T": "t_thconc_floor",
            "W": "t_wall_glass",
            "_": "t_grass",
            "a": "t_floor",
            "b": "t_floor",
            "c": "t_floor",
            "d": "t_floor",
            "e": "t_floor",
            "f": "t_floor",
            "g": "t_shrub",
            "h": "t_door_b",
            "m": "t_metal_floor",
            "p": "t_dirt",
            "r": "t_rock_wall",
            "s": "t_sidewalk",
            "t": "t_floor",
            "w": "t_window_domestic",
            "{": "t_floor",
            "|": "t_brick_wall"
        }
    },
    "om_terrain": "riverside_dwelling",
    "type": "mapgen",
    "weight": 100
}
