{
    "method": "json",
    "object": {
        "furniture": {
            "#": "f_null",
            "&": "f_sink",
            "+": "f_null",
            ".": "f_null",
            "1": "f_null",
            "7": "f_null",
            "B": "f_bathtub",
            "C": "f_chair",
            "D": "f_dresser",
            "H": "f_sofa",
            "T": "f_toilet",
            "W": "f_null",
            "_": "f_null",
            "a": "f_counter",
            "b": "f_bed",
            "c": "f_chair",
            "d": "f_null",
            "f": "f_null",
            "s": "f_null",
            "t": "f_table",
            "w": "f_null",
            "{": "f_fridge",
            "|": "f_null"
        },
        "place_items": [
            {
                "chance": 65,
                "item": "fridge",
                "x": 15,
                "y": 8
            },
            {
                "chance": 45,
                "item": "kitchen",
                "x": [
                    11,
                    12
                ],
                "y": 9
            },
            {
                "chance": 15,
                "item": "winter",
                "x": 8,
                "y": 10
            },
            {
                "chance": 25,
                "item": "magazines",
                "x": 12,
                "y": 10
            },
            {
                "chance": 15,
                "item": "shoes",
                "x": 9,
                "y": 14
            },
            {
                "chance": 75,
                "item": "dresser_stack",
                "x": 13,
                "y": 15
            },
            {
                "chance": 65,
                "item": "bed",
                "x": [
                    11,
                    12
                ],
                "y": 15
            },
            {
                "chance": 75,
                "item": "cannedfood",
                "x": 16,
                "y": [
                    8,
                    9
                ]
            }
        ],
        "place_toilets": [
            {
                "x": 15,
                "y": 15
            }
        ],
        "place_vehicles": [
            {
                "chance": 65,
                "fuel": 0,
                "rotation": 270,
                "status": 0,
                "vehicle": "canoe",
                "x": 20,
                "y": 15
            }
        ],
        "rows": [
            "...._....._._...._._.._.",
            "._._..__._._..._........",
            "........._..._.s._.._...",
            ".__._.#__......._.._..._",
            "_.._...__.......____.#..",
            ".....__#|ddddddd|s._..._",
            "._.._.##|ddddCdC|#__..__",
            "._.__7#||+||w|w|||#1._..",
            "_...#.s|ffffcf&{a|___...",
            ".__.__.Wffcttcffa|#_.._.",
            "._#..__|Hffttff|||__#.._",
            "_.._._#|Hfffcffff|#7.._.",
            "...._#1|fffffffff|s#_...",
            ".____.#|ff|||+|+||.___..",
            "....__#|ff|fff|f&|#_..1_",
            "._.#7._|ft|bbD|TB|___...",
            "...____|+|||W|||||_._.#.",
            "_#_._#_#..#s_.##_._.....",
            "._.___1_..__.__._...#.._",
            "__....._..._#7_#__7.._..",
            "..__._._._...___...____.",
            "......._..._...._._.#_..",
            "._._.._#_...._.__...._..",
            ".._..._...._....._._...."
        ],
        "terrain": {
            "#": "t_underbrush",
            "&": "t_floor",
            "+": "t_door_c",
            ".": "t_dirt",
            "1": "t_tree_young",
            "7": "t_tree",
            "B": "t_floor",
            "C": "t_dirtfloor",
            "D": "t_floor",
            "H": "t_floor",
            "T": "t_floor",
            "W": "t_window_no_curtains",
            "_": "t_grass",
            "a": "t_floor",
            "b": "t_floor",
            "c": "t_floor",
            "d": "t_dirtfloor",
            "f": "t_floor",
            "s": "t_shrub",
            "t": "t_floor",
            "w": "t_window_domestic",
            "{": "t_floor",
            "|": "t_wall_log"
        }
    },
    "om_terrain": "riverside_dwelling",
    "type": "mapgen",
    "weight": 100
}
