{
    "method": "json",
    "object": {
        "add": [
            {
                "item": "splinter",
                "repeat": 1,
                "x": 16,
                "y": 4
            },
            {
                "item": "corpse",
                "repeat": 1,
                "x": 17,
                "y": 11
            },
            {
                "item": "splinter",
                "repeat": 1,
                "x": 4,
                "y": 13
            },
            {
                "item": "rag_bloody",
                "repeat": 1,
                "x": 16,
                "y": 15
            },
            {
                "item": "log",
                "repeat": 1,
                "x": 20,
                "y": 16
            },
            {
                "item": "splinter",
                "repeat": 1,
                "x": 11,
                "y": 19
            }
        ],
        "furniture": {
            "#": "f_null",
            "&": "f_sink",
            "+": "f_null",
            "-": "f_null",
            ".": "f_null",
            "1": "f_null",
            "4": "f_null",
            "7": "f_null",
            "C": "f_counter",
            "D": "f_null",
            "F": "f_fridge",
            "S": "f_shower",
            "T": "f_toilet",
            "W": "f_wreckage",
            "_": "f_null",
            "a": "f_wreckage",
            "b": "f_bed",
            "c": "f_chair",
            "d": "f_dresser",
            "e": "f_trashcan",
            "f": "f_null",
            "g": "f_woodstove",
            "s": "f_null",
            "t": "f_table",
            "w": "f_null",
            "{": "f_bigmirror_b",
            "|": "f_null"
        },
        "place_items": [
            {
                "chance": 75,
                "item": "bed",
                "x": 8,
                "y": [
                    14,
                    15
                ]
            },
            {
                "chance": 5,
                "item": "drugdealer",
                "x": 16,
                "y": 9
            },
            {
                "chance": 15,
                "item": "livingroom",
                "x": 17,
                "y": 9
            },
            {
                "chance": 15,
                "item": "livingroom",
                "x": 16,
                "y": 7
            },
            {
                "chance": 95,
                "item": "book_hotel_tower_bible",
                "x": 18,
                "y": 7
            },
            {
                "chance": 75,
                "item": "dresser_stack",
                "x": 11,
                "y": 15
            },
            {
                "chance": 65,
                "item": "trash",
                "x": 18,
                "y": 15
            },
            {
                "chance": 15,
                "item": "trash",
                "x": 14,
                "y": 14
            },
            {
                "chance": 15,
                "item": "trash",
                "x": 9,
                "y": 11
            },
            {
                "chance": 15,
                "item": "trash",
                "x": 14,
                "y": 9
            },
            {
                "chance": 15,
                "item": "trash",
                "x": 11,
                "y": 8
            },
            {
                "chance": 75,
                "item": "creepy",
                "x": 13,
                "y": [
                    11,
                    12
                ]
            },
            {
                "chance": 35,
                "item": "creepy",
                "x": [
                    16,
                    17
                ],
                "y": 10
            },
            {
                "chance": 25,
                "item": "trash",
                "x": 9,
                "y": 19
            },
            {
                "chance": 25,
                "item": "trash",
                "x": 15,
                "y": 17
            },
            {
                "chance": 25,
                "item": "trash",
                "x": 5,
                "y": 8
            }
        ],
		"place_npcs": [
			{ "class": "derelict_dweller", "x": 11, "y": 10 }
		],
        "place_toilets": [
            {
                "x": 9,
                "y": 7
            }
        ],
        "rows": [
            "..._....................",
            "_...._.#.._...._._..._..",
            "._..........#......#....",
            "...##.#.#_...___........",
            ".._..___1_.._#__.7#___._",
            "...#._.#_##|-w|#_#__#...",
            ".#7_#__|||||fa||w|||_.._",
            "..#_._#|ST|{ffffcfc|_...",
            "_..___#|&f|ffffffffw#1..",
            "....#__||+|fffffttf|#_.#",
            "_..___s|ffffffffttf|##..",
            ".._.#1.wffff|Cfffff|7#._",
            "..#4#.#|ffff|C&Ffff|_#..",
            ".._#___|||+||||||++|#4..",
            "..#.7#_wbfff|ffffff|#.#_",
            ".___#__|bffd|fffffew..#.",
            "...._#_|||||||+|||||__..",
            "..._.._._#Ws|fffcf|s#_..",
            "......_____#|fffff|W.7._",
            "..#__g___._.||w|+D|_.#..",
            "_..____._#_._#___.__._..",
            "......._#7#__._.........",
            "......#...#._1__..#.#...",
            "..._......._....._...._."
        ],
        "terrain": {
            "#": "t_underbrush",
            "&": "t_floor",
            "+": "t_door_curtain_c",
            "-": "t_door_boarded",
            ".": "t_dirt",
            "1": "t_tree_young",
            "4": "t_tree_pine",
            "7": "t_tree",
            "C": "t_floor",
            "D": "t_door_curtain_o",
            "F": "t_floor",
            "S": "t_floor",
            "T": "t_floor",
            "W": "t_grass",
            "_": "t_grass",
            "a": "t_floor",
            "b": "t_floor",
            "c": "t_floor",
            "d": "t_floor",
            "e": "t_floor",
            "f": "t_floor",
            "g": "t_grass",
            "s": "t_shrub",
            "t": "t_floor",
            "w": "t_window_boarded_noglass",
            "{": "t_floor",
            "|": "t_wall"
        }
    },
    "om_terrain": "riverside_dwelling",
    "type": "mapgen",
    "weight": 50
}
