{
    "method": "json",
    "object": {
        "add": [
            {
                "item": "splinter",
                "repeat": 4,
                "x": 11,
                "y": 6
            },
            {
                "item": "splinter",
                "repeat": 4,
                "x": 17,
                "y": 7
            },
            {
                "item": "splinter",
                "repeat": 4,
                "x": 3,
                "y": 13
            },
            {
                "item": "splinter",
                "repeat": 4,
                "x": 15,
                "y": 14
            },
            {
                "item": "splinter",
                "repeat": 4,
                "x": 11,
                "y": 18
            }
        ],
        "furniture": {
            "#": "f_null",
            "&": "f_sink",
            "-": "f_null",
            ".": "f_null",
            "0": "f_null",
            "1": "f_null",
            "4": "f_null",
            "7": "f_null",
            "B": "f_bathtub",
            "C": "f_counter",
            "H": "f_sofa",
            "T": "f_toilet",
            "W": "f_null",
            "_": "f_null",
            "a": "f_null",
            "b": "f_bed",
            "c": "f_chair",
            "d": "f_dresser",
            "f": "f_null",
            "s": "f_null",
            "t": "f_table",
            "w": "f_null",
            "{": "f_fridge",
            "|": "f_null"
        },
        "place_items": [
            {
                "chance": 75,
                "item": "bed",
                "x": 20,
                "y": [
                    10,
                    11
                ]
            },
            {
                "chance": 5,
                "item": "cannedfood",
                "x": 6,
                "y": 10
            },
            {
                "chance": 25,
                "item": "farming_tools",
                "x": 10,
                "y": 18
            },
            {
                "chance": 15,
                "item": "winter",
                "x": 20,
                "y": 15
            },
            {
                "chance": 55,
                "item": "trash",
                "x": 11,
                "y": 11
            },
            {
                "chance": 55,
                "item": "trash",
                "x": 10,
                "y": 10
            },
            {
                "chance": 35,
                "item": "antique",
                "x": 18,
                "y": 12
            },
            {
                "chance": 25,
                "item": "trash",
                "x": 13,
                "y": 16
            },
            {
                "chance": 25,
                "item": "trash",
                "x": 10,
                "y": 15
            },
            {
                "chance": 25,
                "item": "trash",
                "x": 14,
                "y": 10
            }
        ],
        "place_monsters": [
			{ "monster": "GROUP_SAFE", "x": 13 , "y": 11 }
        ],
        "place_vehicles": [
            {
                "chance": 35,
                "fuel": 0,
                "rotation": 270,
                "status": -1,
                "vehicle": "canoe",
                "x": 1,
                "y": 20
            }
        ],
        "rows": [
            "._......._.._.._....._..",
            ".#._..#__#._....._......",
            "._....7#......#_..#_.#..",
            "..#..#.#._##_#4#._._....",
            "_...#_..._.#_..#..__#.._",
            "_..._.___#____#_.#___...",
            "...__.#_|||._#_||__7._..",
            "..#1_#4#|ff#1.#_|.__..#.",
            "_._.__##|fff__ffw#__##_.",
            "..###||||ffff_ff|||W||#_",
            ".._4#|CCfcttfffff|ffb|..",
            "..##_|{fffttffffffffb0_.",
            "._.##0&ffffcfffff|dff|..",
            ".#7._||||fffff||||||||#.",
            "_#.##|Tfffffff__._ffc|#.",
            "..__#|ff|ffffff__ffft|#.",
            "...##|B&|fffHHHffffft|_.",
            "._.__||||||a|||||f||||_.",
            "..#_..#_##_.__##|-|s_#..",
            "_._..___#._..1___._#..._",
            "......_s7#_#_..__._._...",
            ".._..#..#_..._._...4..#.",
            "...#......._#...#._._...",
            "_....._......._........_"
        ],
        "terrain": {
            "#": "t_underbrush",
            "&": "t_floor",
            "-": "t_door_boarded",
            ".": "t_dirt",
            "0": "t_window_frame",
            "1": "t_tree_young",
            "4": "t_tree_pine",
            "7": "t_tree",
            "B": "t_floor",
            "C": "t_floor",
            "H": "t_floor",
            "T": "t_floor",
            "W": "t_window_domestic",
            "_": "t_grass",
            "a": "t_window_boarded_noglass",
            "b": "t_floor",
            "c": "t_floor",
            "d": "t_floor",
            "f": "t_floor",
            "s": "t_shrub",
            "t": "t_floor",
            "w": "t_window_empty",
            "{": "t_floor",
            "|": "t_wall"
        }
    },
    "om_terrain": "riverside_dwelling",
    "type": "mapgen",
    "weight": 100
}
