{
    "method": "json",
    "object": {
        "furniture": {
            "#": "f_null",
            "&": "f_toilet",
            "+": "f_null",
            ".": "f_null",
            "4": "f_null",
            "7": "f_null",
            "H": "f_armchair",
            "S": "f_null",
            "_": "f_null",
            "a": "f_shower",
            "b": "f_bed",
            "c": "f_cupboard",
            "d": "f_dresser",
            "e": "f_sink",
            "f": "f_null",
            "o": "f_oven",
            "s": "f_null",
            "t": "f_table",
            "w": "f_null",
            "{": "f_fridge",
            "|": "f_null"
        },
        "place_items": [
            {
                "chance": 75,
                "item": "fridge",
                "x": 5,
                "y": 14
            },
            {
                "chance": 55,
                "item": "trash",
                "x": 19,
                "y": 7
            },
            {
                "chance": 55,
                "item": "trash",
                "x": 8,
                "y": 3
            },
            {
                "chance": 65,
                "item": "kitchen",
                "x": 8,
                "y": 15
            },
            {
                "chance": 45,
                "item": "cannedfood",
                "x": [
                    7,
                    8
                ],
                "y": 14
            },
            {
                "chance": 75,
                "item": "bed",
                "x": [
                    2,
                    3
                ],
                "y": 14
            },
            {
                "chance": 75,
                "item": "dresser_stack",
                "x": 3,
                "y": 16
            },
            {
                "chance": 65,
                "item": "magazines",
                "x": 7,
                "y": 18
            }
        ],
        "place_toilets": [
            {
                "x": 2,
                "y": 19
            }
        ],
        "rows": [
            "...._......__.__........",
            ".....#..4..__.__..7.....",
            "s..7.......__.___.#._.#.",
            "_.#....7...__.__.....4..",
            ".#4....#..___.__....##.4",
            "..._.4....._____..7._.s.",
            "..#.....4..__.__.....7..",
            ".7..#......__.__..#.....",
            ".......#...__.___._....s",
            "._....._..___.__.....#..",
            "..s........__.__.....4._",
            "...........__.__.#.....4",
            ".7.###s#...______.4.#...",
            ".||w||||||.______...7#..",
            "_|bb|{occw._______..#...",
            ".|ff|fffc|..______....7.",
            "4|fd|ff|||s._______.....",
            ".|ff+ffffw.________.....",
            ".||||fftH|._________....",
            ".|&f+ff|||.________.._4#",
            "s|ae|ff+SSSS_______.....",
            ".||||w||....______...#..",
            "..#7.........____...#7..",
            ".._#...7..........._..s."
        ],
        "terrain": {
            "#": "t_underbrush",
            "&": "t_floor",
            "+": "t_door_c",
            ".": "t_grass",
            "4": "t_tree_pine",
            "7": "t_tree",
            "H": "t_floor",
            "S": "t_sidewalk",
            "_": "t_dirt",
            "a": "t_floor",
            "b": "t_floor",
            "c": "t_floor",
            "d": "t_floor",
            "e": "t_floor",
            "f": "t_floor",
            "o": "t_floor",
            "s": "t_shrub",
            "t": "t_floor",
            "w": "t_window_domestic",
            "{": "t_floor",
            "|": "t_wall"
        }
    },
    "om_terrain": "rural_house",
    "type": "mapgen",
    "weight": 100
}
