[
  {
    "type": "faction",
    "id": "commandeers",
    "name": "指挥中心成员",
    "likes_u": 20,
    "respects_u": 0,
    "known_by_u": false,
    "size": 30,
    "power": 60,
    "combat_ability": 90,
    "food_supply": 100000,
    "wealth": 10000000,
    "good": 1,
    "strength": 1,
    "sneak": 0,
    "crime": -1,
    "cult": -1,
    "description": "指挥中心的成员们……他们可以跟英特尔和一些老警卫取得联系."
  },
  {
    "type": "faction",
    "id": "super_soldiers",
    "name": "超级战士",
    "likes_u": 0,
    "respects_u": 0,
    "known_by_u": false,
    "size": 10,
    "power": 100,
    "combat_ability": 120,
    "food_supply": 40000,
    "wealth": 1000,
    "good": 1,
    "strength": 1,
    "sneak": 0,
    "crime": -1,
    "cult": -1,
    "description": "在最初的大灾变中幸存下来的军队的零散分支.他们与指挥中心结盟,并在这个新世界寻求指引."
  },
  {
    "type": "faction",
    "id": "preppers",
    "name": "生存狂",
    "likes_u": 20,
    "respects_u": 0,
    "known_by_u": false,
    "size": 50,
    "power": 100,
    "combat_ability": 100,
    "food_supply": 500000,
    "wealth": 10000000,
    "good": 1,
    "strength": 1,
    "sneak": 0,
    "crime": -1,
    "cult": -1,
    "description": "那些为这场灾难做好准备的幸存者们已经在雷达上显示了.他们拥有重建的手段."
  },
  {
    "type": "faction",
    "id": "bio_weapons",
    "name": "生物武器",
    "likes_u": 0,
    "respects_u": 0,
    "known_by_u": false,
    "size": 10,
    "power": 100,
    "combat_ability": 200,
    "food_supply": 40000,
    "wealth": 1000,
    "good": 1,
    "strength": 1,
    "sneak": 0,
    "crime": -1,
    "cult": -1,
    "description": "跟大灾变有关的一个未知项目的创作.建议你与指挥中心取得联系,因为这些东西是他们的创造物."
  },
  {
    "type": "faction",
    "id": "slave_fighter_allied",
    "name": "奴隶斗士 (蓝队)",
    "likes_u": 40,
    "respects_u": 70,
    "known_by_u": false,
    "size": 50,
    "power": 100,
    "combat_ability": 120,
    "food_supply": 0,
    "wealth": 0,
    "good": 0,
    "strength": 1,
    "sneak": 0,
    "crime": 1,
    "cult": 0,
    "description": "在他们的一生中,除了为富人的娱乐而战斗之外,他们没有任何常识.  大多数的俘虏和新手都是蓝队, 和\"老油条\"的战斗人员对抗."
  },
  {
    "type": "faction",
    "id": "slave_fighter",
    "name": "奴隶斗士 (红队)",
    "likes_u": -20,
    "respects_u": -10,
    "known_by_u": false,
    "size": 50,
    "power": 100,
    "combat_ability": 120,
    "food_supply": 0,
    "wealth": 0,
    "good": 0,
    "strength": 1,
    "sneak": 0,
    "crime": 1,
    "cult": 0,
    "description": "在他们的一生中,除了为富人的娱乐而战斗之外,什么也没见识过. 他们没有理由认为这场大灾难是另一个回合, 你几乎不能把这些人和其他队伍区分开来."
  }
]
