[
  {
    "id": "MISSION_PROOF_APOPHIS_DEAD",
    "type": "mission_definition",
    "name": "击杀生物武器-阿波菲斯",
    "goal": "MGOAL_FIND_ITEM",
    "difficulty": 10,
    "value": 100000,
    "item": "badge_bio_weapon_apophis",
    "count": 1,
    "origins": [ "ORIGIN_OPENER_NPC" ],
    "dialogue": {
      "describe": "你正在看着一个BUG!",
      "offer": "只有一件事需要你去做.你看起来像个能干的人,所以你可能有机会.储物柜里有张地图.它记录着实验室的坐标.我要你记住它的内容,去把实验室里的阿波菲斯毁灭!那个地方还有很多值钱的设备——如果你能杀死那东西,那就全是你的了.曾经我们自己能做到,但在用炸弹爆破实验室的门，被再次站起来的死者围攻的时候,这个机会已经错过了.",
      "accepted": "你确定吗?谢谢你！你知道,这意味着很多.一定要带回来它身上的徽章.我等你回来.",
      "rejected": "我明白了.在这一点上,这实际上是一个失败的原因.我将继续努力想办法阻止它.",
      "advice": "这里至少还有一些像样的盔甲和武器,这场战斗并不容易.我建议你组建一个团队,让它更容易成功.如果你想这么做的话,可以问Lambda和Sigman.一个人很难独自完成这件事……",
      "inquire": "这……它死了吗?",
      "success": "是……你做到了!你不知道你为我们做了什么!在这个黑暗的时代,你就是人类的传奇.你在这里永远受我们欢迎!",
      "success_lie": "哦,没有拿到它的徽章啊?…我希望你在说真话……",
      "failure": "至少你还活着……我真不该叫你做那样的事……我很抱歉……"
    }
  },
  {
    "id": "MISSION_FIND_COMMAND_CENTER",
    "type": "mission_definition",
    "name": "到达指挥中心",
    "goal": "MGOAL_GO_TO_TYPE",
    "difficulty": 2,
    "value": 80000,
    "start": "join",
    "origins": [ "ORIGIN_SECONDARY" ],
    "destination": "makeshift_command_center",
    "dialogue": {
      "describe": "你正在看着一个BUG!",
      "offer": "我正尝试去找一个在生物武器项目上工作的前科学家的藏身之处.据说他们住在森林里的某个地方.也许你可以帮我找到它…",
      "accepted": "谢谢你！我将跟进目标,也许我们会得到想要的答案.",
      "rejected": "哦.我宁愿试着找一个有帮助的地方,所以如果你愿意以后可能……",
      "advice": "我要搜索这个旧的英特尔实验室,这可能会对我们有所帮助.我想我看到一些文件标记了一些可能的位置,希望你能检查一下.",
      "inquire": "还有更接近其他的吗?",
      "success": "太好了.我还是继续吧.看起来他们在这里有一个不错的布置.也许问问周围的人会让我们得知正确的方向.",
      "success_lie": "我想我应该谢谢你的努力….",
      "failure": "毫无意义,不是吗?"
    }
  },
  {
    "id": "MISSION_TAKE_SIGMA",
    "type": "mission_definition",
    "name": "帮助Sigma找到阿波菲斯",
    "goal": "MGOAL_GO_TO_TYPE",
    "difficulty": 3,
    "value": 50000,
    "start": "join",
    "origins": [ "ORIGIN_SECONDARY" ],
    "destination": "Unknown_Bunker",
    "dialogue": {
      "describe": "你正在看着一个BUG!",
      "offer": "我厌倦了被困在这里无所事事！我想把困住我们的巨兽千刀万剐.但是我甚至找不到它的位置……你认为你能带我去它的巢穴吗?",
      "accepted": "这简直就是地狱!我现在往前走几步,看看我受不受得了这里.",
      "rejected": "哦……没有什么改变,但我不会责怪你……",
      "advice": "问route,我知道他知道什么,但他不一定会让我们进去……",
      "inquire": "找到那个野兽的位置了吗?",
      "success": "哦.这个地方比我想象的要坚固……我想我会和你待一段时间,因为你似乎知道你在做什么.也许有一天我们可以一起去那里?",
      "success_lie": "……你是在等我吗?",
      "failure": "看来我们又回到原点了…"
    }
  },
  {
    "id": "MISSION_TAKE_LAMBDA",
    "type": "mission_definition",
    "name": "帮助Lambda找到阿波菲斯",
    "goal": "MGOAL_GO_TO_TYPE",
    "difficulty": 3,
    "value": 50000,
    "start": "join",
    "origins": [ "ORIGIN_SECONDARY" ],
    "destination": "Unknown_Bunker",
    "dialogue": {
      "describe": "你正在看着一个BUG!",
      "offer": "西格玛和我说过,我们决定寻找被称为阿波菲斯的巨兽,这将是我们能做的最棒的事情.我们是为战斗而生,我们不可能永远躲在这里.然而……我们不知道阿波菲斯在哪里……跟你出去以后能帮我们找到这个东西吗?",
      "accepted": "太好了!我将跟随你，我熟知这周围的地区.",
      "rejected": "好啊.我知道这有多危险,所以我不会怪你拒绝我……",
      "advice": "我认为先跟route说话比较好.他了解整个计划.",
      "inquire": "你知道阿波菲斯在哪儿吗?",
      "success": "我非常反感这个地方……但不管怎样谢谢你.如果你不介意的话,我会继续跟你走,因为你似乎知道你的路.",
      "success_lie": "你真的不知道这是什么吗?",
      "failure": "这是值得的……"
    }
  }
]
