[
  {
    "type": "npc",
    "id": "bff",
    "comment": "你最好的朋友发现了幸存者避难所.",
    "name_suffix": "最好的朋友",
    "gender": "male",
    "class": "NC_SCAVENGER",
    "attitude": 0,
    "mission": 7,
    "chat": "TALK_BFF",
    "faction": "preppers"
  },
  {
    "type": "npc",
    "id": "survn",
    "comment": "静态营地npc",
    "name_suffix": "准备",
    "class": "NC_PREPPER",
    "attitude": 0,
    "mission": 7,
    "chat": "TALK_SHELTER",
    "faction": "preppers"
  },
  {
    "type": "npc",
    "id": "survn_special",
    "comment": "随机使用NPC",
    "name_suffix": "准备",
    "class": "NC_PREPPER",
    "attitude": 0,
    "mission": 0,
    "chat": "TALK_SHELTER",
    "faction": "preppers"
  },
  {
    "type": "npc",
    "id": "bio_hunter",
    "comment": "他出现在生物武器实验室帮助你.",
    "name_unique" : "Evelynn Rose",
    "name_suffix": "生化猎人",
    "gender": "female",
    "class": "NC_BIO_HUNTER_F",
    "attitude": 0,
    "mission": 7,
    "chat": "TALK_BHUNTER",
    "faction": "super_soldiers",
    "mission_offered" : "MISSION_FIND_COMMAND_CENTER"
  },
  {
    "type": "npc",
    "id": "main_bio_sci",
    "comment": "临时指挥中心的主要科学家.",
    "name_unique" : "Router",
    "name_suffix": "指挥中心领导",
    "gender": "male",
    "class": "NC_SCIENTIST",
    "attitude": 0,
    "mission": 7,
    "chat": "TALK_MSCI",
    "faction": "commandeers",
    "mission_offered" : "MISSION_PROOF_APOPHIS_DEAD"
  },
  {
    "type": "npc",
    "id": "bio_weapon_1",
    "comment": "生物武器之一",
    "name_unique" : "Sigma",
    "name_suffix": "生物武器",
    "gender": "male",
    "class": "NC_BIO_WEAPON",
    "attitude": 0,
    "mission": 7,
    "chat": "TALK_BIO_1",
    "faction": "bio_weapons",
    "mission_offered" : "MISSION_TAKE_SIGMA"
  },
  {
    "type": "npc",
    "id": "bio_weapon_2",
    "comment": "生物武器之一",
    "name_unique" : "Lambda",
    "name_suffix": "生物武器",
    "gender": "female",
    "class": "NC_BIO_WEAPON",
    "attitude": 0,
    "mission": 7,
    "chat": "TALK_BIO_2",
    "faction": "bio_weapons",
    "mission_offered" : "MISSION_TAKE_LAMBDA"
  },
  {
    "type": "npc",
    "id": "cmnd_guard_1",
    "comment": "指挥中心的一名警卫.",
    "name_suffix": "超级士兵",
    "gender": "female",
    "class": "NC_SUPER_SOLDIER",
    "attitude": 0,
    "mission": 7,
    "chat": "TALK_CGUARD1",
    "faction": "commandeers"
  },
  {
    "type": "npc",
    "id": "cmnd_guard_2",
    "comment": "指挥中心的一名警卫.",
    "name_suffix": "超级士兵",
    "gender": "male",
    "class": "NC_SUPER_SOLDIER",
    "attitude": 0,
    "mission": 7,
    "chat": "TALK_CGUARD2",
    "faction": "commandeers"
  },
  {
    "type": "npc",
    "id": "slave_fight",
    "comment": "地下战斗的Npc.",
    "name_suffix": "奴隶斗士-红队",
    "gender": "male",
    "class": "NC_SLAVE_FIGHTER_RED",
    "attitude": 10,
    "mission": 0,
    "chat": "TALK_DONE",
    "faction": "slave_fighter"
  },
  {
    "type": "npc",
    "id": "slave_fight_ally",
    "comment": "地下战斗的Npc.",
    "name_suffix": "奴隶斗士-蓝队",
    "gender": "male",
    "class": "NC_SLAVE_FIGHTER_BLUE",
    "attitude": 3,
    "mission": 0,
    "chat": "TALK_DONE",
    "faction": "slave_fighter_allied"
  }
]
