[
  {
    "id": "TALK_CGUARD1",
    "type": "talk_topic",
    "dynamic_line": {
      "u_is_wearing": "badge_bio_weapon",
      "yes": "嘿,你是另一个在生物武器混乱中被抓的吗?",
      "no": "嘿.我能帮你什么忙,客人?"
    },
    "responses": [
      {
        "text": "这是什么地方?",
        "topic": "TALK_CGUARD1_ASK_PLACE"
      },
      {
        "text": "可以给我一下方向吗?",
        "topic": "TALK_CGUARD1_DIR"
      },
      {
        "text": "这里的情况怎么样?",
        "topic": "TALK_CGUARD1_AKS_HOWRU"
      },
      {
        "text": "我可以呆在这儿吗?",
        "topic": "TALK_CGUARD1_ASK_STAY"
      },
      {
        "text": "好的,再见.",
        "topic": "TALK_DONE"
      }
    ]
  },
  {
    "id": "TALK_CGUARD1_ASK_PLACE",
    "type": "talk_topic",
    "dynamic_line": "这是生物武器研究团队的避难所.我曾经是负责研究项目安全的一名警卫.发生一场很大的混乱之后.只剩下一名原科学家还在这里.",
    "responses": [
      {
        "text": "我明白了.",
        "topic": "TALK_CGUARD1"
      }
    ]
  },
  {
    "id": "TALK_CGUARD1_DIR",
    "type": "talk_topic",
    "dynamic_line": "当然!这是大厅,我们大部分人都住在这里.下面是主要的十字路口.这是储藏区,大部分的生物武器都在那里.中间剩下的只是一堆废铁.从十字路口下来就是农场.左边是洗手间.在农场的右边是研究室.我们的领导,route,在那里.他是个怪人,但他可以保证我们的安全.如果你还需要什么,就去找别人谈谈.",
    "responses": [
      {
        "text": "好的.",
        "topic": "TALK_CGUARD1"
      }
    ]
  },
  {
    "id": "TALK_CGUARD1_AKS_HOWRU",
    "type": "talk_topic",
    "dynamic_line": "没什么可抱怨的.我们现在很安全,有食物、水和武器.route一直在做他认为重要的事情.现在的生活并不坏.",
    "responses": [
      {
        "text": "听到这些,我很高兴.",
        "topic": "TALK_CGUARD1"
      }
    ]
  },
  {
    "id": "TALK_CGUARD1_ASK_STAY",
    "type": "talk_topic",
    "dynamic_line": "这并不取决于我.去问Router的想法.",
    "responses": [
      {
        "text": "谢谢.",
        "topic": "TALK_CGUARD1"
      }
    ]
  }
]
