[
  {
    "id": "TALK_BIO_2",
    "type": "talk_topic",
    "dynamic_line": {
      "u_is_wearing": "badge_bio_weapon",
      "yes": "……你还需要一个地方住吗?",
      "no": "你好,一切都好吗?"
    },
    "responses": [
      {
        "text": "你是一个生物武器?",
        "topic": "TALK_BIO_2_U_BIO"
      },
      {
        "text": "你最近怎么样?",
        "topic": "TALK_BIO_2_HOLDUP"
      },
      {
        "text": "我能为你做点什么吗?",
        "topic": "TALK_MISSION_OFFER"
      },
      {
        "text": "再见.",
        "topic": "TALK_DONE"
      }
    ]
  },
  {
    "id": "TALK_BIO_2_U_BIO",
    "type": "talk_topic",
    "dynamic_line": {
      "u_is_wearing": "badge_bio_weapon",
      "yes": "是的.我在枪林弹雨中醒来,不知道自己是谁.Router带我来到这,但我不觉得我属于这里…",
      "no": "你知道这个项目吗?我是一个行走的武器,被训练使用远程武器和近战武器."
    },
    "responses": [
      {
        "text": "我明白了.",
        "topic": "TALK_BIO_2"
      }
    ]
  },
  {
    "id": "TALK_BIO_2_HOLDUP",
    "type": "talk_topic",
    "dynamic_line": "考虑到目前的情况,情况很好.至少,我是安全的.我仍然无法摆脱这种感觉,我属于那里.我只是不确定自己能否应付得了……战斗不应该是我的一切,你明白吗?",
    "responses": [
      {
        "text": "跟我说说吧.",
        "topic": "TALK_BIO_2"
      }
    ]
  },
  {
    "id": "TALK_BIO_2_JOIN",
    "type": "talk_topic",
    "dynamic_line": {
      "u_is_wearing": "badge_bio_weapon",
      "yes": "我…你确定吗?我可以帮助战斗,但我可能只是一个负担……此外,在解决我们被困在这里的阻碍之前,我们是无法这么做的.",
      "no": "我想去,但我不确定我能在那里生存下去.我知道如何战斗,但是水和食物呢?我们不会永远安全…"
    },
    "responses": [
      {
        "text": "听着.我可以帮你,我在外面活了这么久,所以我知道我在做什么.你只要帮我对付亡灵,剩下的就交给我好了.至于阿波菲斯,我们最终会把它的头颅摘下来的.再说,这难道不比待在这里,什么都不做要好吗?",
        "topic": "TALK_BIO_2_JOIN2"
      }
    ],
    "//": "This Talk topic is no lobger used"
  },
  {
    "id": "TALK_BIO_2_JOIN2",
    "type": "talk_topic",
    "dynamic_line": {
      "u_is_wearing": "badge_bio_weapon",
      "yes": "……你知道吗?我厌倦了被困在这里.你是对的,我们在一起,我们可以生存下去,阿波菲斯不能永远困住我们!",
      "no": "……你说得对,我不能永远躲在这里.我准备和你在一起.你很清楚你在说什么,将要做什么,所以我认为可以信赖你.早晚有一天我们能杀死那东西!"
    },
    "responses": [
      {
        "text": "这就对了嘛!要有点勇气! ",
        "trial": { "type": "NONE" },
        "success": {
          "effect": "follow",
          "opinion": {
            "trust": 8,
            "fear": 0,
            "value": 8,
            "anger": -2
          },
          "topic": "TALK_DONE"
        }
      }
    ],
    "//": "This Talk topic is no longer used"
  }
]
