[
  {
    "id": "TALK_MSCI",
    "type": "talk_topic",
    "dynamic_line": {
      "u_is_wearing": "badge_bio_weapon",
      "yes": "你有徽章,是吧?我在听.",
      "no": "嘿!欢迎来到指挥中心."
    },
    "responses": [
      {
        "text": "这是什么地方?",
        "topic": "TALK_MSCI_CC_EXPLAIN"
      },
      {
        "text": "你是谁?",
        "topic": "TALK_MSCI_I_AM"
      },
      {
        "text": "你在这里做什么?",
        "topic": "TALK_MSCI_ASK_DOING"
      },
      {
        "text": "有什么我可以帮忙的吗?",
        "topic": "TALK_MISSION_OFFER"
      },
      {
        "text": "我可以呆在这儿吗?",
        "topic": "TALK_MSCI_ASK_STAY"
      },
      {
        "text": "再会.",
        "topic": "TALK_DONE"
      }
    ]
  },
  {
    "id": "TALK_MSCI_CC_EXPLAIN",
    "type": "talk_topic",
    "dynamic_line": "这是之前研究生物武器项目的前科学家的避难所.我们在树林里定居下来,试图谋生.我们允许人们留在这里,只要他们能有所贡献.我们甚至还找到了一对流浪的生物武器!",
    "responses": [
      {
        "text": "好像你在这里很好.",
        "topic": "TALK_MSCI"
      },
      {
        "text": "这些生物武器是谁?",
        "topic": "TALK_MSCI_BIO_WHO"
      }
    ]
  },
  {
    "id": "TALK_MSCI_BIO_WHO",
    "type": "talk_topic",
    "dynamic_line": "那将是Sigman和Lambda.他们非常困惑.他们在陌生的地方醒来,没有任何之前的记忆,但他们知道自己“与众不同”.我找到了他们,他们帮助清理并建造了这个地方.它们为战斗而生;但是我可以看出他们对此已经厌倦了……",
    "responses": [
      {
        "text": "我将密切关注他们.",
        "topic": "TALK_MSCI"
      }
    ]
  },
  {
    "id": "TALK_MSCI_I_AM",
    "type": "talk_topic",
    "dynamic_line": "我是这个地方的领袖.你可以称呼我为route.在灾难发生之前,我曾是生物武器项目的首席科学家之一.我设计了Sigman和Lambda,并看到它们被储存起来.而现在我致力于改善这个地方,满足基本的生存以及在我的项目上得到更多的发现.",
    "responses": [
      {
        "text": "好像你的盘子里有很多东西.",
        "topic": "TALK_MSCI"
      }
    ]
  },
  {
    "id": "TALK_MSCI_ASK_DOING",
    "type": "talk_topic",
    "dynamic_line": "嗯,我们躲在这里的主要原因是阿波菲斯…它是一种生物武器,专门用来消灭其他生物武器和生物武器科学家.目前我们没有任何可以抵抗它的办法,所以我们正在尝试找到一种方法来对付阿波菲斯.Sigman和Lambda已经表达了对它的兴趣,但他们不能自己把它引出来干掉.",
    "responses": [
      {
        "text": "噢,祝你好运.",
        "topic": "TALK_MSCI"
      },
      {
        "text": "阿波菲斯到底是什么,真的那么危险吗?",
        "topic": "TALK_MSCI_APOPHIS"
      }
    ]
  },
  {
    "id": "TALK_MSCI_APOPHIS",
    "type": "talk_topic",
    "dynamic_line": {
      "u_is_wearing": "badge_bio_weapon",
      "yes": "你有那个徽章,你应该知道这些生物武器有多强大.而阿波菲斯可以只用一击就能让他们上天.你见过特殊突变巨型丧尸吗?它们都只能给阿波菲斯挠痒痒.更糟糕的是,他敌视所有的生物武器项目.这就是我们躲在这里的原因.",
      "no": "哈!你真的不知道,对吧?你曾经见过生化武器吗?那些失败的版本呢?对付他们很艰难,对吧?但你对阿波菲斯一无所知.它的装甲和配备的重型武器比其他生物武器更强大,并且非常耐用.阿波菲斯比任何敌人都要更加危险."
    },
    "responses": [
      {
        "text": "...",
        "topic": "TALK_MSCI"
      }
    ]
  },
  {
    "id": "TALK_MSCI_ASK_DO",
    "type": "talk_topic",
    "dynamic_line": {
      "u_is_wearing": "badge_bio_weapon",
      "yes": "好.只有一件事需要你帮忙.你也是这个项目的一部分,所以你可能做到这件事.储物柜里有张地图.它记录着实验室的坐标.把这个坐标记住,让阿波菲斯从这个世界彻底消失!如果你准备这么做的话,带着装备补给去吧.那个实验室里还有很多有用的设备——如果你能杀死那东西,那就全是你的了.我希望我们自己能做到,但在爆破防护门,面对复生的死者之时,这个机会已经被错过了.",
      "no": "帮忙吗?嗯…有一件事.如果你觉得自己状态还可以,从储物柜里拿起地图;它标记着阿波菲斯活动的实验室.如果你认为你能杀死这该死的东西的话,实验室里任何剩下的东西都是你的.如果你愿意的话,带着补给去吧.其实我不希望你接受这个提议,但既然你这么问了……"
    },
    "responses": [
      {
        "text": "我来处理这件事.",
        "trial": { "type": "NONE" },
        "success": {
          "opinion": {
            "trust": 1,
            "fear": 2,
            "value": 3,
            "anger": 0
          },
          "topic": "TALK_MSCI_THANKS"
        }
      },
      {
        "text": "这对我来说似乎太过分了……",
        "trial": { "type": "NONE" },
        "success": {
          "opinion": {
            "trust": 0,
            "fear": -2,
            "value": -2,
            "anger": 0
          },
          "topic": "TALK_MSCI_NOTHANKS"
        }
      }
    ],
    "//": "This Talk topic is no lobger used"
  },
  {
    "id": "TALK_MSCI_THANKS",
    "type": "talk_topic",
    "dynamic_line": {
      "u_is_wearing": "badge_bio_weapon",
      "yes": "你确定吗?谢谢你！你知道,这意味着很多.一定要带着他身上的东西.我等你回来.",
      "no": "我知道这件事很难做到.也不指望你以必死的决心去完成这件事.虽然如此,还是谢谢你.地图一直在那里,如果你改变主意的话,可以去看看."
    },
    "responses": [
      {
        "text": "现在的地图…",
        "topic": "TALK_MSCI"
      }
    ],
    "//": "This Talk topic is no lobger used"
  },
  {
    "id": "TALK_MSCI_NOTHANKS",
    "type": "talk_topic",
    "dynamic_line": "我明白了.既然你这么说的话.我将继续努力想办法阻止它.",
    "responses": [
      {
        "text": "对不起.",
        "topic": "TALK_MSCI"
      }
    ],
    "//": "This Talk topic is no lobger used"
  },
  {
    "id": "TALK_MSCI_ASK_STAY",
    "type": "talk_topic",
    "dynamic_line": "当然,自己的东西自己放好,不要打扰任何人.如果你有时间的话,请考虑一下这件事.",
    "responses": [
      {
        "text": "谢谢.",
        "topic": "TALK_MSCI"
      }
    ]
  }
]
