[
  {
    "id": "TALK_BHUNTER",
    "type": "talk_topic",
    "dynamic_line": {
      "u_is_wearing": "badge_bio_weapon",
      "yes": "你戴的那个东西…生物武器徽章…",
      "no": "嘿,你也是生物武器吗?"
    },
    "responses": [
      {
        "text": "是的,我就是其中之一.",
        "topic": "TALK_BHUNTER_IAM_BIO"
      },
      {
        "text": "生物武器?",
        "trial": { "type": "NONE" },
        "success": {
          "opinion": {
            "trust": 0,
            "fear": -1,
            "value": -1,
            "anger": 0
          },
          "topic": "TALK_BHUNTER_ASK_BIO"
        }
      },
      {
        "text": "你在这里做什么?",
        "topic": "TALK_BHUNTER_ASK_DOING"
      },
      {
        "text": "我们应该做些什么呢?",
        "topic": "TALK_BHUNTER_ASK_DO"
      },
      {
        "text": "我能为你做点什么吗?",
        "topic": "TALK_MISSION_OFFER"
      },
      {
        "text": "好的,再见.",
        "topic": "TALK_DONE"
      }
    ]
  },
  {
    "id": "TALK_BHUNTER_IAM_BIO",
    "type": "talk_topic",
    "dynamic_line": {
      "u_is_wearing": "badge_bio_weapon",
      "yes": "那是真的吗!我怎么知道你不是在某个地方捡到的?哦,没关系.你拥有它意味着你至少遇到了一个生物武器.如果你需要什么,我可以帮你.",
      "no": "当当当然.你甚至连徽章都没有.下次你撒谎的时候一定要小心."
    },
    "responses": [
      {
        "text": "我会记住的……",
        "topic": "TALK_BHUNTER"
      }
    ]
  },
  {
    "id": "TALK_BHUNTER_ASK_BIO",
    "type": "talk_topic",
    "dynamic_line": {
      "u_is_wearing": "badge_bio_weapon",
      "yes": "你在开玩笑,对吧?你真的不知道吗?那枚徽章是你的吧?也许你真的什么都不知道?",
      "no": "所以你不了解他们,对吧?看来我在浪费时间…但你确实找到了这个地方,所以你应该知道你在做什么."
    },
    "responses": [
      {
        "text": "你能给我解释一下吗?",
        "trial": { "type": "NONE" },
        "success": {
          "opinion": {
            "trust": 1,
            "fear": 0,
            "value": 1,
            "anger": 0
          },
          "topic": "TALK_BHUNTER_EXPLAIN_BIO"
        }
      },
      {
        "text": "不管是什么,我真的不在乎.",
        "trial": { "type": "NONE" },
        "success": {
          "opinion": {
            "trust": 0,
            "fear": 0,
            "value": -1,
            "anger": -2
          },
          "topic": "TALK_BHUNTER_NOCARE"
        }
      }
    ]
  },
  {
    "id": "TALK_BHUNTER_EXPLAIN_BIO",
    "type": "talk_topic",
    "dynamic_line": {
      "u_is_wearing": "badge_bio_weapon",
      "yes": "我想记忆抹除让你忘了一切.好吧,我告诉你这里发生的一切.不久前,军方推出了一项联合研究项目,目的是创造强化人,完成各种艰难的任务——计划的核心是生化武器.他们希望他们尽可能地保持低开销的维护.为了实现这一目标,研究小组利用现有项目的资源,先进行变异,然后在各方面强化人类,他们想尽办法满足当时军方提出的各种要求.你是一个他们研究的结果.Bio-Weapon.这是为此创建的实验室.",
      "no": "好吧,让我给你一些基本的装备.不久前,军方推出了一项联合研究项目,目的是创造强化人,完成各种艰难的任务——计划的核心是生化武器.他们希望他们尽可能地保持低开销的维护.为了实现这一目标,研究小组利用现有项目的资源,先进行变异,然后在各方面强化人类,他们想尽办法满足当时军方提出的各种要求.这个实验室是进行实际改造的几个地方之一."
    },
    "responses": [
      {
        "text": "我会很惊讶……",
        "topic": "TALK_BHUNTER"
      },
      {
        "text": "你是怎么知道这些的?",
        "topic": "TALK_BHUNTER_ASK_LEARN"
      }
    ]
  },
  {
    "id": "TALK_BHUNTER_ASK_LEARN",
    "type": "talk_topic",
    "dynamic_line": "在世界末日之前,我是一个电脑黑客,.在那之后,当我不准备再在丧尸的威胁下寻找食物和装备,或者为希望渺茫的明天而奋斗时,我就跟着他们来到了这个地方.很显然军方不擅长在黑客面前保守秘密.",
    "responses": [
      {
        "text": "我明白了.",
        "topic": "TALK_BHUNTER"
      }
    ]
  },
  {
    "id": "TALK_BHUNTER_NOCARE",
    "type": "talk_topic",
    "dynamic_line": {
      "u_is_wearing": "badge_bio_weapon",
      "yes": "Figures.  你要么是假的,要么不在乎你是什么.不过,你一定有能力在这里工作.",
      "no": "Well, then 你在这里做什么?  是偶然发现这个地方吗?你似乎能很好地应付这些事."
    },
    "responses": [
      {
        "text": "我想你是对的.",
        "topic": "TALK_BHUNTER"
      }
    ]
  },
  {
    "id": "TALK_BHUNTER_ASK_DOING",
    "type": "talk_topic",
    "dynamic_line": "我来这里看能不能找到生物武器上的各种东西.你自己准备怎么样?",
    "responses": [
      {
        "text": "我不知道.",
        "topic": "TALK_BHUNTER"
      }
    ]
  },
  {
    "id": "TALK_BHUNTER_ASK_DO",
    "type": "talk_topic",
    "dynamic_line": "我正尝试去找一个在生物武器项目上工作的前科学家的藏身之处.据说他们住在森林里的某个地方.也许你可以帮我找到它…",
    "responses": [
      {
        "text": "我会考虑的.",
        "topic": "TALK_BHUNTER"
      }
    ]
  },
  {
    "id": "TALK_BHUNTER_ASK_QUEST",
    "type": "talk_topic",
    "dynamic_line": {
      "u_is_wearing": "badge_bio_weapon",
      "yes": "当然!不只是每个人都能戴上那个徽章.不管真与假,你是我所见过的最优秀的战士.把后背交给你可以让我更放心.还有,如果你有时间的话,我想问一下别的一些事.",
      "no": "嗯,我的供应不足,而你在这里做的一切证明你可以自己处理.还有,如果你有时间的话,我想问一下别的一些事."
    },
    "responses": [
      {
        "text": "那么,我们走吧.",
        "trial": { "type": "NONE" },
        "success": {
          "effect": "follow",
          "opinion": {
            "trust": 8,
            "fear": 0,
            "value": 8,
            "anger": -2
          },
          "topic": "TALK_DONE"
        }
      }
    ],
    "//": "This Talk topic is no longer used"
  }
]
