[
  {
    "type": "talk_topic",
    "id": "TALK_BIO_1",
    "dynamic_line": {
      "u_is_wearing": "badge_bio_weapon",
      "yes": "我真希望那个徽章是你的…",
      "no": "嘿,参观者,有什么好玩的吗?"
    },
    "responses": [
      {
        "text": "你是一个生物武器?",
        "topic": "TALK_BIO_1_U_BIO"
      },
      {
        "text": "这里有点无聊吧?",
        "topic": "TALK_BIO_1_BORING"
      },
      {
        "text": "我能为你做点什么吗?",
        "topic": "TALK_MISSION_OFFER"
      },
      {
        "text": "好的,再见.",
        "topic": "TALK_DONE"
      }
    ]
  },
  {
    "type": "talk_topic",
    "id": "TALK_BIO_1_U_BIO",
    "dynamic_line": {
      "u_is_wearing": "badge_bio_weapon",
      "yes": "是的.Router发现我昏倒了,告诉了我一切.在那之前我什么都不记得了.我想我现在只能信任他了.",
      "no": "这是正确的.你似乎很了解你的东西,你猜一个人并不是偶然发现这个地方的.Router告诉我我是什么.我被困在这里,直到另行通知."
    },
    "responses": [
      {
        "text": "好吧,该死.",
        "topic": "TALK_BIO_1"
      }
    ]
  },
  {
    "type": "talk_topic",
    "id": "TALK_BIO_1_BORING",
    "dynamic_line": "跟我说说吧.  我是被用来杀人和破坏的武器.我被困在这里,躲避我无法杀死或毁灭的东西.希望我能做些什么……",
    "responses": [
      {
        "text": "要坚强…",
        "topic": "TALK_BIO_1"
      }
    ]
  },
  {
    "type": "talk_topic",
    "//": "This Talk topic is no lobger used",
    "id": "TALK_BIO_1_JOIN",
    "dynamic_line": {
      "u_is_wearing": "badge_bio_weapon",
      "yes": "我在听…",
      "no": "一个提议,嗯?好吧,不妨听听."
    },
    "responses": [
      {
        "text": "你为什么不跟我一起去呢?有很多东西要被杀死.你不必再躲起来了.我们可以去追阿波菲斯…",
        "topic": "TALK_BIO_1_JOIN2"
      }
    ]
  },
  {
    "type": "talk_topic",
    "//": "This Talk topic is no lobger used",
    "id": "TALK_BIO_1_JOIN2",
    "dynamic_line": {
      "u_is_wearing": "badge_bio_weapon",
      "yes": "嘿,你猜你的徽章不只是为了展示.你真的认为我们可以干掉阿波菲斯吗?我真想离开这个地方.好吧,我们已经达成交易了!",
      "no": "那么你知道阿波菲斯吧?嗯……好吧,如果我和你一起去,我又会有一些乐趣.当然,我会跟着你……"
    },
    "responses": [
      {
        "text": "从现在开始,事情将会有所不同.",
        "trial": {
          "type": "NONE"
        },
        "success": {
          "topic": "TALK_DONE",
          "effect": "follow"
        },
        "opinion": {
          "trust": 8,
          "fear": 0,
          "value": 8,
          "anger": -2
        }
      }
    ]
  }
]
