[
  {
    "id": "TALK_BFF",
    "type": "talk_topic",
    "dynamic_line": {
      "u_male": "天啊,你还活着? !我真的很高兴,我还以为我不得不独自处理这一切.这个地方离那个地方很远,现在安全了.你我都可以像以前一样了!",
      "u_female": "天啊,你还活着? !我真的很高兴,我还以为我不得不独自处理这一切.这个地方离那个地方很远,现在安全了.你我都可以像以前一样了!"
    },
    "responses": [
      {
        "text": "很高兴看到你,太好了,让我们走吧!",
        "trial": { "type": "NONE" },
        "success": {
          "effect": "follow",
          "opinion": {
            "trust": 8,
            "fear": 0,
            "value": 8,
            "anger": -2
          },
          "topic": "TALK_DONE"
        }
      }
    ]
  }
]
