[
  {
    "type": "mod_tileset",
    "compatibility": [ "UNDEAD_PEOPLE_BASE", "UNDEAD_PEOPLE", "MshockXottoplus" ],
    "tiles-new": [
      {
        "file": "32x32.png",
		"sprite_width":32,
		"sprite_height":32,
		"//":"牛符咒,鼠符咒,虎符咒,兔符咒,龙符咒,蛇符咒,马符咒,羊符咒,猴符咒,鸡符咒,狗符咒,猪符咒",
        "tiles": [
          { "id": "牛符咒", "bg": 0, "fg": 1 },
          { "id": "overlay_wielded_牛符咒", "fg": 13 },
          { "id": "鼠符咒", "bg": 0, "fg": 2 },
          { "id": "overlay_wielded_鼠符咒", "fg": 13 },
          { "id": "虎符咒", "bg": 0, "fg": 3 },
          { "id": "overlay_wielded_虎符咒", "fg": 13 },
          { "id": "兔符咒", "bg": 0, "fg": 4 },
          { "id": "overlay_wielded_兔符咒", "fg": 13 },
          { "id": "龙符咒", "bg": 0, "fg": 5 },
          { "id": "overlay_wielded_龙符咒", "fg": 13 },
          { "id": "蛇符咒", "bg": 0, "fg": 6 },
          { "id": "overlay_wielded_蛇符咒", "fg": 13 },
          { "id": "马符咒", "bg": 0, "fg": 7 },
          { "id": "overlay_wielded_马符咒", "fg": 13 },
          { "id": "羊符咒", "bg": 0, "fg": 8 },
          { "id": "overlay_wielded_羊符咒", "fg": 13 },
          { "id": "猴符咒", "bg": 0, "fg": 9 },
          { "id": "overlay_wielded_猴符咒", "fg": 13 },
          { "id": "鸡符咒", "bg": 0, "fg": 10 },
          { "id": "overlay_wielded_鸡符咒", "fg": 13 },
          { "id": "狗符咒", "bg": 0, "fg": 11 },
          { "id": "overlay_wielded_狗符咒", "fg": 13 },
          { "id": "猪符咒", "bg": 0, "fg": 12 },
          { "id": "overlay_wielded_猪符咒", "fg": 13 }
        ]
      }
	]
  }
]
