[
  {
    "type": "MOD_INFO",
    "id": "Demo_fushi",
    "name": "[<color_yellow>贴图</color>]符石",
    "authors": [ "Aunt_Su | 苏大妈#7831" ],
    "maintainers": [ "维护?想得美" ],
    "description": "符石贴图",
    "category": "content",
    "dependencies": [ "dda" ]
  },
  {
    "id": "牛符咒",
    "type": "TOOL",
    "name": { "str": "牛符咒" },
    "description": "符石",
    "weight": "50 g",
    "volume": "20 ml",
    "symbol": ",",
    "color": "white"
  },
  {
    "copy-from": "牛符咒",
    "type": "TOOL",
    "id": "鼠符咒",
    "name": { "str": "鼠符咒" }
  },
  {
    "copy-from": "牛符咒",
    "type": "TOOL",
    "id": "虎符咒",
    "name": { "str": "虎符咒" }
  },
  {
    "copy-from": "牛符咒",
    "type": "TOOL",
    "id": "兔符咒",
    "name": { "str": "兔符咒" }
  },
  {
    "copy-from": "牛符咒",
    "type": "TOOL",
    "id": "龙符咒",
    "name": { "str": "龙符咒" }
  },
  {
    "copy-from": "牛符咒",
    "type": "TOOL",
    "id": "蛇符咒",
    "name": { "str": "蛇符咒" }
  },
  {
    "copy-from": "牛符咒",
    "type": "TOOL",
    "id": "马符咒",
    "name": { "str": "马符咒" }
  },
  {
    "copy-from": "牛符咒",
    "type": "TOOL",
    "id": "羊符咒",
    "name": { "str": "羊符咒" }
  },
  {
    "copy-from": "牛符咒",
    "type": "TOOL",
    "id": "猴符咒",
    "name": { "str": "猴符咒" }
  },
  {
    "copy-from": "牛符咒",
    "type": "TOOL",
    "id": "鸡符咒",
    "name": { "str": "鸡符咒" }
  },
  {
    "copy-from": "牛符咒",
    "type": "TOOL",
    "id": "狗符咒",
    "name": { "str": "狗符咒" }
  },
  {
    "copy-from": "牛符咒",
    "type": "TOOL",
    "id": "猪符咒",
    "name": { "str": "猪符咒" }
  }
]
