[
	{
        "type" : "ammunition_type",
        "id" : "380",
        "name" : ".380",
        "default" : ".380"
    },
	{
        "type" : "ammunition_type",
        "id" : ".300",
        "name" : ".300",
        "default" : ".300"
    },
    {
        "type" : "ammunition_type",
        "id" : ".460",
        "name" : ".460",
        "default" : ".460"
    },
	{
        "type" : "ammunition_type",
        "id" : ".303",
        "name" : ".303",
        "default" : ".303"
    },
	{
        "type" : "ammunition_type",
        "id" : "7.92mm",
        "name" : "7.92mm",
        "default" : "8mmMauser"
    }
]
