{
  "type" : "recipe",
  "result": "obrez",
  "category": "CC_WEAPON",
  "subcategory": "CSC_WEAPON_RANGED",
  "skill_used": "mechanics",
  "skills_required": ["gun", 2],
  "difficulty": 3,
  "time": 180000,
  "reversible": false,
  "autolearn": true,
  "book_learn": [["textbook_fabrication", 2]],
  "qualities":[
    {"id":"SAW_M_FINE","level":1,"amount":1},
    {"id":"SCREW_FINE","level":1,"amount":1},
    {"id":"WRENCH_FINE","level":1,"amount":1}
  ], "tools": [
    [
      ["goggles_welding", -1]
    ],
    [
      ["oxy_torch", 20], ["welder", 100], ["welder_crude", 150], ["toolset", 150]
    ]
  ],
  "components": [
    [
      ["mosin91_30", 1]
    ]
  ]
}