[
{
  "type" : "recipe",
  "result": "reloaded_.460",
  "category": "CC_AMMO",
  "subcategory": "CSC_AMMO_BULLETS",
  "skill_used": "fabrication",
  "skills_required": [ "gun", 1 ],
  "difficulty": 3,
  "time": 25000,
  "reversible": false,
  "autolearn": false,
  "book_learn": [["recipe_bullets" , 2 ] , [ "manual_pistol", 4 ]],
  "tools": [
    [
      [ "press", -1 ]
    ],
    [
      [ "fire", -1 ],
      [ "toolset", 2 ],
      [ "press", 2 ]
    ]
  ],
  "components": [
    [
      [ "45_casing", 50 ]
    ],
    [
      [ "lgpistol_primer", 50 ]
    ],
    [
      [ "gunpowder", 650 ]
    ],
    [
      [ "lead", 450 ],
      [ "gold_small", 450 ],
      [ "silver_small", 450 ],
      [ "tin", 450 ],
      [ "bismuth", 450 ],
      [ "solder_wire", 450 ]
    ]
  ]
},
{
  "type" : "recipe",
  "result": "reloaded_.300",
  "category": "CC_AMMO",
  "subcategory": "CSC_AMMO_BULLETS",
  "skill_used": "fabrication",
  "skills_required": [ "gun", 5 ],
  "difficulty": 5,
  "time": 20000,
  "reversible": false,
  "autolearn": false,
  "book_learn": [["recipe_bullets" , 3 ] , [ "mag_rifle", 4 ]],
  "tools": [
    [
      [ "press", -1 ]
    ],
    [
      [ "fire", -1 ],
      [ "toolset", 2 ],
      [ "press", 2 ]
    ]
  ],
  "components": [
    [
      [ ".300_casing", 40 ]
    ],
    [
      [ "smrifle_primer", 40 ]
    ],
    [
      [ "gunpowder", 240 ]
    ],
    [
      [ "lead", 120 ],
      [ "gold_small", 120 ] ,
      [ "silver_small", 120 ],
      [ "tin", 120 ],
      [ "bismuth", 120 ],
      [ "solder_wire", 120 ]
    ]
  ]
},
{
  "type" : "recipe",
  "result": "reloaded_.3002",
  "category": "CC_AMMO",
  "subcategory": "CSC_AMMO_BULLETS",
  "skill_used": "fabrication",
  "skills_required": [ "gun", 5 ],
  "difficulty": 5,
  "time": 20000,
  "reversible": false,
  "autolearn": false,
  "book_learn": [["recipe_bullets" , 3 ] , [ "mag_rifle", 4 ]],
  "tools": [
    [
      [ "press", -1 ]
    ],
    [
      [ "fire", -1 ],
      [ "toolset", 2 ],
      [ "press", 2 ]
    ]
  ],
  "components": [
    [
      [ ".300_casing", 20 ]
    ],
    [
      [ "smrifle_primer", 20 ]
    ],
    [
      [ "gunpowder", 280 ]
    ],
    [
      [ "lead", 120 ],
      [ "gold_small", 120 ] ,
      [ "silver_small", 120 ],
      [ "tin", 120 ],
      [ "bismuth", 120 ],
      [ "solder_wire", 120 ]
    ]
  ]
},
  {
    "result": "reloaded_303",
    "type": "recipe",
    "category": "CC_AMMO",
    "subcategory": "CSC_AMMO_RIFLE",
    "skill_used": "fabrication",
    "difficulty": 5,
    "skills_required": [ "gun", 5 ],
    "time": 8000,
    "batch_time_factors": [ 50, 10 ],
    "book_learn": [ [ "recipe_bullets", 4 ], [ "mag_rifle", 5 ] ],
    "charges": 1,
    "using": [ [ "bullet_forming", 12 ], [ "ammo_bullet", 8 ] ],
    "components": [
      [ [ ".303_casing", 1 ] ],
      [ [ "lgrifle_primer", 1 ] ],
      [ [ "gunpowder", 12 ] ],
      [ [ "copper", 4 ] ]
    ]
  },
  {
    "result": "reloaded_308_match",
    "type": "recipe",
    "category": "CC_AMMO",
    "subcategory": "CSC_AMMO_RIFLE",
    "skill_used": "fabrication",
    "difficulty": 7,
    "skills_required": [ "gun", 6 ],
    "time": 8000,
    "batch_time_factors": [ 50, 10 ],
    "book_learn": [ [ "recipe_bullets", 4 ], [ "mag_rifle", 5 ] ],
    "charges": 1,
    "using": [ [ "bullet_forming", 12 ], [ "ammo_bullet", 8 ] ],
    "components": [
      [ [ "308_casing", 1 ] ],
      [ [ "lgrifle_primer", 1 ] ],
      [ [ "gunpowder", 16 ] ],
      [ [ "copper", 5 ] ]
    ]
  },
  {
    "result": "762_54R_incendiary",
    "type": "recipe",
    "category": "CC_AMMO",
    "subcategory": "CSC_AMMO_RIFLE",
    "skill_used": "fabrication",
    "difficulty": 7,
    "skills_required": [ "gun", 7 ],
    "time": 8000,
    "batch_time_factors": [ 50, 10 ],
    "book_learn": [ [ "recipe_bullets", 4 ], [ "mag_rifle", 5 ] ],
    "charges": 1,
    "using": [ [ "bullet_forming", 12 ], [ "ammo_bullet", 8 ] ],
    "components": [
      [ [ "762R_casing", 1 ] ],
      [ [ "lgrifle_primer", 1 ] ],
      [ [ "gunpowder", 11 ] ],
      [ [ "copper", 5 ] ],
      [ [ "incendiary", 9] ]
    ]
  },
    {
    "result": "reloaded_7.92mm",
    "type": "recipe",
    "category": "CC_AMMO",
    "subcategory": "CSC_AMMO_RIFLE",
    "skill_used": "fabrication",
    "difficulty": 5,
    "skills_required": [ "gun", 6 ],
    "time": 8000,
    "batch_time_factors": [ 50, 10 ],
    "book_learn": [ [ "recipe_bullets", 4 ], [ "mag_rifle", 5 ] ],
    "charges": 1,
    "using": [ [ "bullet_forming", 12 ], [ "ammo_bullet", 8 ] ],
    "components": [
      [ [ "8mm_casing", 1 ] ],
      [ [ "lgrifle_primer", 1 ] ],
      [ [ "gunpowder", 12 ] ],
      [ [ "copper", 4 ] ]
    ]
  },
  {
    "result": "Match_7.92mm",
    "type": "recipe",
    "category": "CC_AMMO",
    "subcategory": "CSC_AMMO_RIFLE",
    "skill_used": "fabrication",
    "difficulty": 5,
    "skills_required": [ "gun", 6 ],
    "time": 8000,
    "batch_time_factors": [ 50, 10 ],
    "book_learn": [ [ "recipe_bullets", 4 ], [ "mag_rifle", 5 ] ],
    "charges": 1,
    "using": [ [ "bullet_forming", 12 ], [ "ammo_bullet", 8 ] ],
    "components": [
      [ [ "8mm_casing", 1 ] ],
      [ [ "lgrifle_primer", 1 ] ],
      [ [ "gunpowder", 16 ] ],
      [ [ "copper", 5 ] ]
    ]
  },
  {
    "result": "reloaded_22_quiet",
    "type": "recipe",
    "category": "CC_AMMO",
    "subcategory": "CSC_AMMO_RIFLE",
    "skill_used": "fabrication",
    "difficulty": 3,
    "skills_required": [ "gun", 3 ],
    "time": 3000,
    "batch_time_factors": [ 50, 10 ],
    "book_learn": [ [ "recipe_bullets", 4 ], [ "manual_pistol", 2 ] ],
    "charges": 1,
    "using": [ [ "bullet_forming", 2 ], [ "ammo_bullet", 2 ] ],
    "components": [
      [ [ "22_casing_new", 1 ], [ "22_casing", 1 ] ],
      [ [ "gunpowder", 1 ], [ "chem_black_powder", 1 ] ]
    ]
  },
  {
    "result": "50api",
    "type": "recipe",
    "category": "CC_AMMO",
    "subcategory": "CSC_AMMO_RIFLE",
    "skill_used": "fabrication",
    "difficulty": 8,
    "skills_required": [ "gun", 7 ],
    "time": 11000,
    "batch_time_factors": [ 50, 10 ],
    "book_learn": [ [ "recipe_bullets", 8 ] ],
    "charges": 1,
    "using": [ [ "bullet_forming", 21 ], [ "ammo_bullet", 15 ] ],
    "components": [
      [ [ "50_casing", 1 ] ],
      [ [ "lgrifle_primer", 1 ] ],
      [ [ "gunpowder", 35 ] ],
      [ [ "copper", 8 ] ],
      [ [ "incendiary", 35 ] ]
    ]
  },
  {
    "result": "reloaded_545_match",
    "type": "recipe",
    "category": "CC_AMMO",
    "subcategory": "CSC_AMMO_RIFLE",
    "skill_used": "fabrication",
    "difficulty": 3,
    "skills_required": [ "gun", 6 ],
    "time": 6000,
    "batch_time_factors": [ 50, 10 ],
    "book_learn": [ [ "recipe_bullets", 2 ], [ "mag_rifle", 3 ] ],
    "charges": 1,
    "using": [ [ "bullet_forming", 4 ], [ "ammo_bullet", 3 ] ],
    "components": [
      [ [ "545_casing", 1 ] ],
      [ [ "smrifle_primer", 1 ] ],
      [ [ "gunpowder", 7 ] ],
      [ [ "copper", 2 ] ]
    ]
  },
  {
    "result": "reloaded_762ak_match",
    "type": "recipe",
    "category": "CC_AMMO",
    "subcategory": "CSC_AMMO_RIFLE",
    "skill_used": "fabrication",
    "difficulty": 5,
    "skills_required": [ "gun", 6 ],
    "time": 6000,
    "batch_time_factors": [ 50, 10 ],
    "book_learn": [ [ "recipe_bullets", 3 ], [ "mag_rifle", 4 ] ],
    "charges": 1,
    "using": [ [ "bullet_forming", 5 ], [ "ammo_bullet", 4 ] ],
    "components": [
      [ [ "762_casing", 1 ] ],
      [ [ "lgrifle_primer", 1 ] ],
      [ [ "gunpowder", 9 ] ],
      [ [ "copper", 2 ] ]
    ]
  },
  {
    "result": "reloaded_556_match",
    "type": "recipe",
    "category": "CC_AMMO",
    "subcategory": "CSC_AMMO_RIFLE",
    "skill_used": "fabrication",
    "difficulty": 5,
    "skills_required": [ "gun", 6 ],
    "time": 6000,
    "batch_time_factors": [ 50, 10 ],
    "book_learn": [ [ "recipe_bullets", 3 ], [ "mag_rifle", 4 ] ],
    "charges": 1,
    "using": [ [ "bullet_forming", 4 ], [ "ammo_bullet", 3 ] ],
    "components": [
      [ [ "223_casing", 1 ] ],
      [ [ "smrifle_primer", 1 ] ],
      [ [ "gunpowder", 8 ] ],
      [ [ "copper", 2 ] ]
    ]
  },
  {
    "result": "reloaded_3006_match",
    "type": "recipe",
    "category": "CC_AMMO",
    "subcategory": "CSC_AMMO_RIFLE",
    "skill_used": "fabrication",
    "difficulty": 3,
    "skills_required": [ "gun", 6 ],
    "time": 6000,
    "batch_time_factors": [ 50, 10 ],
    "book_learn": [ [ "recipe_bullets", 1 ], [ "mag_rifle", 3 ] ],
    "charges": 1,
    "using": [ [ "bullet_forming", 8 ], [ "ammo_bullet", 5 ] ],
    "components": [
      [ [ "3006_casing", 1 ] ],
      [ [ "lgrifle_primer", 1 ] ],
      [ [ "gunpowder", 10 ] ],
      [ [ "copper", 3 ] ]
    ]
  },
  {
    "result": "reloaded_303_match",
    "type": "recipe",
    "category": "CC_AMMO",
    "subcategory": "CSC_AMMO_RIFLE",
    "skill_used": "fabrication",
    "difficulty": 7,
    "skills_required": [ "gun", 5 ],
    "time": 8000,
    "batch_time_factors": [ 50, 10 ],
    "book_learn": [ [ "recipe_bullets", 4 ], [ "mag_rifle", 5 ] ],
    "charges": 1,
    "using": [ [ "bullet_forming", 12 ], [ "ammo_bullet", 8 ] ],
    "components": [
      [ [ ".303_casing", 1 ] ],
      [ [ "lgrifle_primer", 1 ] ],
      [ [ "gunpowder", 16 ] ],
      [ [ "copper", 5 ] ]
    ]
  }
]