[
{
        "type" : "GUNMOD",
        "id" : "mg3_uk_stock",
        "name" : "钢锯枪托",
        "location": "stock",
        "description" : "一个安装在钢锯上经过大量魔改的枪托.它大幅减少了后坐力,甚至在站立的时候也可以连续的射击.",
        "weight" : 1260,
        "to_hit" : -1,
        "color" : "dark_gray",
        "symbol" : ":",
        "material" : ["plastic", "steel"],
        "mod_targets" : ["smg", "rifle", "shotgun", "launcher"],
        "volume" : 1,
        "bashing" : 1,
        "recoil_modifier" : -180,
        "price" : 400,
        "skill_required": 3
},
{
        "type" : "GUNMOD",
        "id" : "rebel_sup",
        "name" : "反叛者消音器",
        "dispersion_modifier" : 5,
        "description" : "这种改进的消音器允许气体逸出,同时将声音降低到最小.你不知道,但这消音器可能是魔法. 毕竟,谁可以用一个工具箱和信仰做到这一点?",
        "location": "muzzle",
        "weight" : 410,
        "to_hit" : 1,
        "color" : "dark_gray",
        "symbol" : ":",
        "material" : ["steel", "leather"],
        "mod_targets" : ["pistol", "smg", "rifle"],
        "volume" : 3,
        "bashing" : 3,
        "recoil_modifier" : -5,
        "price" : 48000,
        "loudness_modifier" : -130
},
{
        "type" : "GUNMOD",
        "id" : "hybrid_sight",
        "name" : "EOTech EXPS3-4 全息混合瞄准镜",
        "location": "sights",
        "sight_dispersion" : 60,
        "aim_speed" : 7,
        "description" : "用于远距离和短程作战的混合瞄具.",
        "weight" : 450,
        "to_hit" : -3,
        "color" : "dark_gray",
        "symbol" : ":",
        "material" : ["steel", "glass"],
        "mod_targets" : ["rifle", "crossbow", "launcher"],
        "volume" : 2,
        "price" : 68000,
        "skill_required": 6
},
{
        "type" : "GUNMOD",
        "id" : "reflex_sight",
        "name" : "EOTech EXP-729 SSS",
        "location": "sights",
        "sight_dispersion" : 60,
        "aim_speed" : 5,
        "description" : "EXP-729 SSS是一种用于小范围近距离作战的近距瞄具.",
        "weight" : 360,
        "to_hit" : -3,
        "color" : "dark_gray",
        "symbol" : ":",
        "material" : ["steel", "glass"],
        "mod_targets" : ["rifle", "shotgun", "smg", "crossbow", "launcher"],
        "volume" : 2,
        "price" : 68000,
        "skill_required": 5
},
{
        "type" : "GUNMOD",
        "id" : "reflex_sight2",
        "name" : "Trijicon照明者瞄具",
        "location": "sights",
        "sight_dispersion" : 80,
        "aim_speed" : 3,
        "description" : "适合近距离/快速移动贴脸战斗的瞄具,很适合冲锋枪和霰弹枪.",
        "weight" : 250,
        "to_hit" : -3,
        "color" : "dark_gray",
        "symbol" : ":",
        "material" : ["steel", "glass"],
        "mod_targets" : ["rifle", "shotgun", "pistol", "smg", "crossbow", "launcher"],
        "volume" : 2,
        "price" : 68000,
        "skill_required": 5
},
{
        "type" : "GUNMOD",
        "id" : "reflex_sight3",
        "name" : "Trijicon 1x24瞄准镜",
        "location": "sights",
        "sight_dispersion" : 80,
        "aim_speed" : 4,
        "description" : "中距离反射式瞄准镜,可快速锁定目标.",
        "weight" : 310,
        "to_hit" : -3,
        "color" : "dark_gray",
        "symbol" : ":",
        "material" : ["steel", "glass"],
        "mod_targets" : ["rifle", "shotgun", "pistol", "smg", "crossbow", "launcher"],
        "volume" : 2,
        "price" : 68000,
        "skill_required": 5
},
{
        "type" : "GUNMOD",
        "id" : "reflex_sight4",
        "name" : "Sightmark Mini-Shot 反射式瞄准镜",
        "location": "sights",
        "sight_dispersion" : 100,
        "aim_speed" : 4,
        "description" : "一个超级小的瞄准镜,真的只适合迷你武器.",
        "weight" : 310,
        "to_hit" : -3,
        "color" : "dark_gray",
        "symbol" : ":",
        "material" : ["steel", "glass"],
        "mod_targets" : ["shotgun", "pistol", "smg"],
        "volume" : 2,
        "price" : 68000,
        "skill_required": 5
},
{
        "type" : "GUNMOD",
        "id" : "reflex_sight5",
        "name" : "Trijicon 1x42 瞄准镜",
        "location": "sights",
        "sight_dispersion" : 80,
        "aim_speed" : 6,
        "description" : "一个远程反射式瞄准镜, 可快速锁定目标.",
        "weight" : 490,
        "to_hit" : -3,
        "color" : "dark_gray",
        "symbol" : ":",
        "material" : ["steel", "glass"],
        "mod_targets" : ["rifle", "shotgun", "pistol", "smg", "crossbow", "launcher"],
        "volume" : 2,
        "price" : 68000,
        "skill_required": 5
},
{
        "type" : "GUNMOD",
        "id" : "reflex_sight6",
        "name" : "Ultra Duel Shot Pro 夜视瞄准镜.",
        "location": "sights",
        "sight_dispersion" : 60,
        "aim_speed" : 4,
        "description" : "短距离夜视瞄镜,可以提高夜间的生存能力.",
        "weight" : 590,
        "to_hit" : -3,
        "color" : "dark_gray",
        "symbol" : ":",
        "material" : ["steel", "glass"],
        "mod_targets" : ["rifle", "shotgun", "pistol", "smg", "crossbow", "launcher"],
        "volume" : 2,
        "price" : 68000,
        "skill_required": 5
},
{
        "type" : "GUNMOD",
        "id" : "reflex_sight7",
        "name" : "反射式瞄准镜附激光",
        "location": "sights",
        "sight_dispersion" : 50,
        "aim_speed" : 4,
        "description" : "一个反射式瞄准镜,有一个内置的激光瞄准器.",
        "weight" : 790,
        "to_hit" : -3,
        "color" : "dark_gray",
        "symbol" : ":",
        "material" : ["steel", "glass"],
        "mod_targets" : ["rifle", "shotgun", "pistol", "smg", "crossbow", "launcher"],
        "volume" : 2,
        "price" : 68000,
        "skill_required": 5
},
{
        "type" : "GUNMOD",
        "id" : "scope",
        "name" : "ACOG 4x32mm 步枪瞄准镜",
        "location": "sights",
        "sight_dispersion" : 80,
        "aim_speed" : 7,
        "description" : "所有人都在用的长/中距离瞄准镜... 好吧, 差不多.",
        "weight" : 450,
        "to_hit" : -3,
        "color" : "dark_gray",
        "symbol" : ":",
        "material" : ["steel", "glass"],
        "mod_targets" : ["rifle", "shotgun", "smg", "crossbow", "launcher"],
        "volume" : 2,
        "price" : 68000,
        "skill_required": 5
},
{
        "type" : "GUNMOD",
        "id" : "scope2",
        "name" : "VX-3 步枪瞄准镜",
        "location": "sights",
        "sight_dispersion" : 50,
        "aim_speed" : 6,
        "description" : "一个步枪使用的远程瞄准镜.",
        "weight" : 450,
        "to_hit" : -3,
        "color" : "dark_gray",
        "symbol" : ":",
        "material" : ["steel", "glass"],
        "mod_targets" : ["rifle", "shotgun", "smg", "crossbow", "launcher"],
        "volume" : 2,
        "price" : 68000,
        "skill_required": 5
},
{
        "type" : "GUNMOD",
        "id" : "scope3",
        "name" : "幽灵 DR 双重任务瞄准镜",
        "location": "sights",
        "sight_dispersion" : 75,
        "aim_speed" : 8,
        "description" : "像北约国家使用的ACOG一样酷.",
        "weight" : 450,
        "to_hit" : -3,
        "color" : "dark_gray",
        "symbol" : ":",
        "material" : ["steel", "glass"],
        "mod_targets" : ["rifle", "shotgun", "smg", "crossbow", "launcher"],
        "volume" : 2,
        "price" : 68000,
        "skill_required": 5
},
{
        "type" : "GUNMOD",
        "id" : "scope4",
        "name" : "P-223 步枪瞄准镜",
        "location": "sights",
        "sight_dispersion" : 60,
        "aim_speed" : 7,
        "description" : "步枪用的短距离瞄准镜.",
        "weight" : 450,
        "to_hit" : -3,
        "color" : "dark_gray",
        "symbol" : ":",
        "material" : ["steel", "glass"],
        "mod_targets" : ["rifle", "shotgun", "smg", "crossbow", "launcher"],
        "volume" : 2,
        "price" : 68000,
        "skill_required": 5
},
{
        "type" : "GUNMOD",
        "id" : "scope5",
        "name" : "V-XR 侦察步枪瞄准镜",
        "location": "sights",
        "sight_dispersion" : 65,
        "aim_speed" : 7,
        "description" : "猎枪使用的中距瞄准镜.",
        "weight" : 450,
        "to_hit" : -3,
        "color" : "dark_gray",
        "symbol" : ":",
        "material" : ["steel", "glass"],
        "mod_targets" : ["rifle", "shotgun", "smg", "crossbow", "launcher"],
        "volume" : 2,
        "price" : 68000,
        "skill_required": 5
},
{
    "id": "retool_460",
    "type": "GUNMOD",
    "name": ".460罗兰口径转换套件",
    "description": "M1911手枪的转换组件,使它能够发射.460罗兰手枪子弹.别忘了枪口制退器!",
    "weight": 226,
    "volume": 1,
    "integral_volume": 0,
    "price": 48000,
    "material": "steel",
    "symbol": ":",
    "color": "green",
    "location": "bore",
    "mod_targets": [ "pistol" ],
    "acceptable_ammo": [ "45" ],
    "min_skills" : [ [ "gun", 3 ], [ "mechanics", 2 ] ],
    "install_time" : 60000,
    "dispersion_modifier": 30,
    "recoil_modifier": 2,
    "ammo_modifier": ".460",
    "flags" : [ "INSTALL_DIFFICULT", "IRREMOVABLE" ]
},
{
    "id": "460_muzzle_brake",
    "type": "GUNMOD",
    "name": ".460罗兰枪口制退器",
    "description": "一种专门用于M1911改装的枪口制退器.在所有的.460罗兰转换套件中都可以找到.",
    "weight": 380,
    "volume": 1,
    "price": 84000,
    "material": [ "steel" ],
    "symbol": ":",
    "color": "light_gray",
    "location": "muzzle",
    "mod_targets": [ "pistol"],
    "min_skills": [ [ "gun", 2 ] ],
    "dispersion_modifier": -30,
    "recoil_modifier": -22
},
{
    "id": "460_conversion",
    "type": "TOOL",
    "symbol": "/",
    "color": "light_gray",
    "name": "Artyom定制版.460罗兰转换组件",
    "name_plural": "Artyom定制版.460罗兰转换组件",
    "description": "M1911手枪的转换组件,使它能够发射.460罗兰手枪子弹.拆解它以获得您需要的东西!",
    "price": 18000,
    "material": "steel",
    "weight": 1084,
    "volume": 4,
    "bashing": 1,
    "cutting": 1,
    "to_hit": -2
},
{
        "id": "gp-25",
        "type": "GUNMOD",
        "location": "rail",
        "symbol": ":",
        "color": "dark_gray",
        "name": "GP-25",
        "name_plural": "GP-25",
        "description": "与华沙协议武器兼容的俄罗斯榴弹发射器.但这是一款适合华沙和北约武器的GP-25.并且发射M203使用的40mm.",
        "price": 84000,
        "material": "steel",
        "skill": "launcher",
        "gun_data" : {
            "skill": "launcher",
            "ammo" : "40mm",
            "clip_size" : 1,
            "dispersion" : 20,
            "aim_speed" : 3, "//" : "just a place holder, TODO: fill in the correct value",
            "sight_dispersion" : 15, "//" : "just a place holder, TODO: fill in the correct value",
            "durability" : 9, "//" : "just a place holder, TODO: fill in the correct value",
            "reload" : 125, "//" : "just a place holder, TODO: fill in the correct value"
        },
        "mod_targets": ["rifle", "crossbow"],
        "weight": 2500,
        "volume": 3,
        "bashing": 4,
        "to_hit": -3,
        "dispersion_modifier": 80,
        "skill_required": 2
},
{
        "id": "gp-30",
        "type": "GUNMOD",
        "location": "rail",
        "symbol": ":",
        "color": "dark_gray",
        "name": "GP-30",
        "name_plural": "GP-30",
        "description": "与华沙协议武器兼容的俄罗斯榴弹发射器.但这是一款适合华沙和北约武器的GP-30.并且发射M203使用的40mm.更准确的GP-25版本",
        "price": 84000,
        "material": "steel",
        "skill": "launcher",
        "gun_data" : {
            "skill": "launcher",
            "ammo" : "40mm",
            "clip_size" : 1,
            "dispersion" : 15,
            "aim_speed" : 3, "//" : "just a place holder, TODO: fill in the correct value",
            "sight_dispersion" : 15, "//" : "just a place holder, TODO: fill in the correct value",
            "durability" : 9, "//" : "just a place holder, TODO: fill in the correct value",
            "reload" : 125, "//" : "just a place holder, TODO: fill in the correct value"
        },
        "mod_targets": ["rifle", "crossbow"],
        "weight": 2600,
        "volume": 3,
        "bashing": 4,
        "to_hit": -3,
        "dispersion_modifier": 70,
        "skill_required": 2
},
{
        "id": "bg-15",
        "type": "GUNMOD",
        "location": "rail",
        "symbol": ":",
        "color": "dark_gray",
        "name": "BG-15",
        "name_plural": "BG-15",
        "description": "与华沙协议武器兼容的俄罗斯榴弹发射器.但这是一个适合华沙和北约武器的BG-15的娱乐.并且发射M203使用的40mm.第一个俄罗斯发射器.",
        "price": 84000,
        "material": "steel",
        "skill": "launcher",
        "gun_data" : {
            "skill": "launcher",
            "ammo" : "40mm",
            "clip_size" : 1,
            "dispersion" : 35,
            "aim_speed" : 3, "//" : "just a place holder, TODO: fill in the correct value",
            "sight_dispersion" : 15, "//" : "just a place holder, TODO: fill in the correct value",
            "durability" : 9, "//" : "just a place holder, TODO: fill in the correct value",
            "reload" : 125, "//" : "just a place holder, TODO: fill in the correct value"
        },
        "mod_targets": ["rifle", "crossbow"],
        "weight": 2400,
        "volume": 3,
        "bashing": 4,
        "to_hit": -3,
        "dispersion_modifier": 90,
        "skill_required": 2
},
{
        "type" : "GUNMOD",
        "id" : "spgun_shotgun",
        "name" : "下挂霰弹枪",
        "location": "underbarrel",
        "weight" : 1500,
        "color" : "light_red",
        "to_hit" : -1,
        "dispersion_modifier" : 10,
        "price" : 65000,
        "description" : "适用于手枪的霰弹附件.",
        "symbol" : ":",
        "material" : ["steel", "wood"],
        "volume" : 3,
        "mod_targets" : ["pistol"],
        "bashing" : 2,
        "flags" : ["RELOAD_ONE"],
        "gun_data" : {
            "skill": "shotgun",
            "ammo" : "shot",
            "clip_size" : 1,
            "dispersion" : 75,
            "aim_speed" : 4, "//" : "just a place holder, TODO: fill in the correct value",
            "durability" : 9, "//" : "just a place holder, TODO: fill in the correct value",
            "reload" : 100, "//" : "just a place holder, TODO: fill in the correct value"
        },
        "skill_required": 1,
        "skill": "shotgun"
},
{
        "id": "scarl_uk_bigboys",
        "type": "GUNMOD",
        "location": "rail",
        "symbol": ":",
        "color": "dark_gray",
        "name": "瞌睡大男孩",
        "name_plural": "瞌睡大男孩",
        "description": "这两个M203发射装置的特殊设置-胶带粘在咕哝的侧面使它看起来很可笑.但在实践中,制造这个的士兵变成了一个单人迫击炮队.向毫无戒心的僵尸们投掷巨大的炸弹.天才的修改",
        "price": 84000,
        "material": "steel",
        "skill": "launcher",
        "gun_data" : {
            "skill": "launcher",
            "ammo" : "40mm",
            "clip_size" : 2,
            "dispersion" : 20,
            "aim_speed" : 4, "//" : "just a place holder, TODO: fill in the correct value",
            "sight_dispersion" : 15, "//" : "just a place holder, TODO: fill in the correct value",
            "durability" : 9, "//" : "just a place holder, TODO: fill in the correct value",
            "reload" : 150, "//" : "just a place holder, TODO: fill in the correct value"
        },
        "mod_targets": ["rifle", "crossbow"],
        "weight": 3000,
        "volume": 5,
        "bashing": 4,
        "to_hit": -3,
        "dispersion_modifier": 80,
        "skill_required": 2
},
{
    "id": "pedersen_device",
    "type": "GUNMOD",
    "name": "本得森供弹装置",
    "description": "更换.30-06、.308、7.62x54R、.303或7.62x39毫米枪械的几个关键部件,将其转换为更适合近距离战斗的半自动卡宾枪.它比原来的步枪更精确、更可控,被认为是第一次世界大战中盟军的神奇武器……在1919年.最初的版本是非常罕见的,但是这个复制版包含了在.32 ACP中储存的组件,可以在几秒内与所有主要的一战武器一起使用.得分!",
    "weight": 114,
    "volume": 1,
    "integral_volume": 0,
    "price": 32000,
    "material": "steel",
    "symbol": ":",
    "color": "dark_gray",
    "location": "bore",
    "mod_targets": [ "rifle" ],
    "acceptable_ammo": [ "308", ".303", "3006", "762R", "762" ],
    "install_time": 6,
	"recoil_modifier" : -5,
    "dispersion_modifier": 15,
	"gun_data" : {
            "skill": "rifle",
            "ammo" : "32",
            "clip_size" : 40,
            "dispersion" : 50,
            "aim_speed" : 4, "//" : "just a place holder, TODO: fill in the correct value",
            "durability" : 9, "//" : "just a place holder, TODO: fill in the correct value",
            "reload" : 60, "//" : "just a place holder, TODO: fill in the correct value"
        },
        "skill_required": 1,
        "skill": "rifle",
    "min_skills": [ [ "weapon", 1 ] ]
  },
  {
    "id": "retool_mauser",
    "type": "GUNMOD",
    "name": "8mm毛瑟口径转换套件",
    "description": "该套件用于将霰弹枪或7.62x39毫米,.303,7.62x54R,308或.30-06步枪转换为着名且功能强大的8mm毛瑟口径.转换导致弹药容量降低,精度略有降低.",
    "weight": 114,
    "volume": 2,
    "integral_volume": 0,
    "price": 52000,
    "material": "steel",
    "symbol": ":",
    "color": "brown",
    "location": "bore",
    "mod_targets": [ "rifle" ],
    "acceptable_ammo": [ "762", "308", "3006", ".303", "762R" ],
    "install_time": 60000,
    "dispersion_modifier": 30,
    "ammo_modifier": "7.92mm",
    "min_skills": [ [ "weapon", 3 ], [ "mechanics", 2 ] ],
    "flags": [ "INSTALL_DIFFICULT", "IRREMOVABLE" ]
  }
]