[
 {
    "id" : ".30810mag",
    "type" : "MAGAZINE",
    "name" : "10发.308弹匣",
    "description" : "一个10发.308狙击步枪弹匣",
    "weight" : 600,
    "volume" : 4,
    "price" : 9000,
    "bashing" : 4,
    "to_hit" : -2,
    "material" : [ "steel", "plastic" ],
    "symbol" : "#",
    "color" : "ltgreen",
    "ammo_type" : "308",
    "capacity" : 10,
    "reliability" : 7,
    "reload_time" : 200,
    "flags" : [ "MAG_BULKY" ]
  },
   {
    "id" : ".30820mag",
    "type" : "MAGAZINE",
    "name" : "20发.308弹匣",
    "description" : "一个20发.308狙击步枪弹匣",
    "weight" : 1200,
    "volume" : 6,
    "price" : 9000,
    "bashing" : 6,
    "to_hit" : -2,
    "material" : [ "steel", "plastic" ],
    "symbol" : "#",
    "color" : "ltgreen",
    "ammo_type" : "308",
    "capacity" : 20,
    "reliability" : 6,
    "reload_time" : 300,
    "flags" : [ "MAG_BULKY" ]
  },
     {
    "id" : "7.62x54Rmag",
    "type" : "MAGAZINE",
    "name" : "10发7.62x54R弹匣",
    "description" : "一个10发7.62x54R俄罗斯狙击步枪弹匣",
    "weight" : 1200,
    "volume" : 5,
    "price" : 9000,
    "bashing" : 6,
    "to_hit" : -2,
    "material" : [ "steel", "plastic" ],
    "symbol" : "#",
    "color" : "ltgreen",
    "ammo_type" : "762R",
    "capacity" : 10,
    "reliability" : 8,
    "reload_time" : 300,
    "flags" : [ "MAG_BULKY" ]
  },
   {
    "id" : "7.62x54Rmag2",
    "type" : "MAGAZINE",
    "name" : "20发7.62x54R弹匣",
    "description" : "一个20发7.62x54R俄罗斯狙击步枪加长型弹匣",
    "weight" : 1200,
    "volume" : 5,
    "price" : 9000,
    "bashing" : 6,
    "to_hit" : -2,
    "material" : [ "steel", "plastic" ],
    "symbol" : "#",
    "color" : "ltgreen",
    "ammo_type" : "762R",
    "capacity" : 20,
    "reliability" : 8,
    "reload_time" : 300,
    "flags" : [ "MAG_BULKY" ]
  },
   {
    "id" : "40sawmag",
    "type" : "MAGAZINE",
    "name" : "40 S&W弹匣",
    "description" : "一个单排40 S&W弹匣",
    "weight" : 360,
    "volume" : 1,
    "price" : 8000,
    "material" : "steel",
    "symbol" : "#",
    "color" : "ltgray",
    "ammo_type" : "40",
    "capacity" : 10,
    "reliability" : 8,
    "reload_time" : 100,
    "flags" : [ "MAG_COMPACT" ]
  },
  {
    "id" : "9r51",
    "type" : "MAGAZINE",
    "name" : "9x19 7发弹匣",
    "description" : "一个单排9x19弹匣",
    "weight" : 260,
    "volume" : 1,
    "price" : 8000,
    "material" : "steel",
    "symbol" : "#",
    "color" : "ltgray",
    "ammo_type" : "9mm",
    "capacity" : 7,
    "reliability" : 9,
    "reload_time" : 80,
    "flags" : [ "MAG_COMPACT" ]
  },
    {
    "id" : "9x4",
    "type" : "MAGAZINE",
    "name" : "9x4 风暴弹匣",
    "description" : "一个紧凑的聚合物弹匣.",
    "weight" : 105,
    "volume" : 1,
    "price" : 2900,
    "material" : "plastic",
    "symbol" : "#",
    "color" : "ltgray",
    "ammo_type" : "9mm",
    "capacity" : 15,
    "reliability" : 8,
    "reload_time" : 100,
    "flags" : [ "MAG_COMPACT" ]
  },
    {
    "id" : "p220mag",
    "type" : "MAGAZINE",
    "name" : "Sig P220弹匣",
    "description" : "一个军用级8发弹匣,适用于Sig P220手枪.",
    "weight" : 70,
    "volume" : 1,
    "price" : 2980,
    "material" : "steel",
    "symbol" : "#",
    "color" : "ltgray",
    "ammo_type" : "45",
    "capacity" : 8,
    "reliability" : 8,
    "reload_time" : 100,
    "flags": [ "MAG_COMPACT" ]
  },
      {
    "id" : "p227mag",
    "type" : "MAGAZINE",
    "name" : "Sig P227弹匣",
    "description" : "一个军用级15发弹匣,适用于Sig P227手枪.",
    "weight" : 70,
    "volume" : 1,
    "price" : 2980,
    "material" : "steel",
    "symbol" : "#",
    "color" : "ltgray",
    "ammo_type" : "45",
    "capacity" : 15,
    "reliability" : 8,
    "reload_time" : 100,
    "flags": [ "MAG_COMPACT" ]
  },
    {
    "id" : "p226mag",
    "type" : "MAGAZINE",
    "name" : "Sig P226弹匣",
    "description" : "一个紧凑的聚合物弹匣,适用于与Sig P226兼容的枪支.",
    "weight" : 105,
    "volume" : 1,
    "price" : 2900,
    "material" : "plastic",
    "symbol" : "#",
    "color" : "ltgray",
    "ammo_type" : "9mm",
    "capacity" : 15,
    "reliability" : 8,
    "reload_time" : 100,
    "flags" : [ "MAG_COMPACT" ]
  },
  {
    "id" : "fnfnp9mag",
    "type" : "MAGAZINE",
    "name" : "FN FNP-9弹匣",
    "description" : "一个紧凑的聚合物弹匣,适用于FNP-9",
    "weight" : 105,
    "volume" : 1,
    "price" : 2900,
    "material" : "plastic",
    "symbol" : "#",
    "color" : "ltgray",
    "ammo_type" : "9mm",
    "capacity" : 15,
    "reliability" : 8,
    "reload_time" : 100,
    "flags" : [ "MAG_COMPACT" ]
  },
    {
    "id" : "stripperclip_45",
    "type" : "MAGAZINE",
    "name" : ".45 ACP 弹条",
    "description" : "一个.45 ACP弹条",
    "weight" : 5,
    "volume" : 0,
    "price" : 2900,
    "material" : "steel",
    "symbol" : "#",
    "color" : "ltgray",
    "ammo_type" : "45",
    "capacity" : 10,
    "reliability" : 8,
    "reload_time" : 125,
    "flags" : [ "MAG_COMPACT" ]
  },
      {
    "id" : "stripperclip_9",
    "type" : "MAGAZINE",
    "name" : "9x19弹条",
    "description" : "一个9x19弹条",
    "weight" : 5,
    "volume" : 0,
    "price" : 2900,
    "material" : "steel",
    "symbol" : "#",
    "color" : "ltgray",
    "ammo_type" : "9mm",
    "capacity" : 10,
    "reliability" : 8,
    "reload_time" : 125,
    "flags" : [ "MAG_COMPACT" ]
  },
    {
    "id" : "p08_9mag",
    "type" : "MAGAZINE",
    "name" : "P08弹匣",
    "description" : "一个木制P08弹匣,适适用于9x19子弹",
    "weight" : 105,
    "volume" : 1,
    "price" : 2900,
    "material" : "wood",
    "symbol" : "#",
    "color" : "ltgray",
    "ammo_type" : "9mm",
    "capacity" : 8,
    "reliability" : 8,
    "reload_time" : 100,
    "flags" : [ "MAG_COMPACT" ]
  },
      {
    "id" : "p08_45mag",
    "type" : "MAGAZINE",
    "name" : "P08弹匣",
    "description" : "一个木制P08弹匣,适适用于.45子弹",
    "weight" : 105,
    "volume" : 1,
    "price" : 2900,
    "material" : "wood",
    "symbol" : "#",
    "color" : "ltgray",
    "ammo_type" : "45",
    "capacity" : 8,
    "reliability" : 8,
    "reload_time" : 100,
    "flags" : [ "MAG_COMPACT" ]
  },
  {
    "id" : "cz52magazine",
    "type" : "MAGAZINE",
    "name" : "CZ 52弹匣",
    "description" : "一个CZ 52金属弹匣",
    "weight" : 25,
    "volume" : 0,
    "price" : 2900,
    "material" : "steel",
    "symbol" : "#",
    "color" : "ltgray",
    "ammo_type" : "762x25",
    "capacity" : 10,
    "reliability" : 8,
    "reload_time" : 100,
    "flags" : [ "MAG_COMPACT" ]
  },
    {
    "id" : "cz75magazine",
    "type" : "MAGAZINE",
    "name" : "CZ 75弹匣",
    "description" : "一个金属制的CZ 75弹匣",
    "weight" : 25,
    "volume" : 0,
    "price" : 2900,
    "material" : "steel",
    "symbol" : "#",
    "color" : "ltgray",
    "ammo_type" : "9mm",
    "capacity" : 16,
    "reliability" : 8,
    "reload_time" : 100,
    "flags" : [ "MAG_COMPACT" ]
  },
  {
    "id" : "jerichomagazine",
    "type" : "MAGAZINE",
    "name" : "杰里科941弹匣",
    "description" : "一个金属制的杰里科941弹匣",
    "weight" : 25,
    "volume" : 0,
    "price" : 2900,
    "material" : "steel",
    "symbol" : "#",
    "color" : "ltgray",
    "ammo_type" : "9mm",
    "capacity" : 15,
    "reliability" : 8,
    "reload_time" : 100,
    "flags" : [ "MAG_COMPACT" ]
  },
  {
    "id" : "badgunmagazine",
    "type" : "MAGAZINE",
    "name" : "Automag弹匣",
    "description" : "世上最烂的枪使用的金属弹匣.",
    "weight" : 50,
    "volume" : 0,
    "price" : 2900,
    "material" : "steel",
    "symbol" : "#",
    "color" : "ltgray",
    "ammo_type" : "44",
    "capacity" : 8,
    "reliability" : 4,
    "reload_time" : 150,
    "flags" : [ "MAG_COMPACT" ]
  },
    {
    "id" : "cz83magazine",
    "type" : "MAGAZINE",
    "name" : "CZ 83弹匣",
    "description" : "一个金属制的CZ 83弹匣",
    "weight" : 25,
    "volume" : 0,
    "price" : 2900,
    "material" : "steel",
    "symbol" : "#",
    "color" : "ltgray",
    "ammo_type" : "9mm",
    "capacity" : 10,
    "reliability" : 8,
    "reload_time" : 100,
    "flags" : [ "MAG_COMPACT" ]
  },
      {
    "id" : "fort12magazine",
    "type" : "MAGAZINE",
    "name" : "Fort 12弹匣",
    "description" : "一个金属制的Fort 12弹匣",
    "weight" : 25,
    "volume" : 0,
    "price" : 2900,
    "material" : "steel",
    "symbol" : "#",
    "color" : "ltgray",
    "ammo_type" : "9x18",
    "capacity" : 12,
    "reliability" : 8,
    "reload_time" : 100,
    "flags" : [ "MAG_COMPACT" ]
  },
    {
    "id" : "tec_22magazine",
    "type" : "MAGAZINE",
    "name" : "Tec 22弹匣",
    "description" : "一个30发弹匣,适用于Tec 22冲锋枪",
    "weight" : 360,
    "volume" : 2,
    "price" : 200,
    "material" : ["steel", "plastic"],
    "symbol" : "#",
    "color" : "dark_gray",
    "ammo_type" : "22",
    "capacity" : 30,
    "reliability" : 7,
    "reload_time" : 120,
    "flags" : [ "MAG_COMPACT" ]
  },
    { 
    "id" : "tec22drummag",
    "type" : "MAGAZINE",
    "name" : "Tec 22 弹鼓",
    "description" : "一个100发弹鼓,适用于Tec 22冲锋枪",
    "weight" : 440,
    "volume" : 3,
    "price" : 300,
    "material" : ["steel", "plastic"],
    "symbol" : "#",
    "color" : "dark_gray",
    "ammo_type" : "22",
    "capacity" : 65,
    "reliability" : 6,
    "reload_time" : 140,
    "flags" : [ "MAG_BULKY" ]
  },
      { 
    "id" : "bizondrummag",
    "type" : "MAGAZINE",
    "name" : "野牛弹鼓",
    "description" : "一个独特的弹鼓... 这对野牛冲锋枪来说意味着什么",
    "weight" : 440,
    "volume" : 3,
    "price" : 300,
    "material" : ["steel", "plastic"],
    "symbol" : "#",
    "color" : "dark_gray",
    "ammo_type" : "9x18",
    "capacity" : 64,
    "reliability" : 9,
    "reload_time" : 140,
    "flags" : [ "MAG_BULKY" ]
  },
  {
    "id" : "ppsh_43magazine",
    "type" : "MAGAZINE",
    "name" : "KP m/44弹匣",
    "description" : "一个金属制的9mm PPSH弹匣",
    "weight" : 25,
    "volume" : 0,
    "price" : 2900,
    "material" : "steel",
    "symbol" : "#",
    "color" : "ltgray",
    "ammo_type" : "9mm",
    "capacity" : 30,
    "reliability" : 8,
    "reload_time" : 100,
    "flags" : [ "MAG_COMPACT" ]
  },
    {
    "id" : "stanarg10",
    "type" : "MAGAZINE",
    "name" : "556 AK 短弹匣",
    "description" : "一个紧凑的10发弹匣,适用于AK类型步枪.",
    "weight" : 100,
    "volume" : 1,
    "price" : 5000,
    "material" : "steel",
    "symbol" : "#",
    "color" : "ltgray",
    "ammo_type" : "223",
    "capacity" : 10,
    "reliability" : 9,
    "reload_time" : 100,
    "flags" : [ "MAG_COMPACT" ]
  },
  {
    "id" : "stanarg30",
    "type" : "MAGAZINE",
    "name" : "AK 标准弹匣",
    "description" : "一个标准容量弹匣,适用于与AK-Blank兼容的步枪.",
    "weight" : 360,
    "volume" : 2,
    "price" : 8000,
    "material" : "steel",
    "symbol" : "#",
    "color" : "ltgray",
    "ammo_type" : "223",
    "capacity" : 30,
    "reliability" : 8,
    "reload_time" : 100,
    "flags" : [ "MAG_COMPACT" ]
  },
  {
    "id" : "stanarg50",
    "type" : "MAGAZINE",
    "name" : "AK 标准弹鼓",
    "description" : "一个50发弹鼓 一个笨重的绿色弹鼓,适用于与AK-Blank兼容的步枪.",
    "weight" : 600,
    "volume" : 4,
    "price" : 9000,
    "bashing" : 4,
    "to_hit" : -2,
    "material" : [ "steel", "plastic" ],
    "symbol" : "#",
    "color" : "ltgreen",
    "ammo_type" : "223",
    "capacity" : 50,
    "reliability" : 7,
    "reload_time" : 200,
    "flags" : [ "MAG_BULKY" ]
  },
    {
    "id" : "jamisonmag/fg42mag",
    "type" : "MAGAZINE",
    "name" : "30-06弹匣",
    "description" : "一个标准容量弹匣,适用于与30-06第二次世界大战期间及以后的突击武器!",
    "weight" : 200,
    "volume" : 2,
    "price" : 3600,
    "material" : "steel",
    "symbol" : "#",
    "color" : "ltgray",
    "ammo_type" : "3006",
    "capacity" : 20,
    "reliability" : 9,
    "reload_time" : 100,
    "flags": [ "MAG_COMPACT" ]
  },
    {
    "id" : "auto10mag",
    "type" : "MAGAZINE",
    "name" : "AA-12盒型弹匣",
    "description" : "一个可拆卸塑料弹匣可用于AA-12霰弹枪.  弹容量10发",
    "weight" : 210,
    "volume" : 2,
    "price" : 4500,
    "material" : "plastic",
    "symbol" : "#",
    "color" : "dark_gray",
    "ammo_type" : "shot",
    "capacity" : 10,
    "reliability" : 9,
    "reload_time" : 100,
    "flags": [ "MAG_COMPACT" ]
  },
  {
    "id" : "auto30mag",
    "type" : "MAGAZINE",
    "name" : "AA-12 弹鼓",
    "description" : "一个可拆卸塑料弹匣可用于AA-12霰弹枪.  弹容量30发",
    "weight" : 460,
    "volume" : 4,
    "price" : 11000,
    "material" : "plastic",
    "symbol" : "#",
    "color" : "dark_gray",
    "ammo_type" : "shot",
    "capacity" : 30,
    "reliability" : 8,
    "reload_time" : 130,
    "flags": [ "MAG_BULKY" ]
  },
      {
    "id" : "usas10mag",
    "type" : "MAGAZINE",
    "name" : "USAS-12盒型弹匣",
    "description" : "一个可拆卸塑料弹匣可用于USAS-12霰弹枪.  弹容量10发",
    "weight" : 210,
    "volume" : 2,
    "price" : 4500,
    "material" : "plastic",
    "symbol" : "#",
    "color" : "dark_gray",
    "ammo_type" : "shot",
    "capacity" : 10,
    "reliability" : 9,
    "reload_time" : 100,
    "flags": [ "MAG_COMPACT" ]
  },
  {
    "id" : "usas30mag",
    "type" : "MAGAZINE",
    "name" : "USAS-12 弹鼓",
    "description" : "一个可拆卸塑料弹匣可用于USAS-12霰弹枪.  弹容量30发",
    "weight" : 460,
    "volume" : 4,
    "price" : 11000,
    "material" : "plastic",
    "symbol" : "#",
    "color" : "dark_gray",
    "ammo_type" : "shot",
    "capacity" : 30,
    "reliability" : 8,
    "reload_time" : 130,
    "flags": [ "MAG_BULKY" ]
  },
        {
    "id" : "spas10mag",
    "type" : "MAGAZINE",
    "name" : "Franchi Spas 15盒型弹匣",
    "description" : "一个可拆卸塑料弹匣可用于Spas 15霰弹枪.  弹容量10发",
    "weight" : 210,
    "volume" : 2,
    "price" : 4500,
    "material" : "plastic",
    "symbol" : "#",
    "color" : "dark_gray",
    "ammo_type" : "shot",
    "capacity" : 10,
    "reliability" : 9,
    "reload_time" : 100,
    "flags": [ "MAG_COMPACT" ]
  },
  {
    "id" : "spas30mag",
    "type" : "MAGAZINE",
    "name" : "Franchi Spas 15 弹鼓",
    "description" : "一个可拆卸塑料弹匣可用于Spas 15霰弹枪.  弹容量30发",
    "weight" : 460,
    "volume" : 4,
    "price" : 11000,
    "material" : "plastic",
    "symbol" : "#",
    "color" : "dark_gray",
    "ammo_type" : "shot",
    "capacity" : 30,
    "reliability" : 8,
    "reload_time" : 130,
    "flags": [ "MAG_BULKY" ]
  },
 {
      "id": "ammolink762R",
      "copy-from": "ammolink",
      "type": "GENERIC",
      "name": "弹药带链接扣 (762R)",
      "use_action": {
        "type": "ammobelt",
        "belt": "belt762R"
      }
    },
	{
      "id": "ammolink22",
      "copy-from": "ammolink",
      "type": "GENERIC",
      "name": "弹药带链接扣 (22lr)",
      "use_action": {
        "type": "ammobelt",
        "belt": "belt22"
      }
    },
		{
      "id": "ammolink45",
      "copy-from": "ammolink",
      "type": "GENERIC",
      "name": "弹药带链接扣 (.45)",
      "use_action": {
        "type": "ammobelt",
        "belt": "belt45"
      }
    },
  {
    "id": "belt762R",
    "copy-from": "magazine_belt",
    "type": "MAGAZINE",
    "name": "7.62x54R 弹药带",
    "ammo_type": "762R",
    "capacity": 200,
    "count": 100,
    "linkage": "ammolink762R",
    "flags": [ "NO_RELOAD", "NO_UNLOAD", "MAG_DESTROY" ]
	},
	  {
    "id": "belt45",
    "copy-from": "magazine_belt",
    "type": "MAGAZINE",
    "name": ".45ACP 弹药带",
    "ammo_type": "45",
    "capacity": 250,
    "count": 100,
    "linkage": "ammolink45",
    "flags": [ "NO_RELOAD", "NO_UNLOAD", "MAG_DESTROY" ]
	},
	  {
    "id": "belt22",
    "copy-from": "magazine_belt",
    "type": "MAGAZINE",
    "name": ".22LR 弹药带",
    "ammo_type": "22",
    "capacity": 500,
    "count": 100,
    "linkage": "ammolink45",
    "flags": [ "NO_RELOAD", "NO_UNLOAD", "MAG_DESTROY" ]
	},
      {
    "id" : "lewiswhy",
    "type" : "MAGAZINE",
    "name" : "30-06弹盘",
    "description" : "一个丰盛的弹盘,适用于你的刘易斯机枪.",
    "weight" : 3200,
    "volume" : 7,
    "price" : 3600,
    "material" : "steel",
    "symbol" : "#",
    "color" : "ltgray",
    "ammo_type" : "3006",
    "capacity" : 97,
    "reliability" : 9,
    "reload_time" : 300,
    "flags": [ "MAG_BULKY" ]
  },
        {
    "id" : "dpwhy",
    "type" : "MAGAZINE",
    "name" : "7.62x54R 俄罗斯弹盘",
    "description" : "一个丰盛的弹盘,适用于你的DP机枪.",
    "weight" : 3200,
    "volume" : 7,
    "price" : 3600,
    "material" : "steel",
    "symbol" : "#",
    "color" : "ltgray",
    "ammo_type" : "762R",
    "capacity" : 60,
    "reliability" : 9,
    "reload_time" : 300,
    "flags": [ "MAG_BULKY" ]
  },
    {
    "id" : "blackout10",
    "type" : "MAGAZINE",
    "name" : "10发BLK弹匣",
    "description" : "一个紧凑的10发弹匣,适用于使用.300 AC BLK的步枪.",
    "weight" : 100,
    "volume" : 1,
    "price" : 6500,
    "material" : "steel",
    "symbol" : "#",
    "color" : "ltgray",
    "ammo_type" : ".300",
    "capacity" : 10,
    "reliability" : 9,
    "reload_time" : 100,
    "flags" : [ "MAG_COMPACT" ]
  },
  {
    "id" : "blackout30",
    "type" : "MAGAZINE",
    "name" : "30发BLK弹匣",
    "description" : "一个标准容量弹匣,适用于使用.300 AC BLK的步枪",
    "weight" : 360,
    "volume" : 2,
    "price" : 12000,
    "material" : "steel",
    "symbol" : "#",
    "color" : "ltgray",
    "ammo_type" : ".300",
    "capacity" : 30,
    "reliability" : 8,
    "reload_time" : 100,
    "flags" : [ "MAG_COMPACT" ]
  },
  {
    "id" : "460mag",
    "type" : "MAGAZINE",
    "name" : "M1911A1 .460 罗兰弹匣",
    "description" : "一个定制的7发弹匣,适用于M1911A1 .460 手枪.",
    "weight" : 70,
    "volume" : 1,
    "price" : 2980,
    "material" : "steel",
    "symbol" : "#",
    "color" : "ltgray",
    "ammo_type" : ".460",
    "capacity" : 7,
    "reliability" : 10,
    "reload_time" : 100,
    "flags": [ "MAG_COMPACT" ]
  },
  {
    "id" : "460mag2",
    "type" : "MAGAZINE",
    "name" : "M1911A1 .460 罗兰弹匣",
    "description" : "一个定制的10发弹匣,适用于M1911A1 .460 手枪.",
    "weight" : 120,
    "volume" : 2,
    "price" : 2980,
    "material" : "steel",
    "symbol" : "#",
    "color" : "ltgray",
    "ammo_type" : ".460",
    "capacity" : 10,
    "reliability" : 10,
    "reload_time" : 125,
    "flags": [ "MAG_COMPACT" ]
  }
]