[
  {
    "type" : "item_group",
    "id" : "guns_pistol_common",
    "//" : "Pistols commonly owned by citizens and found in many locations.",
    "items": [
	["browning_hp", 60],
	["sig_p226", 50],
	["sig_p227", 45],
	["px4_stormsub", 60],
	["m1911a1", 75],
	["sig_p224", 50],
	["sig_p220", 45]
    ]
  },
  {
    "type" : "item_group",
    "id" : "guns_pistol_rare",
    "//" : "Less common pistols including those only used by police/paramilitary forces.",
    "items": [
	["fn_fnp", 25],
	["fn_fnx", 25],
	["jericho_941", 25],
	["automag", 23],
	["colt_single_action_army", 12],
	["colt_python", 25],
	["ruger_blackhawk", 15],
	["colt_detective", 40]
	
    ]
  },
  {
    "type" : "item_group",
    "id" : "guns_pistol_obscure",
    "//" : "Imported or otherwise very obscure pistols.",
    "items": [
	["r51", 10],
	["t17", 10],
	["red9", 10],
	["p08-9", 10],
	["p08-45", 10],
	["browning_hp_uk", 1],
	["pedersen_device", 10]
    ]
  },
  {
    "type" : "item_group",
    "id" : "guns_pistol_improvised",
    "//" : "Makeshift or otherwise poor quality pistols.",
    "items": [
	["homebrewer_gun", 1]
    ]
  },
  {
    "type" : "item_group",
    "id" : "guns_smg_milspec",
    "//" : "Military specification SMGs only ever found at military sites.",
    "items": [
	["scrop_evo", 80],
	["bizon", 75]
    ]
  },
  {
    "type" : "item_group",
    "id" : "guns_smg_obscure",
    "//" : "Imported or otherwise very obscure SMGs.",
    "items": [
	["ppsh_clone", 60],
	["bm32", 60]
    ]
  },
  {
    "type" : "item_group",
    "id" : "guns_smg_improvised",
    "//" : "Makeshift or otherwise poor quality SMGs.",
    "items": [
	["homebrew_smg", 6]
    ]
  },
  {
    "type" : "item_group",
    "id" : "guns_rifle_common",
    "//" : "Rifles commonly owned by citizens and found in many locations.",
    "items": [
	["rem_model7600", 25],
	["m16a3", 18],
	["m16a4", 20],
	["m16", 10],
	["m16a1", 12],
	["m16a2", 16],
	["SMLEMK4", 16],
	["needle_rifle", 1],
	["mosin_finn", 10],
	["Enfield17", 5],
	["G98", 10]
    ]
  },
  {
    "type" : "item_group",
    "id" : "guns_rifle_milspec",
    "//" : "Military specification rifles only ever found at military sites.",
    "items": [
	["msbs", 55],
	["msbsb", 45],
	["styerscout", 45],
	["ax308", 15],
	["l96a1", 35],
	["dsr1", 25],
	["psg1", 60],
	["m110", 50],
	["fx_05", 25],
	["hk_g36c", 60],
	["m4sop", 85],
	["m4block", 55],
	["famas", 50],
	["fnminimi", 30],
	["mg3", 15],
	["svd", 25],
	["svu", 15],
	["honeybadger", 25]
    ]
  },
  {
    "type" : "item_group",
    "id" : "guns_rifle_obscure",
    "//" : "Imported or otherwise very obscure rifles.",
    "items": [
	["ak47", 75],
	["ak101", 45],
	["ak102", 45],
	["ak104", 45],
	["aks74", 55],
	["aks74u", 60],
	["ak12", 20],
	["ak12ussr", 30],
	["british_em2", 2],
	["scarl_uk", 1],
	["delisle", 2],
	["fg42", 5],
	["artyomrk95_tp", 1],
	["mg3_uk", 2],
	["rpd", 25],
	["lewisgun", 30],
	["rpk", 40],
	["pkm", 50],
	["bren", 25],
	["dplmg", 15],
	["needle_rifle", 10],
	["Type24", 50]
    ]
  },
  {
    "type" : "item_group",
    "id" : "guns_shotgun_common",
    "//" : "Shotguns commonly owned by citizens and found in many locations.",
    "items": [
	["mossberg_590a1", 55],
	["ithacam37", 75],
	["w1897", 20],
	["w1887", 15]
    ]
  },
  {
    "type" : "item_group",
    "id" : "guns_shotgun_rare",
    "//" : "Less common shotguns including those only used by police/paramilitary forces.",
    "items": [
	["striker", 45],
	["auto_assault12", 35],
	["auto5", 25],
	["spas12", 45],
	["usas12", 25],
	["spas15", 15]
    ]
  },
  {
    "type": "item_group",
    "id": "guns_common",
    "//": "Guns of all types commonly owned by citizens and found in many locations.",
    "items": [
      { "group": "guns_pistol_common", "prob": 100 },
      { "group": "guns_rifle_common", "prob": 20 },
      { "group": "guns_smg_common", "prob": 5 },
      { "group": "guns_shotgun_common", "prob": 40 }
    ]
  },
  {
    "type": "item_group",
    "id": "guns_rare",
    "//": "Less common guns of all types including those only used by police/paramilitary forces.",
    "items": [
      { "group": "guns_pistol_rare", "prob": 100 },
      { "group": "guns_smg_rare", "prob": 30 },
      { "group": "guns_rifle_rare", "prob": 70 },
      { "group": "guns_shotgun_rare", "prob": 70 }
    ]
  },
  {
    "type": "item_group",
    "id": "guns_milspec",
    "//": "Military specification guns of all types.",
    "items": [
      { "group": "guns_pistol_milspec", "prob": 50 },
      { "group": "guns_smg_milspec", "prob": 25 },
      { "group": "guns_rifle_milspec", "prob": 100 },
      { "group": "guns_shotgun_milspec", "prob": 25 }
    ]
  },
  {
    "type" : "item_group",
    "id" : "guns_obscure",
    "//" : "Imported or otherwise very obscure guns of all types.",
    "items": [
      { "group": "guns_pistol_obscure", "prob": 100 },
      { "group": "guns_smg_obscure", "prob": 30 },
      { "group": "guns_rifle_obscure", "prob": 70 },
      { "group": "guns_shotgun_obscure", "prob": 30 }
    ]
  },
  {
    "type" : "item_group",
    "id" : "guns_improvised",
    "//" : "Makeshift or otherwise poor quality guns of all types.",
    "items": [
      { "group": "guns_pistol_improvised", "prob": 80 },
      { "group": "guns_smg_improvised", "prob": 10 },
      { "group": "guns_rifle_improvised", "prob": 100 },
      { "group": "guns_shotgun_improvised", "prob": 100 }
    ]
  },
  {
    "type" : "item_group",
    "id" : "guns_cop",
    "//" : "Police issue weapons of all types",
    "items":[
    ["mossberg_590a1", 25],
	["ithacam37", 35],
    ["m16a1", 12],
	["m16a2", 16],
	["m16a3", 18],
	["m16a4", 20],
    ["hk_g36c", 15],
	["famas", 10],
    ["spas12", 10],
	["usas12", 5],
	["spas15", 8],
	["fnminimi", 10],
	["browning_hp", 10],
	["cz_52", 5],
	["cz_75", 10],
	["cz_83", 15],
	["fort12", 10],
	["fn_fnp", 5],
	["fn_fnx", 5]
    ]
  },
  {
    "type": "item_group",
    "id": "guns_swat",
    "//": "Guns issued to paramilitary forces in addition to standard police issue.",
    "items": [
    ["psg1", 10],
	["m16", 10],
	["m16a1", 12],
	["m16a2", 16],
	["m16a3", 18],
	["m16a4", 20],
	["m110", 10],
	["striker", 6],
	["auto_assault12", 3],
	["spas12", 10],
	["usas12", 5],
	["spas15", 8]
    ]
  },
  {
    "type": "item_group",
    "id": "guns_survival",
    "//": "Guns typically carried by survivors, either improvised or thematically appropriate.",
    "items": [
	["homebrew_smg", 25],
	["akm", 15],
	["ak101", 15],
	["ak102", 15],
	["ak104", 15],
	["m16", 10],
	["m16a1", 15],
	["m16a2", 20],
	["m16a3", 25],
	["m16a4", 30],
	["browning_hp", 30],
	["sig_p226", 25],
	["sig_p227", 25],
	["cz_52", 20],
	["cz_75", 10],
	["cz_83", 15],
	["fort12", 10],
	["glock_34", 20],
	["m1911a1", 30],
	["px4_stormsub", 20],
	["colt_detective", 25],
	["mossberg_590a1", 25],
	["ithacam37", 25],
	["w1897", 20],
	["w1887", 15],
    ["rem_model7600", 30],
	["sig_p224", 20],
	["needle_rifle", 10],
	["sig_p220", 15]
    ]
  },
  {
    "type" : "item_group",
    "id" : "gunxtras",
    "items":[
	["hybrid_sight", 5],
	["reflex_sight", 10],
	["reflex_sight2", 10],
	["reflex_sight3", 10],
	["reflex_sight4", 10],
	["reflex_sight5", 10],
	["reflex_sight6", 10],
	["reflex_sight7", 10],
	["gp-25", 5],
	["gp-30", 10],
	["bg-15", 3],
	["scope", 10],
	["scope2", 10],
	["scope3", 10],
	["scope4", 10],
	["scope5", 10],
	["460_muzzle_brake", 15],
	["retool_460", 20]
	]
  },
  {
    "type" : "item_group",
    "id" : "mags_military",
    "//" : "Older military magazines still in service.",
    "items": [
	  ["stanarg30", 20],
      ["stanarg50", 5],
	  [".30820mag", 5],
      [".30810mag", 10],
	  ["belt762R", 25],
	  ["40sawmag", 15],
	  ["fnfnp9mag", 15],
	  ["cz52magazine", 15],
	  ["cz75magazine", 15],
	  ["jerichomagazine", 15],
	  ["cz83magazine", 15],
	  ["fort12magazine", 15]
    ] 
  },
  {
    "type" : "item_group",
    "id" : "mags_pistol_rare",
    "//" : "Aftermarket or otherwise uncommon pistol magazines excluding milspec.",
    "items": [
	  ["stripperclip_45", 30],
	  ["stripperclip_9", 50],
	  ["p08_9mag", 20],
	  ["p08_45mag", 20],
	  ["460mag", 35],
	  ["460mag2", 25]
    ]
  },
  {
    "type" : "item_group",
    "id" : "mags_rifle_common",
    "//" : "Factory specification rifle magazines commonly owned by citizens.",
    "items": [
	  ["stanarg30", 10]
    ]
  },
  {
    "type" : "item_group",
    "id" : "mags_police",
    "//" : "Standard issue police magazines.",
    "items": [
      ["40sawmag", 15],
	  ["9r51", 15],
	  ["9x4", 15],
	  ["p220mag", 15],
	  ["p227mag", 15],
	  ["p226mag", 15],
	  ["fnfnp9mag", 15]
    ] 
  },
  {
    "type" : "item_group",
    "id" : "mags_shotgun_rare",
    "//" : "Aftermarket or otherwise uncommon pistol magazines excluding milspec.",
    "items": [
      [ "saiga10mag", 50 ],
      [ "saiga30mag", 10 ],
	  ["usas10mag", 50],
	  ["usas30mag", 10],
	  ["auto10mag", 25],
	  ["auto30mag", 5],
	  ["spas10mag", 50],
	  ["spas30mag", 10]
    ]
  },
  {
    "type" : "item_group",
    "id" : "ammo_pistol_rare",
    "//" : "Less common pistol ammmo including that only used by police/paramilitary forces.",
    "items": [
       [ ".460", 25 ]
    ]
  },
  {
    "type" : "item_group",
    "id" : "ammo_rifle_rare",
    "//" : "Less common rifle ammmo including that only used by police/paramilitary forces.",
    "items": [
	[".300", 45],
	["762_54R_incendiary", 45],
	[".3002", 35],
	["50api", 5]
    ]
  },
  {
    "type": "item_group",
    "id": "ammo_rifle_common",
    "//": "Rifle ammo commonly owned by citizens and found in many locations.",
    "items": [
      [ "Match_7.92mm", 10 ],
      [ ".303", 30 ],
	  [ "reloaded_308_match", 30 ],
	  [ "reloaded_303_match", 10 ],
	  [ "reloaded_22_quiet", 10 ],
	  [ "reloaded_556_match", 10],
	  [ "reloaded_3006_match", 20 ],
	  [ "reloaded_762ak_match", 5 ],
      [ "8mmMauser", 50 ]
    
    ]
  }
]