[
	{   "type" : "AMMO",
        "id" : ".380",
        "price" : 5000,
        "name" : ".380",
        "name_plural" : ".380",
        "symbol" : "=",
        "color" : "dark_gray",
        "description" : ".380是一种紧凑的手枪子弹. 仅用于紧凑型手枪或自制手枪.",
        "material" : ["steel", "powder"],
        "volume" : 1,
        "weight" : 2,
        "bashing" : 1,
        "to_hit" : 0,
        "ammo_type" : "380",
        "casing" : ".380_casing",
        "damage" : 18,
        "pierce" : 6,
        "range" : 16,
        "dispersion" : 120,
        "recoil" : 50,
        "count" : 50,
        "effects" : ["COOKOFF"]
    },
	{   "type" : "AMMO",
        "id" : ".380_casing",
        "category" : "spare_parts",
        "price" : 10000,
        "name" : ".380弹壳",
        "symbol" : "=",
        "color" : "yellow",
        "description" : "一个.380弹壳.",
        "material" : "steel",
        "volume" : 1,
        "weight" : 5,
        "bashing" : 1,
        "to_hit" : 0,
        "ammo_type" : "components",
        "damage" : 0,
        "pierce" : 0,
        "range" : 0,
        "dispersion" : 0,
        "recoil" : 0,
        "count" : 200
        },
		{
    "id": ".303",
    "type": "AMMO",
    "name": ".303英国",
    "description": ".303英国在北约集团弹药引入和标准化之前常用.它在弹道学方面大致类似于.308,但有边缘.",
    "weight": 18,
    "volume": 1,
    "price": 2200,
    "material": [ "brass", "powder" ],
    "symbol": "=",
    "color": "yellow",
    "count": 20,
    "stack_size": 20,
    "ammo_type": ".303",
    "casing": ".303_casing",
    "range": 65,
    "damage": 60,
    "pierce": 2,
    "dispersion": 15,
    "recoil": 3000,
    "effects": [ "COOKOFF" ]
  },
  	{   "type" : "AMMO",
        "id" : ".303_casing",
        "category" : "spare_parts",
        "price" : 10000,
        "name" : ".303 弹壳",
        "symbol" : "=",
        "color" : "yellow",
        "description" : "一个.303弹壳.",
        "material" : "brass",
        "volume" : 1,
        "weight" : 5,
        "bashing" : 1,
        "to_hit" : 0,
        "ammo_type" : "components",
        "damage" : 0,
        "pierce" : 0,
        "range" : 0,
        "dispersion" : 0,
        "recoil" : 0,
        "count" : 1
        },
    {
    "id": "reloaded_303",
    "copy-from": ".303",
    "type": "AMMO",
    "name": "复装.303英国",
    "proportional": {
      "price": 0.7,
      "damage": 0.9,
      "dispersion": 1.1
    },
    "extend": { "effects": [ "RECYCLED" ] },
    "delete": { "effects": [ "NEVER_MISFIRES" ] }
  },
    {
    "id": "reloaded_308_match",
    "copy-from": "308",
    "type": "AMMO",
    "name": "复装.308",
    "proportional": {
      "price": 2.0,
      "damage": 1.1,
      "dispersion": 0.8
    },
      "extend": { "effects": [ "RECYCLED", "NEVER_MISFIRES" ] }
  },
    {
    "id": "762_54R_incendiary",
    "copy-from": "762_54R",
    "type": "AMMO",
    "name": "7.62x54mmR API/高爆",
    "description": "最初被苏联防空武器使用,然后被狙击手用来摧毁法西斯轻型装甲.现在你得小心使用它,别太靠近你自己.",
	"pierce": 10,
    "extend": { "effects": [ "INCENDIARY", "EXPLOSIVE_SMALL" ] }
  },
	    {   
		"type" : "AMMO",
        "id" : ".300",
        "price" : 5000,
        "name" : ".300 BLK",
        "name_plural" : ".300 BLK",
        "symbol" : "=",
        "color" : "dark_gray",
        "description" : ".300 BLK,超音速步枪子弹,5.56的身材,7.62x39的威力. 非常致命.",
        "material" : ["steel", "powder"],
        "volume" : 1,
        "weight" : 2,
        "bashing" : 1,
        "to_hit" : 0,
        "ammo_type" : ".300",
        "casing" : ".300_casing",
        "damage" : 32,
        "pierce" : 8,
        "range" : 20,
        "dispersion" : 100,
        "recoil" : 430,
        "count" : 40,
        "effects" : ["COOKOFF"]
    },
		    {   
		"type" : "AMMO",
        "id" : ".3002",
        "price" : 10000,
        "name" : ".300 BLK 狙击弹",
        "name_plural" : ".300 BLK 狙击弹",
        "symbol" : "=",
        "color" : "dark_gray",
        "description" : ".300 BLK,超音速步枪子弹,5.56的身材,7.62x39的威力. 非常致命.",
        "material" : ["steel", "powder"],
        "volume" : 1,
        "weight" : 3,
        "bashing" : 1,
        "to_hit" : 0,
        "ammo_type" : ".300",
        "casing" : ".300_casing",
        "damage" : 48,
        "pierce" : 16,
        "range" : 40,
        "dispersion" : 110,
        "recoil" : 450,
        "count" : 20,
        "effects" : ["COOKOFF"]
    },
	{
    "id": "reloaded_.300",
    "copy-from": ".300",
    "type": "AMMO",
    "name": "复装 .300 BLK",
    "name_plural": "复装 .300 BLK",
    "proportional": {
        "price": 0.7,
        "damage": 0.9,
        "dispersion": 1.1
    },
    "extend": { "effects": [ "RECYCLED" ] },
    "delete": { "effects": [ "NEVER_MISFIRES" ] }
  },
  {
    "id": "reloaded_.3002",
    "copy-from": ".3002",
    "type": "AMMO",
    "name": "复装 .300 BLK 狙击弹",
    "name_plural": "复装 .300 BLK 狙击弹",
    "proportional": {
        "price": 0.8,
        "damage": 0.9,
        "dispersion": 1.1
    },
    "extend": { "effects": [ "RECYCLED" ] },
    "delete": { "effects": [ "NEVER_MISFIRES" ] }
  },
	{   "type" : "AMMO",
        "id" : ".300_casing",
        "category" : "spare_parts",
        "price" : 10000,
        "name" : ".300 BLK 弹壳",
        "symbol" : "=",
        "color" : "yellow",
        "description" : "一枚.300 BLK 弹壳.",
        "material" : "steel",
        "volume" : 1,
        "weight" : 5,
        "bashing" : 1,
        "to_hit" : 0,
        "ammo_type" : "components",
        "damage" : 0,
        "pierce" : 0,
        "range" : 0,
        "dispersion" : 0,
        "recoil" : 0,
        "count" : 200
    },
	{
    "type": "AMMO",
    "id": ".460",
    "name": ".460 罗兰",
    "name_plural": ".460 罗兰",
    "description": ".460罗兰是用于M1911等手枪的.45轮的改良版. .460是一个进化的步骤,因为它具有更强大的威力和更快的速度,然后.45使它成为世界上最强大的半自动手枪之一.",
    "weight": 10,
    "volume": 1,
    "price": 2000,
    "count": 30,
    "stack_size": 30,
    "material": [ "steel", "powder" ],
    "symbol": "=",
    "color": "yellow",
    "ammo_type": ".460",
    "casing": "45_casing",
    "damage": 40,
    "range": 16,
    "pierce": 5,
    "dispersion": 110,
    "recoil": 290,
    "effects": [ "COOKOFF" ]
  },
  {
    "id": "reloaded_.460",
    "copy-from": ".460",
    "type": "AMMO",
    "name": "复装 .460 罗兰",
    "name_plural": "复装 .460 罗兰",
    "proportional": {
        "price": 0.7,
        "damage": 0.9,
        "dispersion": 1.1
    },
    "extend": { "effects": [ "RECYCLED" ] },
    "delete": { "effects": [ "NEVER_MISFIRES" ] }
  },
  		{
    "id": "8mmMauser",
    "type": "AMMO",
    "name": "8mm 毛瑟弹",
    "description": "8mm 毛瑟以其目前的形式于1903年推出,是有史以来最着名和最多产的子弹之一. 它的用户从中国延伸到智利,至今仍在使用.",
    "weight": 18,
    "volume": 1,
    "price": 2200,
    "material": [ "brass", "powder" ],
    "symbol": "=",
    "color": "yellow",
    "count": 20,
    "stack_size": 20,
    "ammo_type": "7.92mm",
    "casing": "8mm_casing",
    "range": 65,
    "damage": 55,
    "pierce": 2,
    "dispersion": 11,
    "recoil": 3100,
    "effects": [ "COOKOFF" ]
  },
  	{   "type" : "AMMO",
        "id" : "8mm_casing",
        "category" : "spare_parts",
        "price" : 10000,
        "name" : "8mm毛瑟弹弹壳",
        "symbol" : "=",
        "color" : "yellow",
        "description" : "一枚8mm毛瑟弹弹壳.",
        "material" : "brass",
        "volume" : 1,
        "weight" : 5,
        "bashing" : 1,
        "to_hit" : 0,
        "ammo_type" : "components",
        "damage" : 0,
        "pierce" : 0,
        "range" : 0,
        "dispersion" : 0,
        "recoil" : 0,
        "count" : 1
  },
	{
    "id": "reloaded_7.92mm",
    "copy-from": "8mmMauser",
    "type": "AMMO",
    "name": "复装8mm毛瑟弹",
    "proportional": {
      "price": 0.7,
      "damage": 0.9,
      "dispersion": 1.1
    },
    "extend": { "effects": [ "RECYCLED" ] },
    "delete": { "effects": [ "NEVER_MISFIRES" ] }
  },
  {
    "id": "reloaded_303_match",
    "copy-from": ".303",
    "type": "AMMO",
    "name": "复装.303",
    "proportional": {
      "price": 2.0,
      "damage": 1.1,
      "dispersion": 0.8
    },
      "extend": { "effects": [ "RECYCLED", "NEVER_MISFIRES" ] }
  },
  {
    "id": "50api",
    "copy-from": "50bmg",
    "type": "AMMO",
    "name": ".50BMG - 高爆",
    "//": "$30+/shot thanks to tight regulation, one way or another.",
    "price": 15000,
	"description" : "这种弹药可以轻易地将轻目标炸开,在世界各地被用作器材弹药.",
    "count": 5,
    "damage": 110,
    "pierce": 12,
    "extend": { "effects": [ "EXPLOSIVE_SMALL" ] }
  },
    {
    "id": "reloaded_556_match",
    "copy-from": "556",
    "type": "AMMO",
    "name": "复装5.56 NATO",
	"description" : "手动复装的5.56北约子弹.精度和威力有所降低,非常好制造-但相当昂贵.",
    "proportional": {
      "price": 2.0,
      "damage": 1.1,
      "dispersion": 0.8
    },
      "extend": { "effects": [ "RECYCLED", "NEVER_MISFIRES" ] }
  },
    {
    "id": "reloaded_3006_match",
    "copy-from": "3006",
    "type": "AMMO",
    "name": "复装.30-06",
	"description" : "手动复装的.30-06子弹.精度和威力有所降低,非常好制造-但相当昂贵.",
    "proportional": {
      "price": 2.0,
      "damage": 1.1,
      "dispersion": 0.8
    },
      "extend": { "effects": [ "RECYCLED", "NEVER_MISFIRES" ] }
  },
    {
    "id": "reloaded_762ak_match",
    "copy-from": "762_m87",
    "type": "AMMO",
    "name": "复装7.62x39mm",
	"description" : "7.62 x39mm子弹.精度和威力有所降低,非常好制造-但相当昂贵.基于M87装载.",
    "proportional": {
      "price": 2.0,
      "damage": 1.1,
      "dispersion": 0.8
    },
      "extend": { "effects": [ "RECYCLED", "NEVER_MISFIRES" ] }
  },
    {
    "id": "reloaded_22_quiet",
    "copy-from": "22_lr",
    "type": "AMMO",
    "name": ".22 Zimmerpatronen",
	"description" : "一种非常安静,非常轻的22LR子弹,适合在没有耳朵保护时的室内练习.枪比弹药响.在美国手工制作的.",
    "proportional": {
      "price": 2.0,
      "damage": 0.8,
      "dispersion": 1.1,
	  "range": 0.8,
	  "recoil": 0.01,
	  "loudness": 0.01
    },
      "extend": { "effects": [ "RECYCLED", "NEVER_MISFIRES" ] }
  },
  {
    "id": "reloaded_545_match",
    "copy-from": "545",
    "type": "AMMO",
    "name": "复装5.45x39",
	"description" : "手动复装的5.45x39子弹. 精度和威力有所降低,非常好制造-但相当昂贵.",
    "proportional": {
      "price": 2.0,
      "damage": 1.1,
      "dispersion": 0.8
    },
      "extend": { "effects": [ "RECYCLED", "NEVER_MISFIRES" ] }
  },
  {
    "id": "Match_7.92mm",
    "copy-from": "8mmMauser",
    "type": "AMMO",
    "name": "复装8mm 毛瑟",
	"description" : "手动复装的8mm毛瑟子弹. 精度和威力有所降低,非常好制造-但相当昂贵.",
    "proportional": {
      "price": 1.9,
      "damage": 1.1,
      "dispersion": 0.8
    },
    "extend": { "effects": [ "RECYCLED", "NEVER_MISFIRES" ] }
  }
]
