<?xml version="1.0" encoding="utf-8" ?>
<lang id="zh_CN" name="简体中文" font="font/Zfull.fnt" version="2.0.7">
	<section id="common">
		<text id="mods">模组</text>
		<text id="newgame">新的游戏</text>
		<text id="continue">继续</text>
		<text id="options">设置</text>
		<text id="exit">退出</text>
		<text id="forums">社区</text>
		<text id="credits">关于</text>
	</section>
	<section id="options">
		<text id="achievements">成就</text>
	</section>
	<section id="warning">
		<text id="focus">点击返回游戏</text>
	</section>
	<section id="multiplayer">
		<text id="multiplayer">多人游戏</text>
	</section>
</lang>