[
  {
    "type": "MOD_INFO",
    "id": "Demo_sacrifice",
    "name": "大魔法扩展包:法阵祭献[<color_yellow>Demo</color>]",
    "authors": [ "Aunt_Su | 苏大妈#7831" ],
    "maintainers": [ "维护?想得美" ],
    "description": "法阵祭献体系功能实验模板.",
    "category": "content",
    "dependencies": [ "dda","magiclysm" ]
  },
  {
    "type": "mod_tileset",
    "compatibility": [ "UNDEAD_PEOPLE_BASE", "UNDEAD_PEOPLE", "MshockXottoplus" ],
    "tiles-new": [
      {
        "file": "64x64.png",
		"sprite_width":64,
		"sprite_height":64,
		"sprite_offset_x":-16,
		"sprite_offset_y":-21,
        "tiles": [
          { "id": "f_magic_circle_sacrifice", "fg": 0, "rotates": false },
          { "id": "f_magic_circle_sacrifice_d", "fg": 1, "rotates": false }
        ]
      }
	]
  }
]
