[
  {
    "type": "tool_quality",
    "id": "circle_sacrifice",
    "//": "魔法阵假物品的工具等级",
    "name": { "str": "灵魂祭献" }
  },
  {
    "type": "construction_category",
    "id": "z_draw_circle",
    "//": "建筑菜单分类",
    "name": "法阵"
  },
  {
    "type": "ammunition_type",
    "id": "eternity_powder",
    "//": "粉笔的弹药类型",
    "name": "彼岸粉末",
    "default": "eternity_powder"
  },
  {
    "type": "AMMO",
    "id": "eternity_powder",
    "//": "粉笔的弹药",
    "name": { "str_sp": "彼岸粉末" },
    "symbol": "~",
    "description": " 由魔法粉尘和骨粉制成的彼岸粉末.",
    "volume": "1 ml",
    "weight": "1 mg",
    "color": "white",
    "flags": [ "TRADER_AVOID" ],
    "phase": "liquid",
    "ammo_type": "eternity_powder"
  },
  {
    "id": "meal_bone_ritual_chalk",
    "type": "TOOL",
    "//": "用于绘制法阵的工具耗材",
    "name": { "str": "彼岸仪式粉笔" },
    "description": "一根白色的仪式粉笔,用于绘制法阵.",
    "weight": "50 g",
    "volume": "20 ml",
    "price": 500,
    "price_postapoc": 100,
    "material": [ "bone", "powder" ],
    "symbol": ",",
    "color": "white",
    "initial_charges": 100,
    "max_charges": 100,
    "pocket_data": [ { "pocket_type": "MAGAZINE", "ammo_restriction": { "eternity_powder": 100 }, "watertight": true, "rigid": true } ],
    "flags": [ "NO_RELOAD", "NO_UNLOAD" ]
  },
  {
    "type": "recipe",
    "//": "粉笔的合成配方",
    "activity_level": "fake",
    "result": "meal_bone_ritual_chalk",
    "tools": [ [ [ "mortar_pestle", -1 ] ] ],
    "qualities": [ { "id": "CONTAIN", "level": 1 }, { "id": "MANA_INFUSE", "level": 1 }, { "id": "MANA_FOCUS", "level": 1 } ],
    "components": [ [ [ "mana_dust", 2 ] ], [ [ "meal_bone", 2 ] ], [ [ "ash", 2 ] ] ],
    "time": "20 m",
    "skill_used": "fabrication",
    "difficulty": 1,
    "skills_required": [ "spellcraft", 2 ],
    "category": "CC_ENCHANTED",
    "subcategory": "CSC_ENCHANTED_TOOLS",
    "autolearn": true
  },
  {
    "type": "furniture",
    "id": "f_magic_circle_sacrifice",
    "//": "法阵",
    "name": "灵魂祭献法阵",
    "description": "一个使用彼岸仪式粉笔绘制的灵魂祭献法阵.",
    "move_cost_mod": 0,
    "symbol": "O",
    "color": "white",
    "required_str": -1,
    "flags": [  "TRANSPARENT", "ALLOW_FIELD_EFFECT" ],
	"crafting_pseudo_item": "pseudo_f_magic_circle_sacrifice"
  },
  {
    "type": "furniture",
    "id": "f_magic_circle_sacrifice_d",
    "//": "使用过的法阵",
    "name": "灵魂祭献法阵(黯淡)",
    "description": "一个失去了法力的灵魂祭献法阵.",
    "move_cost_mod": 0,
    "symbol": "O",
    "color": "white",
    "required_str": -1,
    "flags": [  "TRANSPARENT", "ALLOW_FIELD_EFFECT" ],
	"crafting_pseudo_item": "pseudo_f_magic_circle_sacrifice"
  },
  {
    "type": "TOOL",
    "//": "用于法阵提供工具等级的假物品",
    "id": "pseudo_f_magic_circle_sacrifice",
    "name": { "str_sp": "灵魂祭献法阵" },
    "symbol": ".",
    "description": " 灵魂祭献法阵假物品.",
    "volume": "1 ml",
    "weight": "1 mg",
    "color": "white",
    "qualities": [ [ "circle_sacrifice", 1 ] ],
    "flags": [ "NO_SALVAGE", "ALLOWS_REMOTE_USE" ]
  },
  {
    "type": "construction",
    "//": "建筑选项的绘制法阵",	
    "group": "draw_circle_f_magic_circle_sacrifice",
    "id": "draw_circle_f_magic_circle_sacrifice",
    "description": "灵魂祭献法阵",
    "category": "z_draw_circle",
    "required_skills": [ [ "spellcraft", 3 ] ],
    "time": "10 m",
	"tools": [ [ [ "meal_bone_ritual_chalk", 20 ] ] ],
    "pre_note": "用于灵魂仪式.",
    "pre_special": "check_empty",
    "post_terrain": "f_magic_circle_sacrifice"
  },
  {
    "type": "construction_group",
    "//": "新版必须的拆解物品组与建筑菜单显示的名字",	
    "id": "draw_circle_f_magic_circle_sacrifice",
    "name": "绘制法阵:彼岸-祭献"
  },
  {
    "type": "TOOL",
    "id": "sacrifice_doll",
	"looks_like": "straw_doll",
    "//": "祭献娃娃,激活要求法阵的工具等级并转换成施法物品",
    "symbol": "o",
    "color": "light_gray",
    "name": { "str": "\"尖啸者\"祭献娃娃(空)" },
    "description": "<color_red>▮</color>\"尖啸者\"祭献娃娃 (<color_red>邪恶</color>)<color_dark_gray>\r\n   「*嘿嘿嘿嘿嘿嘿*」「我们需要一位幸运观众」\r\n   「你这个邪恶的家伙!」\r\n─────────────────────────────────────────────\r\n一枚用于祭献仪式的娃娃.\r\n─────────────────────────────────────────────</color>\r\n  <color_red>邪恶度</color>          <good>■■■■■■■■■■</good>□□□□□□□□□□   5<color_dark_gray>\r\n─────────────────────────────────────────────\r\n使用方法:\r\n  使用<stat>彼岸仪式粉笔</stat>在地面绘制一个<stat>灵魂祭献法阵</stat>.\r\n  静待一个月黑风高的<stat>晚上</stat>.\r\n  邀请一名<stat>幸运观众</stat>站于<stat>灵魂祭献法阵</stat>中心.\r\n  使用<stat>祭献娃娃</stat>并祭献<stat>幸运观众</stat>.\r\n─────────────────────────────────────────────</color>\r\n      [<good>w</good>]装备      [<bad>a</bad>]祭献      [<info>esc</info>]返回\r\n<color_dark_gray>─────────────────────────────────────────────</color>\r\n\r\n\r\n\r\n\r\n\r\n\r\n\r\n\r\n\r\n\r\n\r\n\r\n\r\n\r\n\r\n\r\n\r\n\r\n\r\n\r\n\r\n\r\n\r\n\r\n\r\n\r\n\r\n\r\n\r\n\r\n\r\n\r\n\r\n\r\n\r\n\r\n",
    "price": 100,
    "price_postapoc": 0,
    "material": [ "paper" ],
    "weight": "80 g",
    "volume": "500 ml",
    "flags": [ "BOMB", "ALWAYS_TWOHAND" ],
    "use_action": {
      "menu_text": "进行祭献仪式",
      "type": "transform",
      "target": "sacrifice_doll_a",
      "qualities_needed": { "circle_sacrifice": 1 },
	  "target_charges": 1,
	  "active": true,
	  "move": 1,
      "msg": "你执行了祭献仪式."
    }
  },
  {
    "type": "TOOL",
    "id": "sacrifice_doll_a",
	"looks_like": "straw_doll",
    "//": "祭献娃娃触发的施法物品,使用后消失,为了施法后不保留娃娃",	
    "symbol": "o",
    "color": "light_gray",
    "name": { "str": "\"尖啸者\"祭献娃娃(空)" },
    "description": "一个祭献娃娃.",
    "price": 100,
    "price_postapoc": 0,
    "material": [ "paper" ],
    "weight": "80 g",
    "volume": "500 ml",
    "initial_charges": 1,
    "max_charges": 1,
    "turns_per_charge": 1,
    "use_action": { "type": "cast_spell", "spell_id": "banishment_hulk", "no_fail": true, "level": 1 }
  },
  {
    "type": "recipe",
    "//": "祭献娃娃的合成配方",	
    "activity_level": "fake",
    "result": "sacrifice_doll",
    "qualities": [ { "id": "MANA_INFUSE", "level": 1 }, { "id": "MANA_FOCUS", "level": 1 } ],
    "components": [ [ [ "mana_infused_blood", 1 ] ], [ [ "mana_dust", 1 ] ], [ [ "straw_pile", 1 ] ] ],
    "time": "30 m",
    "skill_used": "fabrication",
    "difficulty": 2,
    "skills_required": [ "spellcraft", 3 ],
    "category": "CC_ENCHANTED",
    "subcategory": "CSC_ENCHANTED_TOOLS",
    "autolearn": true
  },
  {
    "id": "banishment_hulk",
    "//": "500伤害的法术,用于祭献,仅可在祭献法阵旁施法",	
    "type": "SPELL",
    "name": "祭献",
    "description": "祭献一个幸运观众,获得力量.",
    "valid_targets": [ "hostile", "ally" ],
    "effect": "attack",
    "shape": "blast",
    "damage_type": "pure",
    "min_damage": 500,
    "max_damage": 500,
    "min_range": 1,
    "max_range": 1,
    "base_energy_cost": 100,
    "difficulty": 1,
    "max_level": 1,
    "base_casting_time": 100,
    "energy_source": "MANA",
    "flags": [ "SOMATIC", "VERBAL" ],
    "extra_effects": [ { "id": "mon_summon_frog" },{ "id": "move_mg_circle" } ]
  },
  {
    "type": "SPELL",
    "id": "mon_summon_frog",
    "//": "祭献后生成怪物的法术",
    "name": "祭献召唤",
    "description": "召唤一只怪物",
    "flags": [ "PERMANENT", "NO_PROJECTILE" ],
    "valid_targets": [ "hostile", "ground" ],
    "min_damage": 1,
    "max_damage": 1,
    "min_range": 1,
    "max_range": 1,
    "min_aoe": 0,
    "max_aoe": 0,
    "base_casting_time": 100,
    "shape": "blast",
    "effect": "summon",
    "effect_str": "mon_aaaaaaaa"
  },
  {
    "id": "move_mg_circle",
    "type": "SPELL",
    "name": "法阵转换",
    "//": "法阵转换,备用留空f_null",
    "description": "把法阵变成破损法阵。",
    "valid_targets": [ "hostile", "ally", "ground", "self" ],
    "flags": [ "SOMATIC", "LOUD", "NO_PROJECTILE" ],
    "min_aoe": 3,"max_aoe": 3,
    "min_damage": 1,"max_damage": 1,
    "difficulty": 1,"max_level": 1,
    "min_range": 1,"max_range": 1,
    "base_casting_time": 100,
    "shape": "blast",
    "effect": "ter_transform",
    "effect_str": "move_mgcircle"
  },
  {
    "type": "ter_furn_transform",
    "id": "move_mgcircle",
    "furniture": [ { "result": "f_magic_circle_sacrifice_d", "valid_furniture": [ "f_magic_circle_sacrifice" ], "message": "法阵失去了能量!" } ]
  },
  {
    "id": "mon_aaaaaaaa",
    "//": "祭献后生成的怪物",
    "type": "MONSTER",
	"looks_like": "mon_darkman",
    "name": { "str": "尖啸者" },
    "description": "A gigantic shadow, chaotically changing in shape and volume.  Two piercing orbs of light dominate what can only be described as its head.",
    "default_faction": "nether",
    "species": [ "NETHER" ],
    "diff": 2,
    "volume": "875000 ml",
    "weight": "100 kg",
    "hp": 200,
    "speed": 100,
    "symbol": "S",
    "color": "dark_gray",
    "aggression": 2,
    "morale": 500,
    "melee_skill": 6,
    "melee_dice": 3,
    "melee_dice_sides": 8,
    "melee_cut": 3,
    "dodge": 5,
    "armor_bash": 12,
    "armor_cut": 8,
    "armor_bullet": 6,
    "vision_day": 50,
    "luminance": 6,
    "harvest": "exempt",
    "special_attacks": [ [ "DARKMAN", 5 ], [ "scratch", 15 ] ],
    "death_function": [ "DISAPPEAR" ],
	"death_drops": "item_group_aaaaaa",
    "revert_to_itype": "sacrifice_doll_aaaaaa",
    "regenerates_in_dark": true,
    "flags": [ "NOHEAD", "HARDTOSHOOT", "WEBWALK", "FLIES", "PLASTIC", "ELECTRIC", "ACIDPROOF", "SUNDEATH", "NO_BREATHE" ]
  },
  {
    "id": "item_group_aaaaaa",
    "//": "怪物的掉落物品组",
    "type": "item_group",
	"item": "sacrifice_doll_aaaaaa"
  },
  {
    "type": "TOOL",
    "id": "sacrifice_doll_aaaaaa",
	"looks_like": "straw_doll",
    "//": "祭献娃娃,用于回收再召唤尖啸者的玩意",
    "symbol": "o",
    "color": "light_gray",
    "name": { "str": "\"尖啸者\"祭献娃娃" },
    "description": "一个祭献娃娃.",
    "price": 100,
    "price_postapoc": 0,
    "material": [ "paper" ],
    "weight": "80 g",
    "volume": "500 ml",
    "flags": [ "ALWAYS_TWOHAND" ],
	"use_action": {
      "type": "place_monster",
      "monster_id": "mon_aaaaaaaa",
	  "place_randomly": false,
      "friendly_msg": "你召唤了尖啸者",
      "difficulty": 0,
      "moves": 100
	  }
  }
]
