[
  {
    "id": "flintlock_ammo_mine",
    "type": "AMMO",
    "name": "长纸卷弹",
    "//": "meant as a companion to the Survivor's Flintlock Sniper.",
    "description": "一种含有黑色粉末和迷你弹头的纸卷弹筒.美国内战时期炮弹的迷你版本.这种迷你弹头仍然像以前一样致命和准确.",
    "weight": 86,
    "volume": 2,
    "price": 5000,
    "to_hit": 0,
    "bashing": 1,
    "material": [ "steel", "powder" ],
    "symbol": "=",
    "color": "white",
    "count": 25,
    "ammo_type": "flintlock",
    "range": 25,
    "damage": 50,
    "dispersion": 100,
    "recoil": 350,
    "effects": [ "COOKOFF" ]
  }
]
