[
  {
    "id": "surv_223_mag",
    "type": "MAGAZINE",
    "name": "幸存者.223弹匣",
    "//": "Allows more storage options.",
    "description": "一个为幸存者.223 突击步枪而制的弹匣.",
    "weight": 400,
    "volume": 2,
    "price": 8000,
    "material": "steel",
    "symbol": "#",
    "color": "ltgray",
    "ammo_type": "223",
    "capacity": 20,
    "reliability": 8,
    "reload_time": 100,
    "flags": [ "MAG_COMPACT" ]
  },
  {
    "id": "surv_762_mag",
    "type": "MAGAZINE",
    "name": "幸存者7.62x39弹匣",
    "description": "一个为幸存者7.62x39突击步枪而制的弹匣.",
    "weight": 400,
    "volume": 2,
    "price": 8000,
    "material": "steel",
    "symbol": "#",
    "color": "ltgray",
    "ammo_type": "762",
    "capacity": 20,
    "reliability": 8,
    "reload_time": 100,
    "flags": [ "MAG_COMPACT" ]
  },
  {
    "id": "surv_308_mag",
    "type": "MAGAZINE",
    "name": "幸存者.308弹匣",
    "description": "一个为幸存者.308突击步枪而制的弹匣.",
    "weight": 400,
    "volume": 2,
    "price": 8000,
    "material": "steel",
    "symbol": "#",
    "color": "ltgray",
    "ammo_type": "308",
    "capacity": 20,
    "reliability": 8,
    "reload_time": 100,
    "flags": [ "MAG_COMPACT" ]
  },
  {
    "id": "surv_12_mag",
    "type": "MAGAZINE",
    "name": "幸存者12 Gauge弹匣",
    "//": "Requires special Pouch.",
    "description": "一个为幸存者全自动霰弹枪而制的弹匣.",
    "weight": 450,
    "volume": 3,
    "price": 8000,
    "material": "steel",
    "symbol": "#",
    "color": "ltgray",
    "ammo_type": "shot",
    "capacity": 10,
    "reliability": 8,
    "reload_time": 100,
    "flags": [ "MAG_BULKY" ]
  },
  {
    "id": "surv_9mm_mag",
    "type": "MAGAZINE",
    "name": "幸存者9mm弹匣",
    "description": "一个为幸存者9mm冲锋枪而制的弹匣.",
    "weight": 200,
    "volume": 1,
    "price": 8000,
    "material": "steel",
    "symbol": "#",
    "color": "ltgray",
    "ammo_type": "9mm",
    "capacity": 32,
    "reliability": 10,
    "reload_time": 100,
    "flags": [ "MAG_COMPACT" ]
  },
  {
    "id": "surv_45_mag",
    "type": "MAGAZINE",
    "name": "幸存者45弹匣",
    "description": "一个为幸存者.45冲锋枪而制的弹匣.",
    "weight": 200,
    "volume": 1,
    "price": 8000,
    "material": "steel",
    "symbol": "#",
    "color": "ltgray",
    "ammo_type": "45",
    "capacity": 32,
    "reliability": 10,
    "reload_time": 100,
    "flags": [ "MAG_COMPACT" ]
  },
  {
    "id": "surv_22_mag",
    "type": "MAGAZINE",
    "name": "幸存者22弹匣",
    "description": "一个为幸存者.22冲锋枪而制的弹匣.",
    "weight": 200,
    "volume": 1,
    "price": 8000,
    "material": "steel",
    "symbol": "#",
    "color": "ltgray",
    "ammo_type": "22",
    "capacity": 32,
    "reliability": 10,
    "reload_time": 100,
    "flags": [ "MAG_COMPACT" ]
  },
  {
    "id": "surv_belt_223",
    "type": "MAGAZINE",
    "name": "幸存者.223子弹带",
    "description": "一条为幸存者.223而制的子弹带. 使用时弹链节会解体.",
    "weight": 0,
    "volume": 0,
    "price": 0,
    "rigid": false,
    "material": "steel",
    "symbol": "#",
    "color": "ltgray",
    "ammo_type": "223",
    "capacity": 80,
    "count": 80,
    "reliability": 5,
    "flags": [ "NO_RELOAD", "NO_UNLOAD", "MAG_DESTROY" ]
  },
  {
    "id": "surv_belt_762",
    "type": "MAGAZINE",
    "name": "幸存者7.62x39子弹带",
    "description": "一条为幸存者7.62x39而制的子弹带. 使用时弹链节会解体.",
    "weight": 0,
    "volume": 0,
    "price": 0,
    "rigid": false,
    "material": "steel",
    "symbol": "#",
    "color": "ltgray",
    "ammo_type": "762",
    "capacity": 80,
    "count": 80,
    "reliability": 5,
    "flags": [ "NO_RELOAD", "NO_UNLOAD", "MAG_DESTROY" ]
  },
  {
    "id": "surv_belt_308",
    "type": "MAGAZINE",
    "name": "幸存者.308子弹带",
    "description": "一条为幸存者.308而制的子弹带. 使用时弹链节会解体.",
    "weight": 0,
    "volume": 0,
    "price": 0,
    "rigid": false,
    "material": "steel",
    "symbol": "#",
    "color": "ltgray",
    "ammo_type": "308",
    "capacity": 80,
    "count": 80,
    "reliability": 5,
    "flags": [ "NO_RELOAD", "NO_UNLOAD", "MAG_DESTROY" ]
  }
]
