[
  {
    "type": "TOOL",
    "id": "unbio_bladed_weapon",
    "name": "单分子刀",
    "description": "一种用高科技合金制成的长柄小刀,用实验研发的纳米晶镀层.无缝焊接的金属把手和护手让你可以牢牢地握住它.",
    "weight": 250,
    "to_hit": 3,
    "color": "dark_gray",
    "symbol": "{",
    "material": [
      "superalloy",
      "steel"
    ],
    "techniques": [
      "WBLOCK_1"
    ],
    "volume": 4,
    "bashing": 8,
    "cutting": 36,
    "flags": [
      "NON_STUCK",
      "STAB",
      "UNBREAKABLE_MELEE", 
      "SHEATH_KNIFE"
    ],
    "price": 420000,
    "qualities": [
      [
        "CUT",
        1
      ],
      [
        "BUTCHER",
        22
      ]
    ],
    "gunmod_data": {
      "location": "underbarrel",
      "mod_targets": [ "shotgun", "rifle", "smg", "crossbow" ],
      "dispersion_modifier": 8,
      "mode_modifier": [ [ "REACH", "bayonet", 2, [ "MELEE" ] ] ],
      "min_skills": [ [ "weapon", 2 ], [ "melee", 1 ] ]
    }
  },
  {
    "type": "TOOL",
    "id": "unbio_sword_weapon",
    "name": "单分子剑",
    "description": "一种由高科技合金制成的长剑,用实验研发的纳米晶镀层.无缝焊接的金属把手和护手让你可以牢牢地握住它.",
    "weight": 250,
    "to_hit": 3,
    "color": "dark_gray",
    "symbol": "{",
    "material": [
      "superalloy",
      "steel"
    ],
    "techniques": [
      "RAPID",
      "WBLOCK_2"
    ],
    "volume": 10,
    "bashing": 8,
    "cutting": 48,
    "flags": [
      "NON_STUCK",
      "STAB",
      "UNBREAKABLE_MELEE", 
      "SHEATH_SWORD"
    ],
    "price": 420000,
    "qualities": [
      [
        "CUT",
        1
      ],
      [
        "BUTCHER",
        22
      ]
    ],
    "gunmod_data": {
      "location": "underbarrel",
      "mod_targets": [ "shotgun", "rifle" ],
      "dispersion_modifier": 10,
      "mode_modifier": [ [ "REACH", "bayonet", 2, [ "MELEE" ] ] ],
      "min_skills": [ [ "weapon", 2 ], [ "melee", 1 ] ]
    }
  },
  {
    "type": "TOOL",
    "id": "unbio_claws_weapon",
    "name": "仿生爪指节套",
    "name_plural": "仿生爪指节套",
    "description": "由金属焊接而成的短而锋利的利爪.轻而快,挥舞着他们让你感觉自己拳拳生风.",
    "weight": 2,
    "to_hit": 4,
    "color": "light_gray",
    "symbol": "{",
    "material": [
      "superalloy",
      "steel"
    ],
    "volume": 2,
    "bashing": 10,
    "cutting": 16,
    "flags": [
      "STAB",
      "UNARMED_WEAPON",
      "UNBREAKABLE_MELEE"
    ],
    "price": 420000,
    "qualities": [
      [
        "BUTCHER",
        12
      ]
    ]
  },
  {
    "type": "TOOL",
    "id": "flesh_blade",
    "name": "生物剑",
    "description": "用金属包裹的皮肉和骨头制成的一英尺长剑.它的刀刃由锋利的锯齿状突起组成.由于它的护手形状特殊,它的骨头把手很适合手握.握着它可以让你感觉很强大……而随着时间的推移,这种感觉会变得更加强烈.",
    "weight": 680,
    "to_hit": 4,
    "max_charges": 3,
    "initial_charges": 0,
    "charges_per_use": 1,
    "turns_per_charge": 0,
    "ammo": "NULL",
    "revert_to": "null",
    "color": "dark_red",
    "symbol": "/",
    "material": [
      "flesh",
      "steel"
    ],
    "techniques": [
      "WBLOCK_1"
    ],
    "volume": 4,
    "bashing": 8,
    "cutting": 40,
    "flags": [
      "STAB",
      "NON_STUCK",
      "UNBREAKABLE_MELEE",
      "DURABLE_MELEE",
      "PRECISE",
      "RAPID"
    ],
    "price": 580000,
    "qualities": [
      [
        "CUT",
        2
      ],
      [
        "BUTCHER",
        20
      ]
    ],
    "use_action": "ARTIFACT",
    "artifact_data": {
      "charge_type": "ARTC_TIME",
      "effects_carried": [
        "AEP_ATTENTION"
      ],
      "effects_wielded": [
        "AEP_STR_UP",
        "AEP_DEX_UP",
        "AEP_SPEED_UP",
        "AEP_ALL_DOWN",
        "AEP_SICK",
        "AEP_EVIL",
        "AEP_SAP_LIFE",
        "AEP_MUTAGENIC"
      ],
      "effects_activated": [
        "AEA_BLOOD",
        "AEA_FATIGUE",
        "AEA_HURTALL",
        "AEA_PAIN",
        "AEA_PARALYZE",
        "AEA_ATTENTION",
        "AEA_HEAL",
        "AEA_ENTRANCE",
        "AEA_PULSE"
      ]
    }
  }
]
