[
  {
    "type": "GUNMOD",
    "id": "aux_flamer_diesel",
    "name": "下挂式柴油火焰喷射器",
    "location": "underbarrel",
    "weight": 1820,
    "color": "light_red",
    "to_hit": -1,
    "dispersion_modifier": 30,
    "price": 85000,
    "description": "一个下挂式柴油火焰喷射器.",
    "symbol": ":",
    "material": [
      "steel"
    ],
    "volume": 4,
    "mod_targets": [
      "rifle",
      "shotgun",
      "smg",
      "crossbow"
    ],
    "bashing": 2,
    "flags": [
      "FIRE_100"
    ],
    "gun_data": {
      "skill": "launcher",
      "ammo": "diesel",
      "clip_size": 400,
      "dispersion": 300,
      "aim_speed": 0,
      "//": "Fix when normal 下挂fixed",
      "sight_dispersion": 0,
      "recoil": 0,
      "durability": 8,
      "reload": 100
    },
    "skill_required": 2,
    "skill": "shotgun"
  },
  {
    "type": "GUNMOD",
    "id": "22aux",
    "name": "下挂式.22组件",
    "//": "Wanted to add a way to allow stand alone fire but never figured it out...",
    "location": "underbarrel",
    "weight": 1020,
    "color": "dark_gray",
    "to_hit": -1,
    "dispersion_modifier": 10,
    "price": 12000,
    "description": "一个下挂式.22枪支组件. 弹容量30发.",
    "symbol": ":",
    "material": [
      "steel",
      "plastic"
    ],
    "volume": 2,
    "mod_targets": [
      "rifle",
      "crossbow",
      "smg"
    ],
    "bashing": 2,
    "gun_data": {
      "skill": "pistol",
      "ammo": "22",
      "clip_size": 30,
      "dispersion": 80,
      "aim_speed": 2,
      "sight_dispersion": 0,
      "recoil": 100,
      "durability": 8,
      "reload": 100
    },
    "skill_required": 2,
    "skill": "pistol"
  },
  {
    "type": "GUNMOD",
    "id": "9mmaux",
    "name": "下挂式9mm组件",
    "location": "underbarrel",
    "weight": 1020,
    "color": "dark_gray",
    "to_hit": -1,
    "dispersion_modifier": 10,
    "price": 12000,
    "description": "一个下挂式9mm枪支组件. 弹容量18发.",
    "symbol": ":",
    "material": [
      "steel",
      "plastic"
    ],
    "volume": 2,
    "mod_targets": [
      "rifle",
      "crossbow",
      "smg"
    ],
    "bashing": 2,
    "gun_data": {
      "skill": "pistol",
      "ammo": "9mm",
      "clip_size": 18,
      "dispersion": 80,
      "aim_speed": 2,
      "sight_dispersion": 0,
      "recoil": 100,
      "durability": 8,
      "reload": 100
    },
    "skill_required": 2,
    "skill": "pistol"
  },
  {
    "type": "GUNMOD",
    "id": "45aux",
    "name": "下挂式.45组件",
    "location": "underbarrel",
    "weight": 1020,
    "color": "dark_gray",
    "to_hit": -1,
    "dispersion_modifier": 10,
    "price": 12000,
    "description": "一个下挂式.45枪支组件. 弹容量12发.",
    "symbol": ":",
    "material": [
      "steel",
      "plastic"
    ],
    "volume": 2,
    "mod_targets": [
      "rifle",
      "crossbow",
      "smg"
    ],
    "bashing": 2,
    "gun_data": {
      "skill": "pistol",
      "ammo": "45",
      "clip_size": 12,
      "dispersion": 80,
      "aim_speed": 2,
      "sight_dispersion": 0,
      "recoil": 100,
      "durability": 8,
      "reload": 100
    },
    "skill_required": 2,
    "skill": "pistol"
  },
  {
    "type": "GUNMOD",
    "id": "surv_laser_sight",
    "name": "幸存者红外瞄准器",
    "location": "sights",
    "sight_dispersion": 30,
    "aim_speed": 0,
    "description": "这个组件由一个目镜和一个红外线发射器构成.红外线发射器发射出一个激光束,用以快速瞄准目标,而目镜中的十字线可以进一步精确瞄准.",
    "weight": 150,
    "to_hit": -1,
    "color": "dark_gray",
    "symbol": ":",
    "material": [
      "plastic",
      "steel"
    ],
    "mod_targets": [
      "smg",
      "rifle",
      "pistol",
      "shotgun",
      "crossbow",
      "bow",
      "launcher"
    ],
    "volume": 1,
    "price": 85000,
    "skill_required": 3
  },
  {
    "type": "GUNMOD",
    "id": "lmg_handle",
    "name": "轻机枪提把",
    "//": "Unique to my LMGs!",
    "location": "carry handle",
    "dispersion_modifier": 20,
    "sight_dispersion": 40,
    "aim_speed": 2,
    "recoil_modifier": 20,
    "description": "可以实现手提射击的轻机枪提把. 降低瞄准时间,但增加后坐力和散布.",
    "weight": 120,
    "to_hit": -1,
    "color": "dark_gray",
    "symbol": ":",
    "material": [
      "plastic",
      "steel"
    ],
    "mod_targets": [
      "rifle"
    ],
    "volume": 0,
    "price": 0
  }
]
