[
  {
    "id": "unbio_laser_gun",
    "type": "GUN",
    "symbol": "(",
    "color": "magenta",
    "name": "仿生激光手枪",
    "description": "用指尖激光CBM制作的手枪.非常准确,但伤害有限.",
    "price": 85000,
    "material": [
      "steel",
      "plastic"
    ],
    "skill": "pistol",
    "flags": [
      "NO_AMMO",
      "NEVER_JAMS"
    ],
    "ammo_effects": [
      "LASER",
      "INCENDIARY"
    ],
    "ups_charges": 20,
    "weight": 6,
    "volume": 12,
    "to_hit": 0,
    "ranged_damage": 10,
    "range": 30,
    "dispersion": 10,
    "sight_dispersion": 150,
    "aim_speed": 0,
    "recoil": 0,
    "durability": 10,
    "reload": 500
  },
  {
    "id": "unbio_chain_lightning",
    "type": "GUN",
    "symbol": "(",
    "color": "magenta",
    "name": "闪电链步枪",
    "description": "用闪电链CBM改造的来复枪.枪口喷出的闪电链可以同时击中聚集在一起的大片敌人.",
    "price": 420000,
    "material": [
      "steel",
      "plastic"
    ],
    "skill": "rifle",
    "flags": [
      "NO_AMMO",
      "NEVER_JAMS",
      "NO_UNLOAD"
    ],
    "ammo_effects": [
      "LIGHTNING",
      "BOUNCE"
    ],
    "ups_charges": 40,
    "weight": 2840,
    "volume": 14,
    "to_hit": 0,
    "ranged_damage": 16,
    "range": 10,
    "dispersion": 10,
    "sight_dispersion": 150,
    "aim_speed": 0,
    "recoil": 0,
    "durability": 10,
    "reload": 500
  },
  {
    "id": "laser_sniper",
    "type": "GUN",
    "symbol": "(",
    "color": "yellow",
    "name": "MX-84激光狙击枪",
    "description": "一种用于对单个目标造成巨大伤害的激光狙击步枪.被现代特种部队用作远程支援武器.由UPS供电,扣动扳机可以向目标发射一束强大的激光束.上面没有标明制造商.",
    "price": 1600000,
    "material": [
      "steel",
      "plastic"
    ],
    "ammo_effects": [
      "LASER",
      "INCENDIARY"
    ],
    "flags": [
      "NO_AMMO",
      "NEVER_JAMS",
      "NO_UNLOAD"
    ],
    "ups_charges": 100,
    "skill": "rifle",
    "weight": 2950,
    "volume": 12,
    "bashing": 12,
    "to_hit": -1,
    "ranged_damage": 75,
    "pierce": 20,
    "range": 40,
    "dispersion": 0,
    "sight_dispersion": 60,
    "aim_speed": 10,
    "recoil": 10,
    "durability": 10,
    "reload": 100,
    "built_in_mods": [
      "rifle_scope",
      "rail_laser_sight",
      "bipod"
    ],
    "valid_mod_locations": [
      [
        "accessories",
        4
      ],
      [
        "grip",
        1
      ],
      [
        "rail",
        1
      ],
      [
        "sights",
        1
      ],
      [
        "stock",
        1
      ],
      [
        "underbarrel",
        1
      ],
      [
        "mechanism",
        1
      ]
    ]
  },
  {
    "id": "bolt_rifle_elec",
    "type": "GUN",
    "symbol": "(",
    "color": "dark_gray",
    "name": "BR-96螺栓枪",
    "description": "一种电磁步枪,它能加速弓形螺栓到高速.由UPS供能.平时用于野外作业,允许用户重复使用及制造弹药.上面没有标明制造商.",
    "price": 1520000,
    "material": [
      "steel",
      "plastic"
    ],
    "flags": [
      "ALWAYS_TWOHAND",
      "RELOAD_ONE",
      "MODE_BURST",
      "NEVER_JAMS"
    ],
    "ups_charges": 2,
    "skill": "rifle",
    "ammo": "bolt",
    "weight": 3280,
    "volume": 14,
    "bashing": 12,
    "to_hit": -1,
    "ranged_damage": 25,
    "range": 20,
    "dispersion": 50,
    "sight_dispersion": 60,
    "aim_speed": 4,
    "recoil": 30,
    "durability": 8,
    "burst": 3,
    "clip_size": 12,
    "reload": 100,
    "valid_mod_locations": [
      [
        "accessories",
        4
      ],
      [
        "grip",
        1
      ],
      [
        "mechanism",
        4
      ],
      [
        "rail",
        1
      ],
      [
        "sights",
        1
      ],
      [
        "stock",
        1
      ],
      [
        "underbarrel",
        1
      ]
    ]
  },
  {
    "id": "flesh_rifle",
    "type": "GUN",
    "symbol": "(",
    "color": "dark_red",
    "name": "生物步枪",
    "description": "用金属包裹的生物材料制成的步枪,似乎主要生物组成部分是人肉与骨头.可能引发火灾…这种东西相当具有破坏性和可燃性.它似乎以辐射和电力为能源.偶尔会抽动并发出令人不安的声音,听起来像呻吟.希望听错了…",
    "price": 580000,
    "material": [
      "flesh",
      "steel"
    ],
    "ammo_effects": [
      "BOUNCE",
      "NEVER_JAMS",
      "INCENDIARY"
    ],
    "flags": [
      "NO_AMMO",
      "NEVER_JAMS",
      "NO_UNLOAD",
      "MODE_BURST"
    ],
    "skill": "rifle",
    "weight": 1872,
    "volume": 8,
    "bashing": 8,
    "to_hit": -1,
    "ranged_damage": 40,
    "pierce": 20,
    "range": 35,
    "dispersion": 30,
    "sight_dispersion": 50,
    "aim_speed": 5,
    "recoil": 20,
    "durability": 8,
    "burst": 5,
    "reload": 0,
    "valid_mod_locations": [
      [
        "sights",
        1
      ],
      [
        "stock",
        1
      ]
    ],
    "use_action": "ARTIFACT",
    "artifact_data": {
      "effects_carried": [
        "AEP_ATTENTION",
        "AEP_PBLUE",
        "AEP_RESIST_ELECTRICITY"
      ],
      "effects_wielded": [
        "AEP_EVIL",
        "AEP_DEX_UP",
        "AEP_PER_UP",
        "AEP_MUTAGENIC"
      ]
    }
  },
  {
    "id": "arc_laser_rifle",
    "type": "GUN",
    "symbol": "(",
    "color": "yellow",
    "name": "ARC-314 激光卡宾枪",
    "description": "基于A7实验激光卡宾枪.紧凑、强大和低耗能使它比它的前任更有进步.它的特点是自带一个固定的全息瞄准镜,同时枪身拥有更多的充能轨道.上面没有标明制造商.",
    "price": 1800000,
    "material": [
      "steel",
      "plastic"
    ],
    "ammo_effects": [
      "LASER",
      "INCENDIARY"
    ],
    "flags": [
      "NO_AMMO",
      "MODE_BURST",
      "NEVER_JAMS",
      "NO_UNLOAD"
    ],
    "ups_charges": 20,
    "skill": "rifle",
    "weight": 2950,
    "volume": 8,
    "bashing": 12,
    "to_hit": -1,
    "ranged_damage": 20,
    "pierce": 10,
    "range": 25,
    "dispersion": 0,
    "//": "Laser means no dispersion.",
    "sight_dispersion": 50,
    "aim_speed": 4,
    "recoil": 0,
    "durability": 8,
    "burst": 10,
    "reload": 0,
    "built_in_mods": [
      "holo_sight",
      "rail_laser_sight",
      "pistol_grip"
    ],
    "valid_mod_locations": [
      [
        "accessories",
        4
      ],
      [
        "grip",
        1
      ],
      [
        "rail",
        1
      ],
      [
        "sights",
        2
      ],
      [
        "stock",
        1
      ],
      [
        "underbarrel",
        1
      ]
    ]
  },
  {
    "id": "laser_lmg",
    "type": "GUN",
    "symbol": "(",
    "color": "yellow",
    "name": "KRX-108 激光轻机枪",
    "description": "因为新的需求而设计的实验激光轻机枪.它更加笨重,而且体积庞大,但它非常精确,强大,而且性价比很高.有一个内置的自动瞄准系统可以用作车载炮塔用瞄准.上面没有标明制造商.",
    "price": 1800000,
    "material": [
      "steel",
      "plastic"
    ],
    "ammo_effects": [
      "LASER",
      "INCENDIARY"
    ],
    "flags": [
      "NO_AMMO",
      "MODE_BURST",
      "NEVER_JAMS",
      "NO_UNLOAD"
    ],
    "ups_charges": 50,
    "skill": "rifle",
    "weight": 5620,
    "volume": 15,
    "bashing": 12,
    "to_hit": -1,
    "ranged_damage": 40,
    "pierce": 15,
    "range": 20,
    "dispersion": 10,
    "//": "Fire rate over accuracy but it still is a laser gun.",
    "sight_dispersion": 50,
    "aim_speed": 8,
    "recoil": 5,
    "durability": 8,
    "burst": 20,
    "reload": 0,
    "valid_mod_locations": [
      [
        "accessories",
        4
      ],
      [
        "grip",
        1
      ],
      [
        "rail",
        1
      ],
      [
        "sights",
        2
      ],
      [
        "stock",
        1
      ],
      [
        "underbarrel",
        1
      ]
    ]
  },
  {
    "id": "sur_pnu_lmg",
    "type": "GUN",
    "color": "dark_gray",
    "symbol": "(",
    "name": "幸存者气动轻机枪",
    "description": "气动突击步枪的轻机枪版本.相比气动步枪有更大的弹匣但无法将弹药单独拆出来.有更强的火力输出,但也有更大的后坐力,更低的命中率.并且枪身已模块化.它的点火装置稍微增加了点噪音,不过确保它永远不会哑弹!这是一个幸存者最好的朋友.",
    "price": 226000,
    "material": [
      "wood",
      "steel"
    ],
    "weight": 11536,
    "volume": 17,
    "bashing": 10,
    "to_hit": -1,
    "flags": [
      "NO_UNLOAD",
      "NEVER_JAMS",
      "ALWAY_TWOHAND",
      "MODE_BURST",
      "STR_RELOAD",
      "RELOAD_ONE"
    ],
    "ammo": "pebble",
    "skill": "rifle",
    "ranged_damage": 25,
    "pierce": 25,
    "range": 25,
    "dispersion": 80,
    "sight_dispersion": 200,
    "aim_speed": 8,
    "recoil": 50,
    "durability": 10,
    "burst": 10,
    "clip_size": 100,
    "reload": 750,
    "loudness": 10,
    "built_in_mods": [
      "lmg_handle"
    ],
    "valid_mod_locations": [
      [
        "accessories",
        3
      ],
      [
        "grip",
        1
      ],
      [
        "carry handle",
        1
      ],
      [
        "barrel",
        1
      ],
      [
        "muzzle",
        1
      ],
      [
        "rail",
        1
      ],
      [
        "mechanism",
        2
      ],
      [
        "sights",
        1
      ],
      [
        "stock",
        1
      ],
      [
        "underbarrel",
        1
      ]
    ]
  },
  {
    "id": "ups_rifle",
    "type": "GUN",
    "color": "yellow",
    "symbol": "(",
    "name": "幸存者UPS步枪",
    "description": "将UPS能量转换成激光的步枪.每次射击使用20单位UPS.不用担心它会卡弹,并且同时可以作为炮塔使用.它是幸存者技术的精华.",
    "price": 358000,
    "material": [
      "steel",
      "wood"
    ],
    "weight": 4145,
    "volume": 14,
    "bashing": 12,
    "to_hit": -1,
    "ammo_effects": [
      "LASER",
      "SHOT",
      "INCENDIARY"
    ],
    "flags": [
      "NO_AMMO",
      "NO_UNLOAD",
      "MODE_BURST",
      "ALWAY_TWOHAND"
    ],
    "ups_charges": 50,
    "skill": "rifle",
    "ranged_damage": 20,
    "pierce": 10,
    "range": 25,
    "dispersion": 30,
    "sight_dispersion": 80,
    "aim_speed": 8,
    "recoil": 5,
    "durability": 8,
    "burst": 10,
    "reload": 0,
    "loudness": 2,
    "valid_mod_locations": [
      [
        "accessories",
        2
      ],
      [
        "grip",
        1
      ],
      [
        "rail",
        1
      ],
      [
        "sights",
        1
      ],
      [
        "stock",
        1
      ],
      [
        "underbarrel",
        1
      ]
    ]
  },
  {
    "id": "ups_rifle_crank",
    "type": "GUN",
    "color": "yellow",
    "symbol": "(",
    "name": "幸存者曲柄步枪",
    "description": "经过了许多天的研究……你创造了它.虽然只是一个简单的转换,现在你想想……用一只曲柄和弹射器替换你的UPS步枪的发射装置.他不需要弹药……相比之下，更低的性能,更低的射速和伤害只是小问题…",
    "price": 749000,
    "material": [
      "steel",
      "wood"
    ],
    "weight": 4964,
    "volume": 17,
    "bashing": 8,
    "to_hit": -1,
    "ammo_effects": [
      "LASER",
      "SHOT",
      "INCENDIARY"
    ],
    "flags": [
      "NO_AMMO",
      "NO_UNLOAD",
      "MODE_BURST",
      "ALWAY_TWOHAND"
    ],
    "skill": "rifle",
    "ranged_damage": 18,
    "pierce": 8,
    "range": 20,
    "dispersion": 50,
    "sight_dispersion": 100,
    "aim_speed": 10,
    "recoil": 15,
    "durability": 8,
    "burst": 10,
    "reload": 0,
    "loudness": 5,
    "valid_mod_locations": [
      [
        "accessories",
        2
      ],
      [
        "grip",
        1
      ],
      [
        "rail",
        1
      ],
      [
        "sights",
        1
      ],
      [
        "stock",
        1
      ],
      [
        "underbarrel",
        1
      ]
    ]
  },
  {
    "id": "surv_battery_pistol",
    "type": "GUN",
    "color": "light_red",
    "symbol": "{",
    "name": "幸存者的电池手枪",
    "description": "一个简单的电子手枪.从电池中吸取能量并发射.虽然它的火力很弱,但是可以震慑目标.",
    "price": 42400,
    "material": [
      "steel",
      "wood"
    ],
    "weight": 2940,
    "volume": 4,
    "bashing": 3,
    "to_hit": -1,
    "ammo_effects": [
      "LIGHTNING"
    ],
    "flags": [
      "MODE_BURST"
    ],
    "ammo": "battery",
    "skill": "pistol",
    "ranged_damage": 2,
    "range": 10,
    "dispersion": 15,
    "sight_dispersion": 50,
    "aim_speed": 4,
    "recoil": 10,
    "durability": 8,
    "burst": 10,
    "clip_size": 50,
    "reload": 300,
    "loudness": 2,
    "valid_mod_locations": [
      [
        "accessories",
        2
      ],
      [
        "barrel",
        1
      ],
      [
        "rail",
        1
      ],
      [
        "sights",
        1
      ],
      [
        "stock",
        1
      ]
    ]
  },
  {
    "id": "surv_battery_rifle",
    "type": "GUN",
    "color": "light_red",
    "symbol": "{",
    "name": "幸存者电池步枪",
    "description": "电子步枪.从电池中吸取能量并发射.它的复杂结构可能会经常出现枪支失灵的情况.尽管仍然很弱,但比它的手枪版本好多了,它可以震慑目标.",
    "price": 87100,
    "material": [
      "steel",
      "wood"
    ],
    "weight": 5360,
    "volume": 12,
    "bashing": 8,
    "to_hit": -1,
    "ammo_effects": [
      "LIGHTNING"
    ],
    "flags": [
      "MODE_BURST",
      "ALWAY_TWOHAND",
      "NEVER_JAMS"
    ],
    "ammo": "battery",
    "skill": "rifle",
    "ranged_damage": 6,
    "pierce": 2,
    "range": 15,
    "dispersion": 35,
    "sight_dispersion": 75,
    "aim_speed": 8,
    "recoil": 30,
    "durability": 8,
    "burst": 15,
    "clip_size": 300,
    "reload": 600,
    "loudness": 3,
    "valid_mod_locations": [
      [
        "accessories",
        3
      ],
      [
        "grip",
        1
      ],
      [
        "barrel",
        1
      ],
      [
        "rail",
        1
      ],
      [
        "sights",
        1
      ],
      [
        "stock",
        1
      ],
      [
        "underbarrel",
        1
      ]
    ]
  },
  {
    "id": "surv_full_223",
    "type": "GUN",
    "symbol": "(",
    "color": "brown",
    "name": "幸存者.223突击步枪",
    "name_plural": "幸存者.223突击步枪",
    "description": "一把自制的突击步枪,由一套完整的枪机,枪管,握把等部件组装成.虽然在灾变前来看质量不咋地,但它优于其他许多自制武器.用.223弹匣供弹.",
    "price": 120000,
    "material": [
      "steel",
      "wood"
    ],
    "flags": [
      "ALWAY_TWOHAND",
      "MODE_BURST"
    ],
    "skill": "rifle",
    "ammo": "223",
    "weight": 3028,
    "volume": 8,
    "bashing": 12,
    "to_hit": -1,
    "ranged_damage": 5,
    "range": 5,
    "dispersion": 60,
    "sight_dispersion": 60,
    "aim_speed": 6,
    "recoil": 30,
    "durability": 8,
    "burst": 5,
    "reload": 100,
    "loudness": 50,
    "magazines": [
      [
        "223",
        [
          "surv_223_mag"
        ]
      ]
    ],
    "valid_mod_locations": [
      [
        "accessories",
        4
      ],
      [
        "muzzle",
        1
      ],
      [
        "barrel",
        1
      ],
      [
        "bore",
        1
      ],
      [
        "conversion",
        1
      ],
      [
        "grip",
        1
      ],
      [
        "magazine",
        2
      ],
      [
        "mechanism",
        4
      ],
      [
        "muzzle",
        1
      ],
      [
        "rail",
        1
      ],
      [
        "sights",
        1
      ],
      [
        "stock",
        1
      ],
      [
        "underbarrel",
        1
      ]
    ]
  },
  {
    "id": "surv_full_22",
    "type": "GUN",
    "symbol": "(",
    "color": "brown",
    "name": "幸存者.22冲锋枪",
    "name_plural": "幸存者.22冲锋枪",
    "description": "一把自制的冲锋枪,由一套完整的枪机,枪管,握把等部件组装成.虽然在灾变前来看质量不咋地, 但现在它比许多其他自制武器好使..用.22弹匣供弹.",
    "price": 120000,
    "material": [
      "steel",
      "wood"
    ],
    "flags": [
      "MODE_BURST"
    ],
    "skill": "smg",
    "ammo": "22",
    "weight": 2074,
    "volume": 6,
    "bashing": 8,
    "to_hit": -1,
    "ranged_damage": 5,
    "range": 5,
    "dispersion": 200,
    "sight_dispersion": 90,
    "aim_speed": 4,
    "recoil": 45,
    "durability": 6,
    "burst": 8,
    "reload": 100,
    "loudness": 60,
    "magazines": [
      [
        "22",
        [
          "surv_22_mag"
        ]
      ]
    ],
    "valid_mod_locations": [
      [
        "accessories",
        3
      ],
      [
        "muzzle",
        1
      ],
      [
        "grip",
        1
      ],
      [
        "magazine",
        2
      ],
      [
        "mechanism",
        4
      ],
      [
        "rail",
        1
      ],
      [
        "sights",
        1
      ],
      [
        "stock",
        1
      ],
      [
        "underbarrel",
        1
      ]
    ]
  },
  {
    "id": "surv_full_9mm",
    "type": "GUN",
    "symbol": "(",
    "color": "brown",
    "name": "幸存者9mm冲锋枪",
    "name_plural": "幸存者9mm冲锋枪",
    "description": "一把自制的冲锋枪,由一套完整的枪机,枪管,握把等部件组装成.虽然在灾变前来看质量不咋地冲锋枪, 但现在它比许多其他自制武器好使..用9mm弹匣供弹.",
    "price": 120000,
    "material": [
      "steel",
      "wood"
    ],
    "flags": [
      "MODE_BURST"
    ],
    "skill": "smg",
    "ammo": "9mm",
    "weight": 3158,
    "volume": 6,
    "bashing": 8,
    "to_hit": -1,
    "ranged_damage": 5,
    "range": 5,
    "dispersion": 200,
    "sight_dispersion": 90,
    "aim_speed": 4,
    "recoil": 45,
    "durability": 6,
    "burst": 8,
    "reload": 100,
    "loudness": 60,
    "magazines": [
      [
        "9mm",
        [
          "surv_9mm_mag"
        ]
      ]
    ],
    "valid_mod_locations": [
      [
        "accessories",
        3
      ],
      [
        "muzzle",
        1
      ],
      [
        "grip",
        1
      ],
      [
        "magazine",
        2
      ],
      [
        "mechanism",
        4
      ],
      [
        "rail",
        1
      ],
      [
        "sights",
        1
      ],
      [
        "stock",
        1
      ],
      [
        "underbarrel",
        1
      ]
    ]
  },
  {
    "id": "surv_full_45",
    "type": "GUN",
    "symbol": "(",
    "color": "brown",
    "name": "幸存者.45冲锋枪",
    "name_plural": "幸存者.45冲锋枪",
    "description": "一把自制的冲锋枪,由一套完整的枪机,枪管,握把等部件组装成.虽然在灾变前来看质量不咋地冲锋枪, 但现在它比许多其他自制武器好使..用.45弹匣供弹.",
    "price": 120000,
    "material": [
      "steel",
      "wood"
    ],
    "flags": [
      "MODE_BURST"
    ],
    "skill": "smg",
    "ammo": "45",
    "weight": 3160,
    "volume": 6,
    "bashing": 8,
    "to_hit": -1,
    "ranged_damage": 5,
    "range": 5,
    "dispersion": 200,
    "sight_dispersion": 90,
    "aim_speed": 4,
    "recoil": 45,
    "durability": 6,
    "burst": 8,
    "reload": 100,
    "loudness": 60,
    "magazines": [
      [
        "45",
        [
          "surv_45_mag"
        ]
      ]
    ],
    "valid_mod_locations": [
      [
        "accessories",
        3
      ],
      [
        "muzzle",
        1
      ],
      [
        "grip",
        1
      ],
      [
        "magazine",
        2
      ],
      [
        "mechanism",
        4
      ],
      [
        "rail",
        1
      ],
      [
        "sights",
        1
      ],
      [
        "stock",
        1
      ],
      [
        "underbarrel",
        1
      ]
    ]
  },
  {
    "id": "surv_full_308",
    "type": "GUN",
    "symbol": "(",
    "color": "brown",
    "name": "幸存者.308突击步枪",
    "name_plural": "幸存者.308突击步枪",
    "description": "一把自制的突击步枪,由一套完整的枪机,枪管,握把等部件组装成.虽然在灾变前来看质量不咋地, 但现在它比许多其他自制武器好使.用.308弹匣供弹.",
    "price": 120000,
    "material": [
      "steel",
      "wood"
    ],
    "flags": [
      "ALWAY_TWOHAND",
      "MODE_BURST"
    ],
    "skill": "rifle",
    "ammo": "308",
    "weight": 3238,
    "volume": 8,
    "bashing": 12,
    "to_hit": -1,
    "ranged_damage": 5,
    "range": 5,
    "dispersion": 60,
    "sight_dispersion": 60,
    "aim_speed": 6,
    "recoil": 30,
    "durability": 8,
    "burst": 5,
    "reload": 100,
    "loudness": 50,
    "magazines": [
      [
        "308",
        [
          "surv_308_mag"
        ]
      ]
    ],
    "valid_mod_locations": [
      [
        "accessories",
        4
      ],
      [
        "muzzle",
        1
      ],
      [
        "barrel",
        1
      ],
      [
        "bore",
        1
      ],
      [
        "conversion",
        1
      ],
      [
        "grip",
        1
      ],
      [
        "magazine",
        2
      ],
      [
        "mechanism",
        4
      ],
      [
        "muzzle",
        1
      ],
      [
        "rail",
        1
      ],
      [
        "sights",
        1
      ],
      [
        "stock",
        1
      ],
      [
        "underbarrel",
        1
      ]
    ]
  },
  {
    "id": "surv_full_762",
    "type": "GUN",
    "symbol": "(",
    "color": "brown",
    "name": "幸存者7.62x39突击步枪",
    "name_plural": "幸存者7.62x39突击步枪",
    "description": "一把自制的突击步枪,由一套完整的枪机,枪管,握把等部件组装成.虽然在灾变前来看质量不咋地, 但现在它比许多其他自制武器好使..用7.62x39弹匣供弹.",
    "price": 120000,
    "material": [
      "steel",
      "wood"
    ],
    "flags": [
      "ALWAY_TWOHAND",
      "MODE_BURST"
    ],
    "skill": "rifle",
    "ammo": "762",
    "weight": 3169,
    "volume": 8,
    "bashing": 12,
    "to_hit": -1,
    "ranged_damage": 5,
    "range": 5,
    "dispersion": 60,
    "sight_dispersion": 60,
    "aim_speed": 6,
    "recoil": 30,
    "durability": 8,
    "burst": 5,
    "reload": 100,
    "loudness": 50,
    "magazines": [
      [
        "762",
        [
          "surv_762_mag"
        ]
      ]
    ],
    "valid_mod_locations": [
      [
        "accessories",
        4
      ],
      [
        "muzzle",
        1
      ],
      [
        "barrel",
        1
      ],
      [
        "bore",
        1
      ],
      [
        "conversion",
        1
      ],
      [
        "grip",
        1
      ],
      [
        "magazine",
        2
      ],
      [
        "mechanism",
        4
      ],
      [
        "muzzle",
        1
      ],
      [
        "rail",
        1
      ],
      [
        "sights",
        1
      ],
      [
        "stock",
        1
      ],
      [
        "underbarrel",
        1
      ]
    ]
  },
  {
    "id": "surv_full_12",
    "type": "GUN",
    "symbol": "(",
    "color": "brown",
    "name": "幸存者全自动霰弹枪",
    "name_plural": "幸存者全自动霰弹枪",
    "description": "一把自制的全自动霰弹枪,由一套完整的枪机,枪管,握把等部件组装成.虽然在灾变前来看质量不咋地, 但现在它比许多其他自制武器好使..用12号霰弹弹匣供弹.",
    "price": 120000,
    "material": [
      "steel",
      "wood"
    ],
    "flags": [
      "ALWAY_TWOHAND",
      "MODE_BURST"
    ],
    "skill": "shotgun",
    "ammo": "shot",
    "weight": 3592,
    "volume": 10,
    "bashing": 12,
    "to_hit": -1,
    "ranged_damage": 0,
    "range": 5,
    "dispersion": 60,
    "sight_dispersion": 60,
    "aim_speed": 8,
    "recoil": 30,
    "durability": 6,
    "burst": 5,
    "reload": 100,
    "loudness": 160,
    "magazines": [
      [
        "shot",
        [
          "surv_12_mag"
        ]
      ]
    ],
    "valid_mod_locations": [
      [
        "accessories",
        4
      ],
      [
        "muzzle",
        1
      ],
      [
        "barrel",
        1
      ],
      [
        "bore",
        1
      ],
      [
        "conversion",
        1
      ],
      [
        "grip",
        1
      ],
      [
        "magazine",
        2
      ],
      [
        "mechanism",
        4
      ],
      [
        "rail",
        1
      ],
      [
        "sights",
        1
      ],
      [
        "stock",
        1
      ],
      [
        "underbarrel",
        1
      ]
    ]
  },
  {
    "id": "surv_lmg_308",
    "type": "GUN",
    "symbol": "(",
    "color": "brown",
    "name": "幸存者.308轻机枪",
    "name_plural": "幸存者.308轻机枪",
    "description": "一把自制的轻机枪,由一套完整的枪机,枪管,握把等部件组装成.虽然在灾变前来看质量不咋地, 但现在它比许多其他自制武器好使..用.308弹匣供弹.",
    "price": 150000,
    "material": [
      "steel",
      "wood"
    ],
    "flags": [
      "ALWAY_TWOHAND",
      "MODE_BURST"
    ],
    "skill": "rifle",
    "ammo": "308",
    "weight": 8238,
    "volume": 10,
    "bashing": 12,
    "to_hit": -1,
    "ranged_damage": 10,
    "range": 10,
    "dispersion": 80,
    "sight_dispersion": 80,
    "aim_speed": 8,
    "recoil": 60,
    "durability": 8,
    "burst": 10,
    "reload": 100,
    "loudness": 80,
    "magazines": [
      [
        "308",
        [
          "surv_belt_308"
        ]
      ]
    ],
    "built_in_mods": [
      "lmg_handle"
    ],
    "valid_mod_locations": [
      [
        "accessories",
        4
      ],
      [
        "muzzle",
        1
      ],
      [
        "barrel",
        1
      ],
      [
        "bore",
        1
      ],
      [
        "conversion",
        1
      ],
      [
        "grip",
        1
      ],
      [
        "carry handle",
        1
      ],
      [
        "magazine",
        2
      ],
      [
        "mechanism",
        4
      ],
      [
        "muzzle",
        1
      ],
      [
        "rail",
        1
      ],
      [
        "sights",
        1
      ],
      [
        "stock",
        1
      ],
      [
        "underbarrel",
        1
      ]
    ]
  },
  {
    "id": "surv_lmg_762",
    "type": "GUN",
    "symbol": "(",
    "color": "brown",
    "name": "幸存者7.62x39轻机枪",
    "name_plural": "幸存者7.62x39轻机枪",
    "description": "一把自制的轻机枪,由一套完整的枪机,枪管,握把等部件组装成.虽然在灾变前来看质量不咋地, 但现在它比许多其他自制武器好使..用7.62x39弹匣供弹.",
    "price": 150000,
    "material": [
      "steel",
      "wood"
    ],
    "flags": [
      "ALWAY_TWOHAND",
      "MODE_BURST"
    ],
    "skill": "rifle",
    "ammo": "762",
    "weight": 8169,
    "volume": 10,
    "bashing": 12,
    "to_hit": -1,
    "ranged_damage": 10,
    "range": 10,
    "dispersion": 80,
    "sight_dispersion": 80,
    "aim_speed": 8,
    "recoil": 60,
    "durability": 8,
    "burst": 10,
    "reload": 100,
    "loudness": 80,
    "magazines": [
      [
        "762",
        [
          "surv_belt_762"
        ]
      ]
    ],
    "built_in_mods": [
      "lmg_handle"
    ],
    "valid_mod_locations": [
      [
        "accessories",
        4
      ],
      [
        "muzzle",
        1
      ],
      [
        "barrel",
        1
      ],
      [
        "bore",
        1
      ],
      [
        "conversion",
        1
      ],
      [
        "grip",
        1
      ],
      [
        "carry handle",
        1
      ],
      [
        "magazine",
        2
      ],
      [
        "mechanism",
        4
      ],
      [
        "muzzle",
        1
      ],
      [
        "rail",
        1
      ],
      [
        "sights",
        1
      ],
      [
        "stock",
        1
      ],
      [
        "underbarrel",
        1
      ]
    ]
  },
  {
    "id": "surv_lmg_223",
    "type": "GUN",
    "symbol": "(",
    "color": "brown",
    "name": "幸存者.223轻机枪",
    "name_plural": "幸存者.223轻机枪",
    "description": "一把自制的轻机枪,由一套完整的枪机,枪管,握把等部件组装成.虽然在灾变前来看质量不咋地, 但现在它比许多其他自制武器好使..用.223弹匣供弹.",
    "price": 150000,
    "material": [
      "steel",
      "wood"
    ],
    "flags": [
      "ALWAY_TWOHAND",
      "MODE_BURST"
    ],
    "skill": "rifle",
    "ammo": "223",
    "weight": 8028,
    "volume": 10,
    "bashing": 12,
    "to_hit": -1,
    "ranged_damage": 10,
    "range": 10,
    "dispersion": 80,
    "sight_dispersion": 80,
    "aim_speed": 8,
    "recoil": 60,
    "durability": 8,
    "burst": 10,
    "reload": 100,
    "loudness": 80,
    "magazines": [
      [
        "223",
        [
          "surv_belt_223"
        ]
      ]
    ],
    "built_in_mods": [
      "lmg_handle"
    ],
    "valid_mod_locations": [
      [
        "accessories",
        4
      ],
      [
        "muzzle",
        1
      ],
      [
        "barrel",
        1
      ],
      [
        "bore",
        1
      ],
      [
        "conversion",
        1
      ],
      [
        "grip",
        1
      ],
      [
        "carry handle",
        1
      ],
      [
        "magazine",
        2
      ],
      [
        "mechanism",
        4
      ],
      [
        "muzzle",
        1
      ],
      [
        "rail",
        1
      ],
      [
        "sights",
        1
      ],
      [
        "stock",
        1
      ],
      [
        "underbarrel",
        1
      ]
    ]
  },
  {
    "id": "survbow",
    "type": "GUN",
    "symbol": "(",
    "color": "light_brown",
    "name": "幸存者战斗弓",
    "description": "一把强有力的弓,需要由强壮的弓箭手使用.这款弓是精心设计的,无论是精准度,威力和操作性都属上乘.弓的尖端有一个锋利的刀片,近身的时候,这弓还是一个不错的近战武器.因为刀片的关系,这把弓不能背着,而且已经经过改装,最多能再安装个瞄准器.",
    "price": 88000,
    "material": [
      "wood",
      "steel"
    ],
    "flags": [
      "ALWAYS_TWOHAND",
      "STR_DRAW",
      "RELOAD_AND_SHOOT",
      "PRIMITIVE_RANGED_WEAPON",
      "SLICE",
      "REACH_ATTACK"
    ],
    "techniques": [
      "RAPID",
      "IMPALE",
      "WBLOCK_2",
      "PRECISE"
    ],
    "skill": "archery",
    "min_strength": 8,
    "ammo": "arrow",
    "weight": 2835,
    "volume": 8,
    "bashing": 18,
    "cutting": 18,
    "to_hit": 0,
    "ranged_damage": 25,
    "pierce": 2,
    "range": 25,
    "dispersion": 95,
    "sight_dispersion": 100,
    "aim_speed": 2,
    "recoil": 2,
    "durability": 8,
    "clip_size": 1,
    "reload": 100,
    "valid_mod_locations": [
      [
        "sights",
        1
      ]
    ]
  },
  {
    "id": "surv_sniper",
    "type": "GUN",
    "symbol": "(",
    "color": "brown",
    "name": "幸存者燧发狙击枪",
    "description": "一个真正的自制燧发步枪.弹药是一种长筒枪弹.采用直拉式开式门闩系统,从而让装弹速度相当快.它使用更好的点火装置来击发它的弹药.并且非常精确,具有破坏性,但它具有很高的反冲力.",
    "price": 52000,
    "material": [
      "iron",
      "wood"
    ],
    "flags": [
      "NEVER_JAMS",
      "RELOAD_ONE"
    ],
    "skill": "rifle",
    "ammo": "flintlock",
    "weight": 2184,
    "volume": 10,
    "bashing": 12,
    "to_hit": -1,
    "ranged_damage": 25,
    "pierce": 2,
    "dispersion": 50,
    "sight_dispersion": 60,
    "aim_speed": 8,
    "recoil": 100,
    "durability": 8,
    "range": 30,
    "clip_size": 1,
    "reload": 250,
    "loudness": 50,
    "valid_mod_locations": [
      [
        "accessories",
        4
      ],
      [
        "muzzle",
        1
      ],
      [
        "barrel",
        1
      ],
      [
        "bore",
        1
      ],
      [
        "grip",
        1
      ],
      [
        "muzzle",
        1
      ],
      [
        "rail",
        1
      ],
      [
        "sights",
        1
      ],
      [
        "stock",
        1
      ],
      [
        "underbarrel",
        1
      ]
    ]
  },
  {
    "id": "rep_crossbow",
    "override": true,
    "type": "GUN",
    "symbol": "(",
    "color": "green",
    "name": "连弩",
    "description": "一种定制的十字弓,它有一个巧妙的机制,可以在一个动作过程中发射并装填螺栓,它有一个木制的弹匣,里面有10个螺栓.用这个武器发射的螺栓有很高的机会保持完好,以便重新使用.",
    "price": 324000,
    "material": [
      "steel",
      "wood"
    ],
    "flags": [
      "FIRE_TWOHAND",
      "PRIMITIVE_RANGED_WEAPON",
      "TRADER_AVOID"
    ],
    "skill": "archery",
    "burst": 5,
    "ammo": "bolt",
    "weight": 3628,
    "volume": 10,
    "bashing": 13,
    "to_hit": -1,
    "range": 8,
    "dispersion": 500,
    "recoil": 30,
    "durability": 6,
    "clip_size": 10,
    "reload": 50,
    "valid_mod_locations": [
      [
        "accessories",
        4
      ],
      [
        "grip",
        1
      ],
      [
        "mechanism",
        4
      ],
      [
        "rail",
        1
      ],
      [
        "stock",
        1
      ],
      [
        "underbarrel",
        1
      ]
    ]
  },
  {
    "id": "coilgun",
    "override": true,
    "copy-from": "gun_base",
    "type": "GUN",
    "name": "电磁线圈炮",
    "//": "Hard to make, plentiful and cheap ammo, and silent - people will want this thing.",
    "description": "一把自制的枪,用电磁铁将铁弹丸加速到高速.由UPS供能.",
    "weight": 3341,
    "volume": 11,
    "price": 75000,
    "to_hit": -2,
    "bashing": 10,
    "material": "steel",
    "ammo": "nail",
    "skill": "rifle",
    "burst": 10,
    "range": 12,
    "ranged_damage": 4,
    "pierce": 20,
    "dispersion": 180,
    "durability": 5,
    "ups_charges": 5,
    "valid_mod_locations": [
      [
        "accessories",
        4
      ],
      [
        "grip",
        1
      ],
      [
        "sights",
        1
      ],
      [
        "stock",
        1
      ]
    ],
    "magazines": [
      [
        "nail",
        [
          "nailmag"
        ]
      ]
    ]
  },
  {
    "id": "laser_rifle",
    "override": true,
    "type": "GUN",
    "name": "A7激光步枪",
    "description": "一种由研发机构'空中实验室'开发的激光步枪.最初的业绩就能与里夫特的最好成绩相匹敌,同时它的各种谣言满天飞.虽然大灾变的发生进一步促进武器实验的进展让这把武器蒙尘,但这个武器仍然可以轻松撂倒你的敌人.",
    "weight": 2950,
    "volume": 12,
    "price": 1600000,
    "to_hit": -1,
    "bashing": 12,
    "material": [
      "steel",
      "plastic"
    ],
    "symbol": "(",
    "color": "yellow",
    "skill": "rifle",
    "range": 30,
    "ranged_damage": 22,
    "pierce": 10,
    "dispersion": 0,
    "durability": 8,
    "burst": 5,
    "ups_charges": 25,
    "reload": 0,
    "valid_mod_locations": [
      [
        "accessories",
        4
      ],
      [
        "grip",
        1
      ],
      [
        "rail",
        1
      ],
      [
        "sights",
        1
      ],
      [
        "stock",
        1
      ],
      [
        "underbarrel",
        1
      ]
    ],
    "ammo_effects": [
      "LASER",
      "INCENDIARY"
    ],
    "flags": [
      "NEVER_JAMS",
      "NO_UNLOAD"
    ]
  },
  {
    "id": "v29_cheap",
    "override": true,
    "type": "GUN",
    "name": "LACP激光手枪",
    "description": "LACP激光手枪是基于21世纪中期设计的V29激光手枪.虽然只是管道胶带和电子组件构成的产品,但它仍然具有相当的稳定性,用ups供能.",
    "weight": 540,
    "volume": 8,
    "price": 500000,
    "to_hit": -2,
    "bashing": 5,
    "material": [
      "steel",
      "plastic"
    ],
    "symbol": "(",
    "color": "magenta",
    "skill": "pistol",
    "range": 15,
    "ranged_damage": 10,
    "pierce": 5,
    "dispersion": 50,
    "durability": 4,
    "ups_charges": 15,
    "reload": 50,
    "valid_mod_locations": [
      [
        "accessories",
        2
      ],
      [
        "grip",
        1
      ],
      [
        "rail",
        1
      ],
      [
        "sights",
        1
      ],
      [
        "stock",
        1
      ]
    ],
    "ammo_effects": [
      "LASER",
      "INCENDIARY"
    ],
    "flags": [
      "NO_UNLOAD"
    ]
  },
  {
    "id": "v29",
    "override": true,
    "type": "GUN",
    "name": "V29聚变手枪",
    "description": "V29聚变手枪是在21世纪中叶设计的,是最早使用聚变能量作为攻击方式的武器之一.它比大多数传统手枪都要大,但没有丝毫后坐力",
    "weight": 680,
    "volume": 4,
    "price": 720000,
    "to_hit": -2,
    "bashing": 5,
    "material": [
      "steel",
      "plastic"
    ],
    "symbol": "(",
    "color": "magenta",
    "skill": "pistol",
    "range": 20,
    "ranged_damage": 10,
    "pierce": 5,
    "dispersion": 50,
    "durability": 8,
    "ups_charges": 10,
    "reload": 25,
    "valid_mod_locations": [
      [
        "accessories",
        2
      ],
      [
        "grip",
        1
      ],
      [
        "rail",
        1
      ],
      [
        "sights",
        1
      ],
      [
        "stock",
        1
      ],
      [
        "underbarrel",
        1
      ]
    ],
    "ammo_effects": [
      "LASER",
      "INCENDIARY"
    ],
    "flags": [
      "NEVER_JAMS",
      "NO_UNLOAD"
    ]
  }
]
