[
  {
    "name": "GROUP_SMALL_STATION",
    "type": "monstergroup",
    "default": "mon_zombie_technician",
    "monsters": [
      { "monster": "mon_zombie_electric", "freq": 55, "cost_multiplier": 4, "pack_size": [ 1, 2 ] },
      { "monster": "mon_zombie_technician", "freq": 50, "cost_multiplier": 5, "pack_size": [ 2, 4 ] },
      { "monster": "mon_zombie_tough", "freq": 25, "cost_multiplier": 0 },
      { "monster": "mon_failed_weapon", "freq": 15, "cost_multiplier": 20 },
      { "monster": "mon_zombie_failed_weapon", "freq": 20, "cost_multiplier": 20 },
      { "monster": "mon_zombie_bio_infantry", "freq": 20, "cost_multiplier": 15 },
      { "monster": "mon_zombie_bio_knight", "freq": 20, "cost_multiplier": 15 },
      { "monster": "mon_zombie_bio_scout", "freq": 20, "cost_multiplier": 15 },
      { "monster": "mon_zombie_bio_tool", "freq": 20, "cost_multiplier": 15 }
    ]
  },
  {
    "name": "GROUP_LARGE_STATION",
    "type": "monstergroup",
    "default": "mon_zombie_technician",
    "replace_monster_group": true,
    "new_monster_group_id": "GROUP_ZOMBIE_MID",
    "replacement_time": 14,
    "monsters": [
      { "monster": "mon_zombie_brute_shocker", "freq": 100, "cost_multiplier": 2, "pack_size": [ 1, 2 ] },
      { "monster": "mon_zombie_electric", "freq": 55, "cost_multiplier": 4, "pack_size": [ 1, 2 ] },
      { "monster": "mon_zombie_technician", "freq": 50, "cost_multiplier": 5, "pack_size": [ 2, 4 ] },
      { "monster": "mon_zombie_tough", "freq": 25, "cost_multiplier": 0 },
      { "monster": "mon_failed_weapon", "freq": 20, "cost_multiplier": 20 },
      { "monster": "mon_zombie_failed_weapon", "freq": 25, "cost_multiplier": 20 },
      { "monster": "mon_zombie_bio_infantry", "freq": 20, "cost_multiplier": 15 },
      { "monster": "mon_zombie_bio_knight", "freq": 20, "cost_multiplier": 15 },
      { "monster": "mon_zombie_bio_scout", "freq": 20, "cost_multiplier": 15 },
      { "monster": "mon_zombie_bio_tool", "freq": 20, "cost_multiplier": 15 }
    ]
  },
  {
    "name": "GROUP_ZOMBIE_MID",
    "type": "monstergroup",
    "default": "mon_zombie_tough",
    "monsters": [
      { "monster": "mon_zombie", "freq": 10, "cost_multiplier": 10, "pack_size": [ 25, 30 ] },
      { "monster": "mon_zombie_fat", "freq": 75, "cost_multiplier": 1 },
      { "monster": "mon_zombie_fat", "freq": 3, "cost_multiplier": 3, "pack_size": [ 3, 5 ] },
      { "monster": "mon_zombie_tough", "freq": 75, "cost_multiplier": 1 },
      { "monster": "mon_zombie_child", "freq": 10, "cost_multiplier": 1 },
      { "monster": "mon_zombie_dog", "freq": 1, "cost_multiplier": 24, "pack_size": [ 8, 12 ] },
      { "monster": "mon_dog_skeleton", "freq": 10, "cost_multiplier": 1 },
      { "monster": "mon_dog_zombie_cop", "freq": 30, "cost_multiplier": 4 },
      { "monster": "mon_dog_zombie_rot", "freq": 30, "cost_multiplier": 3 },
      { "monster": "mon_zombie_soldier", "freq": 30, "cost_multiplier": 2 },
      { "monster": "mon_zombie_cop", "freq": 40, "cost_multiplier": 2 },
      { "monster": "mon_zombie_hazmat", "freq": 40, "cost_multiplier": 2 },
      { "monster": "mon_zombie_fireman", "freq": 40, "cost_multiplier": 2 },
      { "monster": "mon_zombie_grabber", "freq": 20, "cost_multiplier": 2 },
      { "monster": "mon_zombie_grappler", "freq": 30, "cost_multiplier": 7 },
      { "monster": "mon_zombie_hunter", "freq": 50, "cost_multiplier": 2 },
      { "monster": "mon_zombie_smoker", "freq": 30, "cost_multiplier": 2 },
      { "monster": "mon_zombie_gasbag", "freq": 10, "cost_multiplier": 2 },
      { "monster": "mon_zombie_gasbag", "freq": 10, "cost_multiplier": 5, "pack_size": [ 3, 5 ] },
      { "monster": "mon_zombie_swimmer", "freq": 30, "cost_multiplier": 2 },
      { "monster": "mon_zombie_shrieker", "freq": 30, "cost_multiplier": 2 },
      { "monster": "mon_zombie_spitter", "freq": 10, "cost_multiplier": 2 },
      { "monster": "mon_zombie_corrosive", "freq": 20, "cost_multiplier": 6 },
      { "monster": "mon_zombie_electric", "freq": 10, "cost_multiplier": 2 },
      { "monster": "mon_zombie_necro", "freq": 10, "cost_multiplier": 10 },
      { "monster": "mon_zombie_survivor", "freq": 20, "cost_multiplier": 5 },
      { "monster": "mon_boomer", "freq": 30, "cost_multiplier": 5 },
      { "monster": "mon_boomer_huge", "freq": 20, "cost_multiplier": 5 },
      { "monster": "mon_zombie_brute", "freq": 30, "cost_multiplier": 10 },
      { "monster": "mon_zombie_hulk", "freq": 10, "cost_multiplier": 25 },
      { "monster": "mon_zombie_master", "freq": 10, "cost_multiplier": 15 },
      { "monster": "mon_beekeeper", "freq": 5, "cost_multiplier": 1 },
      { "monster": "mon_zombie_technician", "freq": 10, "cost_multiplier": 6 },
      { "monster": "mon_zombie_brute_shocker", "freq": 10, "cost_multiplier": 20 },
      { "monster": "mon_zombie_hollow", "freq": 2, "cost_multiplier": 5 },
      { "monster": "mon_zombie_predator", "freq": 5, "cost_multiplier": 10 },
      { "monster": "mon_failed_weapon", "freq": 1, "cost_multiplier": 80 },
      { "monster": "mon_zombie_failed_weapon", "freq": 5, "cost_multiplier": 30 },
      { "monster": "mon_fungus_failed_weapon", "freq": 5, "cost_multiplier": 30 },
      { "monster": "mon_zombie_bio_infantry", "freq": 5, "cost_multiplier": 15 },
      { "monster": "mon_zombie_bio_knight", "freq": 5, "cost_multiplier": 15 },
      { "monster": "mon_zombie_bio_scout", "freq": 5, "cost_multiplier": 15 },
      { "monster": "mon_zombie_bio_tool", "freq": 5, "cost_multiplier": 15 }
    ]
  },
  {
    "name": "GROUP_FUNGI",
    "type": "monstergroup",
    "default": "mon_spore",
    "monsters": [
      { "monster": "mon_fungaloid", "freq": 300, "cost_multiplier": 0 },
      { "monster": "mon_fungaloid_young", "freq": 100, "cost_multiplier": 0 },
      { "monster": "mon_zombie_fungus", "freq": 0, "cost_multiplier": 0 },
      { "monster": "mon_boomer_fungus", "freq": 0, "cost_multiplier": 0 },
      { "monster": "mon_fungal_wall", "freq": 0, "cost_multiplier": 0 },
      { "monster": "mon_fungaloid_queen", "freq": 0, "cost_multiplier": 0 },
      { "monster": "mon_fungus_failed_weapon", "freq": 25, "cost_multiplier": 20 }
    ]
  },
  {
    "name": "GROUP_FUNGI_TOWER",
    "type": "monstergroup",
    "default": "mon_fungal_tendril",
    "monsters": [
      { "monster": "mon_fungaloid", "freq": 10, "cost_multiplier": 0 },
      { "monster": "mon_fungaloid_young", "freq": 30, "cost_multiplier": 0 },
      { "monster": "mon_zombie_fungus", "freq": 75, "cost_multiplier": 0 },
      { "monster": "mon_boomer_fungus", "freq": 50, "cost_multiplier": 0 },
      { "monster": "mon_fungal_hedgerow", "freq": 0, "cost_multiplier": 0 },
      { "monster": "mon_fungaloid_tower", "freq": 0, "cost_multiplier": 0 },
      { "monster": "mon_fungus_failed_weapon", "freq": 25, "cost_multiplier": 20 }
    ]
  },
  {
    "name": "GROUP_FUNGI_FLOWERS",
    "type": "monstergroup",
    "default": "mon_fungal_blossom",
    "monsters": [
      { "monster": "mon_fungaloid", "freq": 20, "cost_multiplier": 0 },
      { "monster": "mon_fungaloid_young", "freq": 50, "cost_multiplier": 0 },
      { "monster": "mon_zombie_fungus", "freq": 100, "cost_multiplier": 0 },
      { "monster": "mon_boomer_fungus", "freq": 50, "cost_multiplier": 0 },
      { "monster": "mon_fungaloid_seeder", "freq": 0, "cost_multiplier": 0 },
      { "monster": "mon_fungus_failed_weapon", "freq": 25, "cost_multiplier": 20 }
    ]
  }
]
