[
  {
    "id": "mon_zombie_failed_weapon",
    "type": "MONSTER",
    "name": "失败的生物武器丧尸",
    "description": "一个仿生突变体丧尸.'强化'的丧尸之一.非常危险,在尸群中更是如此.",
    "default_faction": "zombie",
    "species": [ "ZOMBIE" ],
    "diff": 25,
    "size": "MEDIUM",
    "hp": 100,
    "speed": 100,
    "material": [ "flesh" ],
    "symbol": "Z",
    "color": "red_cyan",
    "aggression": 0,
    "morale": 100,
    "melee_skill": 4,
    "melee_dice": 3,
    "melee_dice_sides": 4,
    "melee_cut": 3,
    "dodge": 0,
    "armor_bash": 3,
    "armor_cut": 2,
    "vision_day": 40,
    "vision_night": 3,
    "luminance": 12,
    "special_attacks": [
      [ "SHOCKSTORM", 10 ],
      [ "PARROT", 50 ],
      {
        "type": "bite",
        "cooldown": 5
      }
    ],
    "special_when_hit": [ "ZAPBACK", 60 ],
    "anger_triggers": [ "FRIEND_DIED", "FRIEND_ATTACKED", "HURT" ],
    "fear_triggers": [ "FIRE" ],
    "death_drops": "wild_bio_weapom_item",
    "death_function": [ "ACID", "NORMAL" ],
    "flags": [ "SEES", "REGENERATES_10", "HEARS", "SMELLS", "STUMBLES", "POISON", "ELECTRIC", "ATTACKMON", "BASHES", "GROUP_BASH", "CBM_POWER", "CBM_OP", "NO_BREATHE", "REVIVES", "BONES" ]
  },
  {
    "id": "mon_failed_weapon",
    "type": "MONSTER",
    "name": "失败的生物武器",
    "description": "一个行走的仿生突变体.它从'强化'中失败突变,因此嫉妒你的存在,它狩猎并杀死它发现的任何东西.",
    "default_faction": "fbio-weapon",
    "species": [ "FBIO-WEAPON" ],
    "diff": 25,
    "size": "MEDIUM",
    "hp": 150,
    "speed": 100,
    "material": [ "flesh" ],
    "symbol": "B",
    "color": "red_cyan",
    "aggression": 100,
    "morale": 100,
    "melee_skill": 6,
    "melee_dice": 4,
    "melee_dice_sides": 5,
    "melee_cut": 4,
    "dodge": 2,
    "armor_bash": 5,
    "armor_cut": 4,
    "vision_day": 40,
    "vision_night": 3,
    "luminance": 14,
    "special_attacks": [
      [ "SHOCKSTORM", 15 ],
      [ "PARROT", 80 ]
    ],
    "special_when_hit": [ "ZAPBACK", 75 ],
    "death_drops": "wild_bio_weapom_item",
    "death_function": [ "ACID", "NORMAL" ],
    "upgrades": {
      "half_life": 15,
      "into": "mon_zombie_failed_weapon"
    },
    "flags": [ "SEES", "REGENERATES_10", "HEARS", "SMELLS", "WARM", "HUMAN", "ELECTRIC", "ATTACKMON", "BASHES", "GROUP_BASH", "CBM_POWER", "CBM_OP", "BONES" ]
  },
  {
    "id": "hulk_weapon",
    "type": "MONSTER",
    "name": "生物武器-阿波菲斯",
    "description": "终极的仿生突变体.只有上帝才知道它的由来.拥有不可思议的力量,盔甲和仿生学,这次成功的变异来之不易.",
    "default_faction": "fbio-weapon",
    "species": [ "BIO-WEAPON" ],
    "diff": 75,
    "size": "HUGE",
    "hp": 500,
    "speed": 80,
    "material": [ "flesh" ],
    "symbol": "A",
    "color": "red_cyan",
    "aggression": 100,
    "morale": 100,
    "melee_skill": 10,
    "melee_dice": 8,
    "melee_dice_sides": 6,
    "melee_cut": 6,
    "dodge": 5,
    "armor_bash": 20,
    "armor_cut": 20,
    "armor_acid": 20,
    "armor_fire": 20,
    "vision_day": 40,
    "vision_night": 30,
    "luminance": 30,
    "starting_ammo": { "generic_no_ammo": 1000 },
    "special_attacks": [
      [ "SHOCKSTORM", 15 ],
      [ "TAZER", 15 ],
      [ "PARROT", 80 ],
      [ "SMASH", 20 ],
      [ "BIO_OP_TAKEDOWN", 10 ],
      {
        "type": "gun",
        "cooldown": 5,
        "move_cost": 100,
        "gun_type": "bio_blaster_gun",
        "ammo_type": "generic_no_ammo",
        "fake_skills": [ [ "gun", 10 ], [ "rifle", 8 ] ],
        "fake_str": 8,
        "fake_dex": 10,
        "fake_per": 10,
        "max_ammo": 1000,
        "ranges": [ [ 20, 30, "DEFAULT" ] ],
        "targeting_cost": 50,
        "targeting_sound": "嗖...喀哒!",
        "targeting_volume": 20,
        "description": "阿波菲斯发射了它的聚变炮!",
        "no_ammo_sound": "喀哒喀哒喀哒!"
      }
    ],
    "special_when_hit": [ "ZAPBACK", 75 ],
    "death_drops": "apophis_bio_weapom_item",
    "death_function": [ "ACID", "NORMAL", "EXPLODE" ],
    "flags": [ "SEES", "REGENERATES_50", "HEARS", "GOODHEARING", "SMELLS", "WARM", "HUMAN", "ATTACKMON", "PUSH_MON", "ELECTRIC", "GRABS", "BASHES", "GROUP_BASH", "CBM_OP", "CBM_SUBS", "CBM_SUBS", "CBM_POWER", "CBM_POWER", "BONES", "DESTROYS" ]
  },
  {
    "id": "mon_fungus_failed_weapon",
    "type": "MONSTER",
    "name": "失败的真菌生物武器",
    "description": "这个…这是一个失败的科学实验,它的生物特征已经被真菌所取代.有各种各样的增强,包括诱变和仿生,它现在属于真菌阵营.",
    "default_faction": "fungus",
    "species": [ "FUNGUS" ],
    "diff": 25,
    "size": "MEDIUM",
    "hp": 100,
    "speed": 80,
    "material": [ "veggy" ],
    "symbol": "F",
    "color": "red_cyan",
    "aggression": 0,
    "morale": 100,
    "melee_skill": 2,
    "melee_dice": 2,
    "melee_dice_sides": 2,
    "melee_cut": 2,
    "dodge": 0,
    "armor_bash": 5,
    "armor_cut": 5,
    "vision_day": 40,
    "vision_night": 3,
    "luminance": 5,
    "special_attacks": [
      [ "SHOCKSTORM", 10 ],
      [ "PARROT", 50 ],
      [ "FUNGUS", 200 ],
      {
        "type": "bite",
        "cooldown": 5
      },
      [ "FUNGUS_HAZE", 25 ],
      [ "FUNGUS_INJECT", 40 ],
      [ "FUNGUS_BRISTLE", 40 ]
    ],
    "special_when_hit": [ "ZAPBACK", 60 ],
    "anger_triggers": [ "FRIEND_DIED", "FRIEND_ATTACKED", "HURT" ],
    "fear_triggers": [ "FIRE" ],
    "placate_triggers": [ "PLAYER_WEAK" ],
    "death_drops": "wild_bio_weapom_item",
    "death_function": [ "ACID", "FUNGUS", "NORMAL" ],
    "flags": [ "SEES", "REGENERATES_50", "HEARS", "SMELLS", "STUMBLES", "ELECTRIC", "ATTACKMON", "BASHES", "GROUP_BASH", "CBM_OP", "CBM_POWER", "REVIVES", "BONES", "PUSH_MON" ]
  },
  {
    "id": "mon_zombie_bio_infantry",
    "type": "MONSTER",
    "name": "超级战士丧尸",
    "description": "超级战士丧尸,前军队成员.挥舞着特殊的步枪，并且有仿生学强化,它似乎还记得如何使用它们.",
    "default_faction": "zombie",
    "species": [ "ZOMBIE" ],
    "diff": 25,
    "size": "MEDIUM",
    "hp": 100,
    "speed": 100,
    "material": [ "flesh" ],
    "symbol": "Z",
    "color": "red_cyan",
    "aggression": 100,
    "morale": 100,
    "melee_skill": 3,
    "melee_dice": 2,
    "melee_dice_sides": 2,
    "melee_cut": 2,
    "dodge": 3,
    "armor_bash": 2,
    "armor_cut": 2,
    "vision_day": 40,
    "vision_night": 3,
    "luminance": 2,
    "starting_ammo": { "generic_no_ammo": 100 },
    "special_attacks": [
      {
        "type": "gun",
        "cooldown": 3,
        "move_cost": 150,
        "gun_type": "arc_laser_rifle",
        "ammo_type": "generic_no_ammo",
        "fake_skills": [ [ "gun", 3 ], [ "rifle", 3 ] ],
        "fake_str": 8,
        "fake_dex": 10,
        "fake_per": 10,
        "max_ammo": 1000,
        "ranges": [ [ 10, 15, "DEFAULT" ] ],
        "targeting_cost": 100,
        "targeting_sound": "argh!",
        "targeting_volume": 5,
        "description": "超级战士丧尸的电弧步枪开火!",
        "no_ammo_sound": "beep-beep-beep!"
      }
    ],
    "special_when_hit": [ "ZAPBACK", 60 ],
    "anger_triggers": [ "FRIEND_DIED", "FRIEND_ATTACKED", "HURT" ],
    "death_drops": "wild_bio_infantry",
    "death_function": [ "NORMAL" ],
    "flags": [ "SEES", "REGENERATES_10", "HEARS", "SMELLS", "POISON", "BASHES", "CBM_POWER", "CBM_OP", "NO_BREATHE", "REVIVES", "BONES" ]
  },
  {
    "id": "mon_zombie_bio_knight",
    "type": "MONSTER",
    "name": "超级主宰丧尸",
    "description": "一名前军队成员丧尸.挥舞着特殊的LMG,并且有仿生学强化和盔甲保护,它似乎还记得如何使用它们.",
    "default_faction": "zombie",
    "species": [ "ZOMBIE" ],
    "diff": 25,
    "size": "MEDIUM",
    "hp": 100,
    "speed": 80,
    "material": [ "flesh" ],
    "symbol": "Z",
    "color": "red_cyan",
    "aggression": 100,
    "morale": 100,
    "melee_skill": 3,
    "melee_dice": 2,
    "melee_dice_sides": 2,
    "melee_cut": 2,
    "dodge": 3,
    "armor_bash": 2,
    "armor_cut": 2,
    "vision_day": 40,
    "vision_night": 3,
    "luminance": 2,
    "starting_ammo": { "generic_no_ammo": 100 },
    "special_attacks": [
      {
        "type": "gun",
        "cooldown": 5,
        "move_cost": 150,
        "gun_type": "laser_lmg",
        "ammo_type": "generic_no_ammo",
        "fake_skills": [ [ "gun", 3 ], [ "rifle", 3 ] ],
        "fake_str": 8,
        "fake_dex": 10,
        "fake_per": 10,
        "max_ammo": 1000,
        "ranges": [ [ 15, 30, "DEFAULT" ] ],
        "targeting_cost": 200,
        "targeting_sound": "嗖...咔哒!",
        "targeting_volume": 20,
        "description": "超级战士开火了!",
        "no_ammo_sound": "beep-beep-beep!"
      }
    ],
    "special_when_hit": [ "ZAPBACK", 60 ],
    "anger_triggers": [ "FRIEND_DIED", "FRIEND_ATTACKED", "HURT" ],
    "death_drops": "wild_bio_knight",
    "death_function": [ "NORMAL" ],
    "flags": [ "SEES", "REGENERATES_10", "HEARS", "SMELLS", "POISON", "BASHES", "CBM_POWER", "CBM_OP", "NO_BREATHE", "REVIVES", "BONES" ]
  },
  {
    "id": "mon_zombie_bio_scout",
    "type": "MONSTER",
    "name": "超级侦察兵丧尸",
    "description": "一名前军队成员的丧尸.挥舞着特殊改造的狙击步枪，并且有仿生学强化,他似乎还记得如何使用它们.",
    "default_faction": "zombie",
    "species": [ "ZOMBIE" ],
    "diff": 25,
    "size": "MEDIUM",
    "hp": 100,
    "speed": 100,
    "material": [ "flesh" ],
    "symbol": "Z",
    "color": "red_cyan",
    "aggression": 100,
    "morale": 100,
    "melee_skill": 3,
    "melee_dice": 2,
    "melee_dice_sides": 2,
    "melee_cut": 2,
    "dodge": 3,
    "armor_bash": 2,
    "armor_cut": 2,
    "vision_day": 40,
    "vision_night": 3,
    "luminance": 2,
    "starting_ammo": { "generic_no_ammo": 100 },
    "special_attacks": [
      {
        "type": "gun",
        "cooldown": 3,
        "move_cost": 150,
        "gun_type": "laser_sniper",
        "ammo_type": "generic_no_ammo",
        "fake_skills": [ [ "gun", 3 ], [ "rifle", 3 ] ],
        "fake_str": 8,
        "fake_dex": 10,
        "fake_per": 10,
        "max_ammo": 1000,
        "ranges": [ [ 20, 30, "DEFAULT" ] ],
        "targeting_cost": 150,
        "targeting_sound": "hhhmmmmm",
        "targeting_volume": 5,
        "description": "超级侦察兵丧尸的步枪开火了!",
        "no_ammo_sound": "beep-beep-beep!"
      }
    ],
    "special_when_hit": [ "ZAPBACK", 60 ],
    "anger_triggers": [ "FRIEND_DIED", "FRIEND_ATTACKED", "HURT" ],
    "death_drops": "wild_bio_scout",
    "death_function": [ "NORMAL" ],
    "flags": [ "SEES", "REGENERATES_10", "HEARS", "SMELLS", "POISON", "BASHES", "CBM_POWER", "CBM_OP", "NO_BREATHE", "REVIVES", "BONES" ]
  },
  {
    "id": "mon_zombie_bio_tool",
    "type": "MONSTER",
    "name": "超级B.A.M.R.U丧尸",
    "description": "一名前军队成员的丧尸.手握着特殊改造的手枪，并且有仿生学强化,他似乎还记得如何使用它们.",
    "default_faction": "zombie",
    "species": [ "ZOMBIE" ],
    "diff": 25,
    "size": "MEDIUM",
    "hp": 100,
    "speed": 100,
    "material": [ "flesh" ],
    "symbol": "Z",
    "color": "red_cyan",
    "aggression": 100,
    "morale": 100,
    "melee_skill": 3,
    "melee_dice": 2,
    "melee_dice_sides": 2,
    "melee_cut": 2,
    "dodge": 3,
    "armor_bash": 2,
    "armor_cut": 2,
    "vision_day": 40,
    "vision_night": 3,
    "luminance": 2,
    "starting_ammo": { "generic_no_ammo": 100 },
    "special_attacks": [
      {
        "type": "gun",
        "cooldown": 1,
        "move_cost": 100,
        "gun_type": "v29",
        "ammo_type": "generic_no_ammo",
        "fake_skills": [ [ "gun", 1 ], [ "pistol", 2 ] ],
        "fake_str": 8,
        "fake_dex": 10,
        "fake_per": 10,
        "max_ammo": 1000,
        "ranges": [ [ 8, 10, "DEFAULT" ] ],
        "targeting_cost": 50,
        "targeting_sound": "啊!",
        "targeting_volume": 5,
        "description": "超级侦察兵使用手枪射击!",
        "no_ammo_sound": "beep-beep-beep!"
      }
    ],
    "special_when_hit": [ "ZAPBACK", 60 ],
    "anger_triggers": [ "FRIEND_DIED", "FRIEND_ATTACKED", "HURT" ],
    "death_drops": "wild_bio_tool",
    "death_function": [ "NORMAL" ],
    "flags": [ "SEES", "HEARS", "SMELLS", "POISON", "BASHES", "CBM_POWER", "CBM_TECH", "NO_BREATHE", "REVIVES", "BONES" ]
  }
]
