[  
  {
    "type" : "npc",
    "id" : "merchant_guard",
    "name_suffix" : "警卫",
    "class" : "Merc_guard",
    "attitude" : 0,
    "mission" : 7,
    "chat" : "TALK_DONE",
    "faction" : "wasteland_scavengers"
  },{
    "type" : "npc",
    "id" : "merchant_guardH",
    "name_suffix" : "警卫",
    "class" : "Merc_guardH",
    "attitude" : 0,
    "mission" : 7,
    "chat" : "TALK_DONE",
    "faction" : "wasteland_scavengers"
  },{
    "type" : "npc",
    "id" : "merchant_guard2",
    "name_suffix" : "警卫",
    "class" : "Merc_guard",
    "attitude" : 1,
    "mission" : 7,
    "chat" : "TALK_Merc_guard_gate",
    "faction" : "wasteland_scavengers"
  },
  {
    "type" : "npc",
    "id" : "merchant_mil",
    "name_suffix" : "军用物品商.",
    "class" : "Merc_Military",
    "attitude" : 0,
    "mission" : 3,
    "chat" : "TALK_Merc_Mil",
    "faction" : "wasteland_scavengers",
	
        "traits": [
            [ "PACKMULE", 100 ]
			]
  },
  {
    "type" : "npc",
    "id" : "merchant_broker",
    "name_suffix" : "废料商",
    "class" : "Merc_Broker",
    "attitude" : 0,
    "mission" : 3,
    "chat" : "TALK_Merc_Bro",
    "faction" : "wasteland_scavengers",
	
        "traits": [
            [ "PACKMULE", 100 ]
			]
  },
  {
    "type" : "npc",
    "id" : "merchant_food",
    "name_suffix" : "食品杂货商",
    "class" : "Merc_Food",
    "attitude" : 0,
    "mission" : 3,
    "chat" : "TALK_Merc_Food",
    "faction" : "wasteland_scavengers",
	
	        "traits": [
            [ "PACKMULE", 100 ]
			]
  },
  {
    "type" : "npc",
    "id" : "merchant_Med",
    "name_suffix" : "医生",
    "class" : "Merc_Med",
    "attitude" : 0,
    "mission" : 3,
    "chat" : "TALK_Merc_Med",
    "faction" : "wasteland_scavengers",
	
	        "traits": [
            [ "PACKMULE", 100 ]
			]
  },
  {
    "type" : "npc",
    "id" : "merchant_Ammo",
    "name_suffix" : "弹药商",
    "class" : "Merc_Ammo",
    "attitude" : 0,
    "mission" : 3,
    "chat" : "TALK_Merc_Ammo",
    "faction" : "wasteland_scavengers",
	
	        "traits": [
            [ "PACKMULE", 100 ]
			]
  },
  {
    "type" : "npc",
    "id" : "merchant_Smith",
    "name_suffix" : "铁匠",
    "class" : "Merc_Smith",
    "attitude" : 0,
    "mission" : 3,
    "chat" : "TALK_Merc_Smith",
    "faction" : "wasteland_scavengers",
	
	        "traits": [
            [ "PACKMULE", 100 ]
			]
  }
]