[
  {
    "type" : "item_group",
    "id" : "Merc_guardH_pants_male",
    "items":[
      ["pants_leather", 50],
      ["pants_cargo", 50]
    ]
  },{
    "type" : "item_group",
    "id" : "Merc_guardH_pants_female",
    "items":[
      ["pants_leather", 50],
      ["pants_cargo", 50]
    ]
  },{
    "type" : "item_group",
    "id" : "Merc_guardH_shirt_male",
    "items":[
      ["kevlar", 20],      ["army_top", 80]
    ]
  },{
    "type" : "item_group",
    "id" : "Merc_guardH_shirt_female",
    "items":[
      ["kevlar", 20],      ["army_top", 80]
    ]
  },{
    "type" : "item_group",
    "id" : "Merc_guardH_gloves",
    "items":[
      ["gloves_leather", 100]
    ]
  },{
    "type" : "item_group",
    "id" : "Merc_guardH_coat",
    "items":[
      ["jacket_leather_mod", 70],
      ["armor_scrapsuit", 30]
    ]
  },{
    "type" : "item_group",
    "id" : "Merc_guardH_shoes",
    "items":[
      ["boots_combat", 100]
    ]
  },{
    "type" : "item_group",
    "id" : "Merc_guardH_masks",
    "items":[
      ["mask_gas", 100]
    ]
  },{
    "type" : "item_group",
    "id" : "Merc_guardH_hat",
    "items":[
      ["helmet_army", 20]
    ]
  },{
    "type" : "item_group",
    "id" : "Merc_guardH_extra",
    "items":[
      ["backpack_leather", 100]
    ]
  },{
    "type" : "item_group",
    "id" : "Merc_guardH_cutting",
    "items":[
      ["rifle_22", 5],
      ["rifle_9mm", 77],
      ["ruger_1022", 10],
      ["hk_mp5", 44],
      ["remington_700", 40],
      ["savage_111f", 5],
      ["marlin_9a", 25],
      ["m1903", 5]
    ]
  },{
    "type" : "item_group",
    "id" : "Merc_guardH_stabbing",
    "items":[
      ["rifle_22", 5],
      ["rifle_9mm", 22],
      ["ruger_1022", 10],
      ["hk_mp5", 66],
      ["remington_700", 22],
      ["savage_111f", 5],
      ["marlin_9a", 25],
      ["m1903", 5]
    ]
  },{
    "type" : "item_group",
    "id" : "Merc_guardH_pistols",
    "items":[
      ["rifle_22", 5],
      ["rifle_9mm", 22],
      ["ruger_1022", 10],
      ["hk_mp5", 55],
      ["remington_700", 22],
      ["savage_111f", 5],
      ["marlin_9a", 25],
      ["m1903", 5]
    ]
  },{
    "type" : "item_group",
    "id" : "Merc_guardH_smg",
    "items":[
      ["rifle_22", 5],
      ["rifle_9mm", 22],
      ["ruger_1022", 10],
      ["hk_mp5", 88],
      ["remington_700", 22],
      ["savage_111f", 5],
      ["marlin_9a", 25],
      ["m1903", 5]
    ]
  },{
    "type" : "item_group",
    "id" : "Merc_guardH_rifle",
    "items":[
      ["rifle_22", 5],
      ["rifle_9mm", 22],
      ["ruger_1022", 10],
      ["browning_blr", 33],
      ["remington_700", 22],
      ["savage_111f", 5],
      ["marlin_9a", 25],
      ["m1903", 5]
    ]
  },
  {
    "type" : "item_group",
    "id" : "Merc_guardH_archery",
    "items":[
      ["rifle_22", 5],
      ["rifle_9mm", 33],
      ["ruger_1022", 10],
      ["hk_mp5", 66],
      ["remington_700", 55],
      ["savage_111f", 5],
      ["marlin_9a", 25],
      ["m1903", 5]
    ]
  },{
    "type" : "item_group",
    "id" : "Merc_guardH_weapon_random",
    "items":[
      ["rifle_22", 5],
      ["rifle_9mm", 5],
      ["ruger_1022", 10],
      ["hk_mp5", 77],
      ["remington_700", 33],
      ["savage_111f", 5],
      ["marlin_9a", 25],
      ["m1903", 5]
    ]
  },{
    "type" : "item_group",
    "id" : "Merc_guardH_misc",
    "items":[
        ["grenade", 10],
        ["water_clean", 90]
    ]
  }
]