[
  {
    "type" : "item_group",
    "id" : "Merc_Ammo_pants_male",
    "items":[
      ["pants_leather", 50],
      ["pants_cargo", 50]
    ]
  },{
    "type" : "item_group",
    "id" : "Merc_Ammo_pants_female",
    "items":[
      ["pants_leather", 50],
      ["pants_cargo", 50]
    ]
  },{
    "type" : "item_group",
    "id" : "Merc_Ammo_shirt_male",
    "items":[
      ["tshirt", 100]
    ]
  },{
    "type" : "item_group",
    "id" : "Merc_Ammo_shirt_female",
    "items":[
      ["tshirt", 50],
      ["tank_top", 50]
    ]
  },{
    "type" : "item_group",
    "id" : "Merc_Ammo_gloves",
    "items":[
      ["null", 60],
      ["gloves_leather", 20],
      ["gloves_fingerless", 20]
    ]
  },{
    "type" : "item_group",
    "id" : "Merc_Ammo_coat",
    "items":[
      ["null", 20],
      ["hoodie", 20],
      ["jacket_light", 20],
      ["jacket_leather", 20],
      ["trenchcoat", 20],
      ["jacket_jean", 20],
      ["jacket_flannel", 20],
      ["jacket_windbreaker", 10]
    ]
  },{
    "type" : "item_group",
    "id" : "Merc_Ammo_shoes",
    "items":[
      ["boots", 100]
    ]
  },{
    "type" : "item_group",
    "id" : "Merc_Ammo_masks",
    "items":[
      ["null", 100]
    ]
  },{
    "type" : "item_group",
    "id" : "Merc_Ammo_hat",
    "items":[
      ["hat_ball", 20],
      ["beret", 20],
      ["cowboy_hat", 20],
      ["hat_fur", 20],
      ["hat_knit", 20]
    ]
  },{
    "type" : "item_group",
    "id" : "Merc_Ammo_extra",
    "items":[
      ["Merchantbag", 100]
    ]
  },{
    "type" : "item_group",
    "id" : "Merc_Ammo_cutting",
    "items":[
      ["knife_combat", 100]
    ]
  },{
    "type" : "item_group",
    "id" : "Merc_Ammo_stabbing",
    "items":[
      ["knife_combat", 100]
    ]
  },{
    "type" : "item_group",
    "id" : "Merc_Ammo_pistols",
    "items":[
      ["m9", 100]
    ]
  },{
    "type" : "item_group",
    "id" : "Merc_Ammo_smg",
    "items":[
      ["hk_mp5", 100]
    ]
  },{
    "type" : "item_group",
    "id" : "Merc_Ammo_archery",
    "items":[
      ["hk_mp5", 100]
    ]
  },{
    "type" : "item_group",
    "id" : "Merc_Ammo_rifle",
    "items":[
      ["m4a1", 90],
      ["m1a", 10]
    ]
  },{
    "type" : "item_group",
    "id" : "Merc_Ammo_weapon_random",
    "items":[
      ["m4a1", 100]
    ]
  },{
    "type" : "item_group",
    "id" : "Merc_Ammo_misc",
    "items":[
      [ "reloaded_10mm", 10 ],
      [ "reloaded_32_acp", 44 ],
      [ "reloaded_40fmj", 20 ],
      [ "reloaded_40sw", 33 ],
      [ "reloaded_44magnum", 44],
      [ "reloaded_44fmj", 30 ],
      [ "reloaded_45_acp", 80 ],
      [ "reloaded_45_jhp", 77 ],
      [ "reloaded_45_super", 40 ],
      [ "reloaded_46mm", 20 ],
      [ "reloaded_454_Casull", 5 ],
      [ "reloaded_500_Magnum", 5 ],
      [ "reloaded_57mm", 50 ],
      [ "reloaded_9mm", 88 ],
      [ "reloaded_9mmfmj", 44 ],
      [ "reloaded_223", 77 ],
      [ "reloaded_270", 15 ],
      [ "reloaded_300_winmag", 15 ],
      [ "reloaded_3006", 70 ],
      [ "reloaded_308", 40 ],
      [ "reloaded_556", 10 ],
      [ "reloaded_762_51", 10 ],
      [ "reloaded_762_54R", 40 ],
      [ "shot_00", 100 ],
      [ "reloaded_shot_00", 100 ],
      [ "223", 30 ],
      [ "3006", 33 ],
      [ "40sw", 50 ],
      [ "45_acp", 20 ],
      [ "556", 44 ],
      [ "shot_slug", 20 ],
      [ "270", 25 ],
      [ "308", 25 ],
      [ "762_54R", 10 ],
      [ "762_m43", 10 ],
      [ "44magnum", 35 ],
      [ "57mm", 50 ],
      [ "38_special", 25 ]
    ]
  }
]