[
  {
    "type" : "item_group",
    "id" : "Merc_Military_pants_male",
    "items":[
      ["pants_army", 100]
    ]
  },{
    "type" : "item_group",
    "id" : "Merc_Military_pants_female",
    "items":[
      ["pants_army", 100]
    ]
  },{
    "type" : "item_group",
    "id" : "Merc_Military_shirt_male",
    "items":[
      ["army_top", 50],
      ["jacket_army", 50],
      ["tank_top", 5]
    ]
  },{
    "type" : "item_group",
    "id" : "Merc_Military_shirt_female",
    "items":[
      ["army_top", 50],
      ["jacket_army", 50],
      ["tank_top", 5]
    ]
  },{
    "type" : "item_group",
    "id" : "Merc_Military_gloves",
    "items":[
      ["null", 20],
      ["gloves_tactical", 50],
      ["gloves_fingerless", 30]
    ]
  },{
    "type" : "item_group",
    "id" : "Merc_Military_coat",
    "items":[
      ["trenchcoat", 80],
      ["vest", 60]
    ]
  },{
    "type" : "item_group",
    "id" : "Merc_Military_shoes",
    "items":[
      ["boots_combat", 90],
      ["boots", 10]
    ]
  },{
    "type" : "item_group",
    "id" : "Merc_Military_masks",
    "items":[
      ["null", 100]
    ]
  },{
    "type" : "item_group",
    "id" : "Merc_Military_eyes",
    "items":[
      ["null", 20],
      ["glasses_safety", 10],
      ["glasses_bal", 60]
    ]
  },{
    "type" : "item_group",
    "id" : "Merc_Military_hat",
    "items":[
      ["hat_ball", 20],
      ["beret", 20],
      ["cowboy_hat", 20],
      ["hat_fur", 20],
      ["hat_knit", 20]
    ]
  },{
    "type" : "item_group",
    "id" : "Merc_Military_extra",
    "items":[
      ["Merchantbag", 100]
    ]
  },{
    "type" : "item_group",
    "id" : "Merc_Military_cutting",
    "items":[
      ["knife_combat", 100]
    ]
  },{
    "type" : "item_group",
    "id" : "Merc_Military_stabbing",
    "items":[
      ["knife_combat", 100]
    ]
  },{
    "type" : "item_group",
    "id" : "Merc_Military_pistols",
    "items":[
      ["m9", 100]
    ]
  },{
    "type" : "item_group",
    "id" : "Merc_Military_smg",
    "items":[
      ["hk_mp5", 100]
    ]
  },{
    "type" : "item_group",
    "id" : "Merc_Military_archery",
    "items":[
      ["hk_mp5", 100]
    ]
  },{
    "type" : "item_group",
    "id" : "Merc_Military_rifle",
    "items":[
      ["m4a1", 90],
      ["m1a", 10]
    ]
  },{
    "type" : "item_group",
    "id" : "Merc_Military_weapon_random",
    "items":[
      ["m4a1", 100]
    ]
  },{
    "type" : "item_group",
    "id" : "Merc_Military_misc",
    "items":[
      [ "556", 22 ],
        ["308", 22],
        ["3006", 22],
      [ "57mm", 22 ],
        ["45_jhp", 22],
      [ "shot_00", 22 ],
      [ "shot_00", 44 ],
      [ "shot_00", 44 ],
      [ "shot_beanbag", 22 ],
      [ "556", 22 ],
        ["308", 22],
      [ "50bmg", 30 ],
      [ "50ss", 10 ],
      [ "556_incendiary", 22 ],
      [ "40mm_flechette", 10 ],
      [ "40mm_frag", 11 ],
      [ "762_51_incendiary", 11 ],
        ["3006", 22],
        ["9mm", 33],
        ["9mmfmj", 33],
        ["45_acp", 22],
        ["45_jhp", 22],
      [ "556", 33 ],
      [ "22_cb", 22 ],
        ["308", 22],
        ["3006", 22],
      [ "762_54R", 10 ],
      [ "762_m43", 10 ],
      [ "300_winmag", 22 ],
      [ "3006fmj", 22 ],
      [ "556", 22 ],
      [ "762_51", 11 ],
      [ "762_m87", 25 ],
	  
	  
        ["uzi", 11],
        ["mac_10", 11],
        ["sig_mosquito", 11],
        ["glock_19", 11],
        ["usp_9mm", 11],
        ["m9", 11],
        ["usp_45", 11],
        ["m1911", 11],
        ["m4a1", 9],
        ["savage_111f", 11],
        ["remington_700", 11],
        ["ruger_1022", 11],
        ["marlin_9a", 11],
        ["remington_870", 11],
        ["mossberg_500", 11],
        ["shotgun_d", 44],
        ["pipebomb", 10],
        ["molotov", 10],
        ["matchbomb", 10],
        ["laser_sight", 11],
        ["rail_laser_sight", 15],
        ["rifle_scope", 3],
        ["pistol_scope", 3],
        ["improve_sights", 60],
        ["battery", 50],
        ["holster", 22],
        ["dump_pouch", 22],
        ["ragpouch", 22],
        ["leather_pouch", 15],
        ["goggles_ski", 11],
        ["mask_gas", 22],
        ["runner_bag", 22],
        ["molle_pack", 11],
        ["boots_combat", 22],
        ["jacket_army", 22],
        ["elbow_pads", 20],
        ["knee_pads", 20],
        ["pants_cargo", 22],
        ["helmet_army", 11],
        ["chocolate", 30],
        ["can_beans", 20],
      [ "modularvest", 5 ],
        ["mre_beef_box", 55],
        ["mre_veggy_box", 33],
        ["mre_chicken_box", 33],
        ["mre_hotdog_box", 33],
        ["mre_ravioli_box", 33],
        ["1st_aid", 44],
        ["mil_mess_kit", 30],
        ["saline", 10],
        ["con_milk", 10],
        ["sports_drink", 33],
        ["water_clean", 55],
        ["dynamite", 22],
        ["molotov", 22],
        ["trenchcoat", 25],
        ["grenade", 22],
        ["grenade", 33],
        ["flashbang", 22],
        ["flashbang", 22],
        ["c4", 6],
        ["UPS_off", 3],
        ["chestrig", 11]
    ]
  }
]