[
{
        "type" : "overmap_terrain",
        "id" : "shop_mil",
        "name" : "商人藏身处",
        "sym" : 84,
        "color" : "light_gray",
        "see_cost" : 5
    },
	{
        "type" : "overmap_terrain",
        "id" : "shop_food",
        "name" : "商人藏身处",
        "sym" : 84,
        "color" : "light_gray",
        "see_cost" : 5
    },
	{
        "type" : "overmap_terrain",
        "id" : "Merchant_Bunker_B1",
        "name" : "被遗弃的地下室.",
        "sym" : 66,
        "color" : "light_gray",
        "see_cost" : 5
    },
	{
        "type" : "overmap_terrain",
        "id" : "Merchant_Bunker_Sub",
        "name" : "被遗弃的房子",
        "sym" : 66,
        "color" : "light_gray",
        "see_cost" : 5
    },
	{
        "type" : "overmap_terrain",
        "id" : "ZoneNW",
        "name" : "幸存者聚集点",
        "sym" : 66,
        "color" : "red",
        "see_cost" : 5
    },
	{
        "type" : "overmap_terrain",
        "id" : "ZoneNE",
        "name" : "幸存者聚集点",
        "sym" : 66,
        "color" : "red",
        "see_cost" : 5
    },
	{
        "type" : "overmap_terrain",
        "id" : "ZoneSW",
        "name" : "幸存者聚集点",
        "sym" : 66,
        "color" : "red",
        "see_cost" : 5
    },
	{
        "type" : "overmap_terrain",
        "id" : "ZoneSE",
        "name" : "幸存者聚集点",
        "sym" : 66,
        "color" : "red",
        "see_cost" : 5
    }
]
