[
	{
        "type": "profession",
        "ident": "Nscavan",
        "name": "新手清道夫",
        "description": "一分钟前从家乡出来的“拾荒者”.在‘荒原’里的一切都很尴尬.看来我需要买一些像铁管步枪之类的武器.",
        "points": 1,
        "skills": [
            {
                "level": 1,
                "name": "survival"
            },
            {
                "level": 1,
                "name": "cooking"
            }
        ],
        "items": {
            "both": {
                "items": [
                    "socks",
                    "longshirt",
                    "cloak",
                    "boots",
                    "gloves_leather",
                    "pants_cargo",
                    "backpack",
					"water_clean",
					"matches"
                ],
                "entries": [
                    { "item": "makeshift_knife", "container-item": "sheath" },
                    { "item": "shotgun_s", "ammo-item": "shot_00", "charges": 1, "content-item": "shoulder_strap" },
                    { "item": "shot_00", "charges": 9 }
                ]
            },
            "male": [
                "boxer_shorts"
            ],
            "female": [
                "bra",
                "boy_shorts"
            ]
        },
        "flags": ["SCEN_ONLY"],
        "traits": [
            "PROF_Village"
        ]
    }
]