[
	{
    "type": "scenario",
    "ident": "market_start",
    "name": "村民",
    "points" : 1,
    "description": "大灾变已经过去好几年了.我的父母带着我在荒地上艰难求生时,我跟着他们学会了一些谋生的能力,他们现在已经不在了.现在,我必须离开家乡去获取补给,就像我父母曾经做过的一样.",
    "allowed_locs" : ["Market"],
    "start_name": "幸存者聚集点",
    "flags" : ["SUM_ADV_START"],
    "professions" : ["player_bandit","winter_scavenger","waste_ranger","Nscavan"]
	}
]