[
  {
    "id": "TALK_Merc_Food",
    "type": "talk_topic",
    "dynamic_line": {
      "u_is_wearing": "badge_marshal",
      "yes": "电池、燃料、熨斗、药品……好吧.最好的弹药.我还有一些食物.别想打歪主意.我们都全副武装.那么,要交易吗?",
      "no": "电池、燃料、熨斗、药品……好吧.最好的弹药.我还有一些食物.别想打歪主意.我们都全副武装.那么,要交易吗?"},
    "responses": [
      {
        "text": "有什么我可以帮忙的吗?",
        "topic": "TALK_Merc_Mil_Help"
      },
      {
        "text": "让我们看看你有什么……",
        "effect": "start_trade",
        "topic": "TALK_Merc_Mil"
      },
      {
        "text": "再见.",
        "topic": "TALK_DONE"
      }
	  ]
	},
  {
    "id": "TALK_Merc_Mil_Help",
    "type": "talk_topic",
    "dynamic_line": "不了.",
    "responses": [
      {
        "text": "明白了.",
        "topic": "TALK_Merc_Mil"
      }
    ]
  }
]