[
  {
    "id": "TALK_Merc_Med",
    "type": "talk_topic",
    "dynamic_line": {
      "u_is_wearing": "badge_marshal",
      "yes": "<greet>, 我正在研究一些有用的治疗疾病的方法.你需要药物吗?",
      "no": "<greet>, 我正在研究一些有用的治疗疾病的方法.你需要药物吗?"},
    "responses": [
      {
        "text": "你是医生吗? 你可以治疗我吗?",
        "topic": "TALK_Merc_Med_Help"
      },
      {
        "text": "让我们看看你有什么……",
        "effect": "start_trade",
        "topic": "TALK_Merc_Med"
      },
      {
        "text": "再见.",
        "topic": "TALK_DONE"
      }
	  ]
	},
  {
    "id": "TALK_Merc_Med_Help",
    "type": "talk_topic",
    "dynamic_line": "不幸的是,我不是真正的医生.他死了……我只是在销售他的部分财产.",
    "responses": [
      {
        "text": "明白了.",
        "topic": "TALK_Merc_Med"
      }
    ]
  }
]