[
  {
    "id": "TALK_Merc_guard_gate",
    "type": "talk_topic",
    "dynamic_line": {
      "u_is_wearing": "badge_marshal",
      "yes": "停下! 表明你的身份.",
      "no": "停下! 表明你的身份."},
    "responses": [
      {
        "text": "我只是路过的. 这是什么地方?",
        "topic": "TALK_Merc_guard_gate_Exp"
      }
	  ]
	},
	
	
  {
    "id": "TALK_Merc_guard_gate_Exp",
    "type": "talk_topic",
    "dynamic_line": "另一个幸存者? <greet>. 这里是... 聚集点. 也是贸易中心. 如果你想交换一些有用的东西, 那就进去看看. 另外, 如果你正在考虑抢劫我们... 我并不推荐你那样做. 除非你能脸接7.62mm.",
    "responses": [
      {
        "text": "明白了. 谢谢.",
        "topic": "TALK_DONE"
      },{
        "text": "我会再来的.",
        "topic": "TALK_DONE"
      }
    ]
  }
  
  
]