[
  {
    "id": "TALK_Merc_Ammo",
    "type": "talk_topic",
    "dynamic_line": {
      "u_is_wearing": "badge_marshal",
      "yes": "嘿,你需要一些弹药在这里生存下去. 你喜欢哪种? 手工复装,还是军用标准?",
      "no": "嘿,你需要一些弹药在这里生存下去. 你喜欢哪种? 手工复装,还是军用标准?"},
    "responses": [
      {
        "text": "有什么我可以帮忙的吗?",
        "topic": "TALK_Merc_Ammo_Help"
      },
      {
        "text": "我是来这里交易的.",
        "effect": "start_trade",
        "topic": "TALK_Merc_Ammo"
      },
      {
        "text": "再见.",
        "topic": "TALK_DONE"
      }
	  ]
	},
  {
    "id": "TALK_Merc_Ammo_Help",
    "type": "talk_topic",
    "dynamic_line": "不,谢谢.",
    "responses": [
      {
        "text": "明白了.",
        "topic": "TALK_Merc_Ammo"
      }
    ]
  }
]