[
  {
    "id": "TALK_Merc_Mil",
    "type": "talk_topic",
    "dynamic_line": {
      "u_is_wearing": "badge_marshal",
      "yes": "另一个幸存者.我这有一批从附近的营地走私过来的军用物资和弹药.你想要交易吗?",
      "no": "另一个幸存者.我这有一批从附近的营地走私过来的军用物资和弹药.你想要交易吗?"},
    "responses": [
      {
        "text": "有什么我可以帮忙的吗?",
        "topic": "TALK_Merc_Mil_Help"
      },
      {
        "text": "让我们看看你有什么……",
        "effect": "start_trade",
        "topic": "TALK_Merc_Mil"
      },
      {
        "text": "再见.",
        "topic": "TALK_DONE"
      }
	  ]
	},
  {
    "id": "TALK_Merc_Mil_Help",
    "type": "talk_topic",
    "dynamic_line": "不了.谢谢.",
    "responses": [
      {
        "text": "明白了.",
        "topic": "TALK_Merc_Mil"
      }
    ]
  }
]