[
{
    "type" : "MONSTER",
    "id" : "mon_bandit_looter",
    "name": "掠夺者",
    "default_faction":"bandit",
    "symbol":"@",
    "color":"pink",
    "size":"MEDIUM",
    "material":"flesh",
    "diff":10,
    "aggression":100,
    "morale":20,
    "speed":110,
    "melee_skill":4,
    "melee_dice":1,
    "melee_dice_sides":7,
    "melee_cut":2,
    "dodge":3,
    "armor_bash":2,
    "armor_cut":2,
    "armor_stab":2,
    "vision_day":50,
    "vision_night":6,
    "death_drops": {
        "subtype": "collection",
        "groups": [
            [ "bandit_looter", 100 ]
        ]
    },
    "upgrades":{
      "into": "mon_bandit_scrapper",
      "half_life": 21
    },
    "hp":75,
    "death_function":["NORMAL"],
    "description":"穿着破破烂烂的盔甲, 这个人的眼中充满绝望, 何妨不是呢.",
    "flags":["HUMAN", "GOODHEARING", "GROUP_MORALE", "ATTACKMON", "SEES", "HEARS", "SMELLS", "WARM", "BASHES", "HUMAN", "LEATHER", "FAT", "BONES", "PUSH_MON"],
	"anger_triggers":["HURT", "PLAYER_CLOSE"],
	"fear_triggers":["FRIEND_DIED"],
	"categories":["CLASSIC"]
    },
    {
        "type" : "item_group",
        "subtype": "collection",
        "id": "bandit_looter",
        "entries":
        [
            { "group": "default_zombie_death_drops", "damage": [0, 4] },
			{ "group": "bandit_looter_drops", "damage": [0,4], "prob": 80}
        ]
    },
    {
    "type" : "item_group",
    "id" : "bandit_looter_drops",
    "items": [
	  [ "stick", 10],
	  ["spear_rebar", 10],
	  ["pointy_stick", 5],
	  ["q_staff", 5],
	  ["spear_wood", 5],
	  ["spear_forked", 5],
	  ["bwirebat", 3],
	  ["i_staff", 2],
	  ["canister_empty", 2],
	  ["sword_wood", 2],
	  ["hammer_sledge", 2],
	  ["knife_butter", 1],
	  ["baton-extended", 1],
	  ["spike", 1],
	  ["torch_done", 1],
	  ["rock", 1],
	  ["sharp_rock", 1],
	  ["pipe", 1],
	  ["golf_club", 1],
	  ["longsword_inferior", 1] 
    ]
    },
{
    "type" : "MONSTER",
    "id" : "mon_bandit_m1911",
    "name": "强盗",
    "default_faction":"bandit",
    "symbol":"@",
    "color":"white",
    "size":"MEDIUM",
    "material":"flesh",
    "diff":15,
    "aggression":15,
    "morale":25,
    "speed":95,
    "melee_skill":3,
    "melee_dice":1,
    "melee_dice_sides":6,
    "melee_cut":1,
    "dodge":1,
    "armor_bash":9,
    "armor_cut":9,
    "armor_stab":9,
    "armor_acid":2,
    "vision_day":50,
    "vision_night":2,
    "death_drops": {
        "subtype": "collection",
        "groups": [
            [ "bandit_highway", 100 ]
        ]
    },
    "upgrades":{
      "into": "mon_bandit_smg",
      "half_life": 28
    },
    "hp":60,
    "death_function":["NORMAL"],
    "special_attacks":[
		        {
            "type" : "gun",
            "cooldown" : 2,
            "gun_type" : "m1911",
            "ammo_type" : "45_acp",
            "max_ammo" : 1000,
            "fake_str" : 11,
            "fake_dex" : 9,
            "fake_per" : 7,
            "fake_skills" : [["gun", 3], ["pistol", 2]],
            "move_cost" : 95,
            "targeting_cost" : 55,
            "range" : 12,
            "description" : "强盗扣下了手枪的扳机,呯!",
            "targeting_sound" : "今晚加菜!",
            "targeting_volume" : 15,
            "no_ammo_sound" : "滴哒,滴哒!"
        }],
    "starting_ammo" : {"45_acp": 35},
    "description":"这个特殊的幸存者似乎比他的同伴更富有. 他挥舞着一支保养得很好的手枪, 眼睛急切地环顾四周, 寻找另一个战利品.",
    "flags":["HUMAN", "GOODHEARING", "GROUP_MORALE", "ATTACKMON", "SEES", "HEARS", "SMELLS", "WARM", "BASHES", "HUMAN", "LEATHER", "FAT", "BONES", "PUSH_MON"],
	"anger_triggers":["HURT", "FRIEND_DIED", "PLAYER_CLOSE"],
	"categories":["CLASSIC"]
    },{
        "type" : "item_group",
        "subtype": "collection",
        "id": "bandit_highway",
        "entries":
        [
            { "group": "mon_zombie_cop_death_drops", "damage": [0, 4] },
            { "group": "bags", "damage": [0, 3], "prob": 35 },
			{ "group": "bandit_m1911", "damage": [0, 3], "prob": 75, "count": [1, 2]}
        ]
    },{
    "type" : "item_group",
    "id" : "bandit_m1911",
    "items": [
      ["m1911mag", 10],
	  ["m1911", 10],
	  ["reloaded_45_acp", 7]
    ] 
    },
{
    "type" : "MONSTER",
    "id" : "mon_bandit_glock",
    "name": "强盗",
    "default_faction":"bandit",
    "symbol":"@",
    "color":"red",
    "size":"MEDIUM",
    "material":"flesh",
    "diff":15,
    "aggression":10,
    "morale":20,
    "speed":95,
    "melee_skill":3,
    "melee_dice":1,
    "melee_dice_sides":4,
    "melee_cut":1,
    "dodge":1,
    "armor_bash":7,
    "armor_cut":7,
	"armor_stab":5,
    "armor_acid":1,
    "vision_day":50,
    "vision_night":2,
    "death_drops": {
        "subtype": "collection",
        "groups": [
            [ "bandit_glock", 100 ]
        ]
    },
    "upgrades":{
      "into": "mon_bandit_m1911",
      "half_life": 21
    },
    "hp":45,
    "death_function":["NORMAL"],
    "special_attacks":[
		        {
            "type" : "gun",
            "cooldown" : 3,
            "gun_type" : "glock_19",
            "ammo_type" : "reloaded_9mm",
            "max_ammo" : 1000,
            "fake_str" : 10,
            "fake_dex" : 7,
            "fake_per" : 5,
            "fake_skills" : [["gun", 1], ["pistol", 2]],
            "move_cost" : 100,
            "targeting_cost" : 45,
            "range" : 10,
            "description" : "强盗开火了!",
            "targeting_sound" : "强盗正在瞄准目标.",
            "targeting_volume" : 15,
            "no_ammo_sound" : "滴哒,滴哒!"
        }],
    "starting_ammo" : {"reloaded_9mm": 35},
    "description":"在这个幸存者的眼中可以看到一种冰冷的恶意. 看见你走近的时候他已经默默地掏出了手枪.",
    "flags":["HUMAN", "GOODHEARING", "GROUP_MORALE", "ATTACKMON", "SEES", "HEARS", "SMELLS", "WARM", "BASHES", "HUMAN", "LEATHER", "FAT", "BONES", "PUSH_MON"],
	"anger_triggers":["HURT", "PLAYER_CLOSE"],
	"fear_triggers":["FRIEND_DIED"],	
	"categories":["CLASSIC"]
    },{
        "type" : "item_group",
        "subtype": "collection",
        "comment": "9mm drops",
        "id": "bandit_glock",
        "entries":
        [
            { "group": "default_zombie_death_drops", "damage": [0, 4] },
            { "group": "bags", "damage": [0, 3], "prob": 20 },
			{ "group": "bandit_ninemm", "damage": [0, 3], "prob": 75, "count": [1, 2]}
        ]
    },{
    "type" : "item_group",
    "id" : "bandit_ninemm",
    "items": [
      ["glockmag", 10],
	  ["glock_19", 10],
	  ["reloaded_9mm", 5]
    ] 
    },
{
    "type" : "MONSTER",
    "id" : "mon_bandit_melee",
    "name": "疯子",
    "default_faction":"bandit",
    "symbol":"@",
    "color":"white_red",
    "size":"MEDIUM",
    "material":"flesh",
    "diff":20,
    "aggression":100,
    "morale":60,
    "speed":130,
    "melee_skill":7,
    "melee_dice":3,
    "melee_dice_sides":7,
    "melee_cut":6,
    "dodge":10,
    "armor_bash":7,
    "armor_cut":7,
    "armor_stab":7,
    "vision_day":50,
    "vision_night":6,
    "death_drops": {
        "subtype": "collection",
        "groups": [
            [ "bandit_psycho", 100 ]
        ]
    },
    "upgrades":{
      "into": "mon_bandit_super_psycho",
      "half_life": 30
    },
    "hp":100,
    "death_function":["NORMAL"],
    "special_attacks":[["BIO_OP_TAKEDOWN", 15], ["SHRIEK", 20], ["GRAB", 5]],
    "description":"毒品使人疯狂,这个疯狂的家伙挥舞着肮脏的砍刀,脸部抽搐着似乎为即将到来的战斗而亢奋.",
    "flags":["HUMAN", "GOODHEARING", "GROUP_MORALE", "ATTACKMON", "SEES", "HEARS", "SMELLS", "WARM", "BASHES", "HUMAN", "LEATHER", "FAT", "BONES", "PUSH_MON"],
	"anger_triggers":["HURT", "FRIEND_DIED", "PLAYER_CLOSE", "PLAYER_WEAK"]
    },
    {
        "type" : "item_group",
        "subtype": "collection",
        "id": "bandit_psycho",
        "entries":
        [
            { "group": "mon_zombie_soldier_death_drops", "damage": [0, 4], "prob": 80 },
            { "group": "bags", "damage": [0,3], "prob": 20 },
			{ "group": "bandit_psycho_melee", "damage": [0,3], "prob": 90}
        ]
    },
    {
    "type" : "item_group",
    "id" : "bandit_psycho_melee",
    "items": [
	  [ "stick", 5],
	  ["spear_rebar", 10],
	  ["pointy_stick", 5],
	  ["q_staff", 5],
	  ["spear_wood", 5],
	  ["spear_forked", 5],
	  ["spear_steel", 5],
	  ["spear_copper", 3],
	  ["sword_crude", 3],
	  ["homewrecker", 3],
	  ["halberd_fake", 9],
	  ["javelin_iron", 3],
	  ["bwirebat", 9],
	  ["i_staff", 2],
	  ["lajatang", 7],
	  ["canister_empty", 2],
	  ["sword_wood", 2],
	  ["hammer_sledge", 10],
	  ["knife_butter", 1],
	  ["baton-extended", 5],
	  ["mace", 10],
	  ["spike", 5],
	  ["torch_done", 1],
	  ["rock", 1],
	  ["sharp_rock", 1],
	  ["pipe", 1],
	  ["golf_club", 10],
	  ["glass_macuahuitl", 10],
	  ["longsword_inferior", 10] 
    ]
    },
    {
    "type" : "MONSTER",
    "id" : "mon_bandit_raider",
    "name": "掠袭者",
    "default_faction":"bandit",
    "symbol":"@",
    "color":"dkgray_green",
    "size":"MEDIUM",
    "material":"flesh",
    "diff":20,
    "aggression":30,
    "morale":40,
    "speed":80,
    "melee_skill":5,
    "melee_dice":2,
    "melee_dice_sides":4,
    "melee_cut":2,
    "dodge":2,
    "armor_bash":12,
    "armor_cut":12,
	"armor_stab":8,
    "armor_acid":4,
    "vision_day":50,
    "vision_night":4,
    "death_drops": {
        "subtype": "collection",
        "groups": [
            [ "bandit_raider", 100 ]
        ]
    },
    "upgrades":{
      "into": "mon_bandit_rifle",
      "half_life": 28
    },
    "hp":75,
    "death_function":["NORMAL"],
    "special_attacks":[
		        {
            "type" : "gun",
            "cooldown" : 5,
            "gun_type" : "surv_levershotgun",
            "ammo_type" : "shot_00",
            "max_ammo" : 1000,
            "fake_str" : 14,
            "fake_dex" : 10,
            "fake_per" : 10,
            "fake_skills" : [["gun", 4], ["shotgun", 3]],
            "move_cost" : 110,
            "targeting_cost" : 100,
            "range" : 6,
            "description" : "BOOM!!",
            "targeting_sound" : "滴哒,滴哒!",
            "targeting_volume" : 10,
            "no_ammo_sound" : "click"
        }
    ],
    "starting_ammo" : {"shot_00": 15},
    "description":"这个土匪胸前绑着一大块画满奇怪符号的金属板. 他紧紧的握着猎枪, 生人勿近.",
    "flags":["HUMAN", "GOODHEARING", "GROUP_MORALE", "ATTACKMON", "SEES", "HEARS", "SMELLS", "WARM", "BASHES", "HUMAN", "LEATHER", "FAT", "BONES", "PUSH_MON"],
	"anger_triggers":["HURT", "FRIEND_DIED", "PLAYER_CLOSE"],
	"categories":["CLASSIC"]
    },{
        "type" : "item_group",
        "subtype": "collection",
        "id": "bandit_raider",
        "entries":
        [
            { "group": "mon_zombie_cop_death_drops", "damage": [0, 3] },
            { "group": "bags", "damage": [0, 3], "prob": 30 },
			{ "group": "bandit_raider_gun", "damage": [0, 3], "prob": 80},
			{ "group": "bandit_raider_ammo", "damage": [0, 3], "prob": 25}
        ]
    },{
    "type" : "item_group",
    "id" : "bandit_raider_gun",
    "items": [
	  ["surv_levershotgun", 8],
	  ["m1014", 8],
	  ["shotgun_d", 10],
	  ["mossberg_500", 9]
    ] 
    },{
    "type" : "item_group",
    "id" : "bandit_raider_ammo",
    "items": [
	  ["shot_00", 5],
	  ["reloaded_shot_00", 8],
	  ["shot_slug", 5],
	  ["reloaded_shot_slug", 8]
    ] 
    },
    {
    "type" : "MONSTER",
    "id" : "mon_bandit_rifle",
    "name": "神枪手",
    "default_faction": "bandit",
    "symbol":"@",
    "color":"green",
    "size":"MEDIUM",
    "material":"flesh",
    "diff":20,
    "aggression":10,
    "morale":25,
    "speed":85,
    "melee_skill":3,
    "melee_dice":1,
    "melee_dice_sides":6,
    "melee_cut":1,
    "dodge":0,
    "armor_bash":8,
    "armor_cut":8,
    "armor_stab":7,
    "armor_acid":2,
    "vision_day":50,
    "vision_night":2,
    "death_drops": {
        "subtype": "collection",
        "groups": [
            [ "bandit_rifle", 100 ]
        ]
    },
    "upgrades":{
      "into": "mon_bandit_super_snipe",
      "half_life": 30
    },
    "hp":55,
    "death_function":["NORMAL"],
    "special_attacks":[
        ["GRAB", 5],
        {
            "type" : "gun",
            "cooldown" : 6,
            "gun_type" : "remington_700",
            "ammo_type" : "3006",
            "max_ammo" : 1000,
            "fake_str" : 14,
            "fake_dex" : 10,
            "fake_per" : 14,
            "fake_skills" : [["gun", 4], ["rifle", 3]],
            "move_cost" : 150,
            "targeting_cost" : 120,
            "range" : 17,
            "description" : "CRACK!!",
            "targeting_sound" : "瞄准.",
            "targeting_volume" : 15,
            "no_ammo_sound" : "滴答!"
        }
    ],
    "starting_ammo" : {"3006":10},
    "description":"这个幸存者穿着一件破旧的斗篷,不怀好意的紧握着他的步枪.",
   "flags":["HUMAN", "GOODHEARING", "GROUP_MORALE", "ATTACKMON", "SEES", "HEARS", "SMELLS", "WARM", "BASHES", "HUMAN", "LEATHER", "FAT", "BONES", "PUSH_MON"],
	"anger_triggers":["HURT", "FRIEND_DIED", "PLAYER_CLOSE"],
	"categories":["CLASSIC"]
    },{
        "type" : "item_group",
        "subtype": "collection",
        "id": "bandit_rifle",
        "entries":
        [
            { "group": "mon_zombie_soldier_death_drops", "damage": [0, 4] },
            { "group": "bags", "damage": [0, 3], "prob": 20 },
			{ "group": "bandit_remington_700", "damage": [0, 3], "prob": 75, "count": [1, 2]}
        ]
    },{
    "type" : "item_group",
    "id" : "bandit_remington_700",
    "items": [
	  [ "remington_700", 4],
	  ["3006", 4]
    ] 
    },
{
    "type" : "MONSTER",
    "id" : "mon_bandit_scrapper",
    "name": "狂热者",
    "default_faction":"bandit",
    "symbol":"@",
    "color":"brown",
    "size":"MEDIUM",
    "material":"flesh",
    "diff":12,
    "aggression":50,
    "morale":35,
    "speed":120,
    "melee_skill":6,
    "melee_dice":2,
    "melee_dice_sides":6,
    "melee_cut":4,
    "dodge":5,
    "armor_bash":4,
    "armor_cut":4,
    "armor_stab":4,
    "vision_day":50,
    "vision_night":6,
    "death_drops": {
        "subtype": "collection",
        "groups": [
            [ "bandit_scrapper", 100 ]
        ]
    },
    "upgrades":{
      "into": "mon_bandit_melee",
      "half_life": 28
    },
    "hp":75,
    "death_function":["NORMAL"],
    "special_attacks":[["GRAB", 6]],
    "description":"看见他身上的伤疤就知道这家伙经历了多少战斗, 最好和他保持距离.",
    "flags":["HUMAN", "GOODHEARING", "GROUP_MORALE", "ATTACKMON", "SEES", "HEARS", "SMELLS", "WARM", "BASHES", "HUMAN", "LEATHER", "FAT", "BONES", "PUSH_MON"],
	"anger_triggers":["HURT", "PLAYER_CLOSE", "PLAYER_WEAK"],
	"categories":["CLASSIC"]
    },
    {
        "type" : "item_group",
        "subtype": "collection",
        "id": "bandit_scrapper",
        "entries":
        [
            { "group": "mon_zombie_cop_death_drops", "damage": [0, 4], "prob": 90 },
            { "group": "bags", "damage": [0,3], "prob": 20 },
			{ "group": "bandit_scrapper_drops", "damage": [0,4], "prob": 90}
        ]
    },
    {
    "type" : "item_group",
    "id" : "bandit_scrapper_drops",
    "items": [
	  [ "stick", 10],
	  ["spear_rebar", 10],
	  ["pointy_stick", 5],
	  ["q_staff", 5],
	  ["spear_wood", 5],
	  ["spear_forked", 5],
	  ["spear_steel", 5],
	  ["spear_copper", 3],
	  ["sword_crude", 3],
	  ["homewrecker", 3],
	  ["halberd_fake", 3],
	  ["javelin_iron", 3],
	  ["bwirebat", 3],
	  ["i_staff", 2],
	  ["lajatang", 2],
	  ["hammer_sledge", 2],
	  ["baton-extended", 1],
	  ["mace", 1],
	  ["spike", 1],
	  ["torch_done", 1],
	  ["rock", 1],
	  ["sharp_rock", 1],
	  ["pipe", 1],
	  ["golf_club", 1],
	  ["longsword_inferior", 1] 
    ]
    },
    {
    "type" : "MONSTER",
    "id" : "mon_bandit_shotgun",
    "name": "武装强盗",
    "default_faction":"bandit",
    "symbol":"@",
    "color":"ltred",
    "size":"MEDIUM",
    "material":"flesh",
    "diff":20,
    "aggression":10,
    "morale":25,
    "speed":85,
    "melee_skill":3,
    "melee_dice":1,
    "melee_dice_sides":6,
    "melee_cut":2,
    "dodge":2,
    "armor_bash":8,
    "armor_cut":8,
	"armor_stab":6,
    "armor_acid":2,
    "vision_day":50,
    "vision_night":2,
    "death_drops": {
        "subtype": "collection",
        "groups": [
            [ "bandit_shotgun", 100 ]
        ]
    },
    "upgrades":{
      "into": "mon_bandit_raider",
      "half_life": 21
    },
    "hp":45,
    "death_function":["NORMAL"],
    "special_attacks":[
		        {
            "type" : "gun",
            "cooldown" : 5,
            "gun_type" : "pipe_shotgun",
            "ammo_type" : "shot_scrap",
            "max_ammo" : 1000,
            "fake_str" : 11,
            "fake_dex" : 7,
            "fake_per" : 5,
            "fake_skills" : [["gun", 3], ["shotgun", 3]],
            "move_cost" : 125,
            "targeting_cost" : 115,
            "range" : 5,
            "description" : "KABLAAM!!",
            "targeting_sound" : "开火!",
            "targeting_volume" : 10,
            "no_ammo_sound" : "哑火了!"
        }
    ],
    "starting_ammo" : {"shot_scrap": 10},
    "description":"一个披着盔甲,斜挎着子弹带的幸存者, 扛着一柄霰弹枪.",
    "flags":["HUMAN", "GOODHEARING", "GROUP_MORALE", "ATTACKMON", "SEES", "HEARS", "SMELLS", "WARM", "BASHES", "HUMAN", "LEATHER", "FAT", "BONES", "PUSH_MON"],
	"anger_triggers":["HURT", "PLAYER_CLOSE"],
	"fear_triggers":["FRIEND_DIED"],
	"categories":["CLASSIC"]
    },{
        "type" : "item_group",
        "subtype": "collection",
        "id": "bandit_shotgun",
        "entries":
        [
            { "group": "default_zombie_death_drops", "damage": [0, 4] },
            { "group": "bags", "damage": [0, 3], "prob": 30 },
			{ "group": "bandit_shot_gun", "damage": [0, 3], "prob": 80},
			{ "group": "bandit_shot_ammo", "damage": [0, 3], "prob": 30}
        ]
    },{
    "type" : "item_group",
    "id" : "bandit_shot_gun",
    "items": [
	  ["pipe_shotgun", 15],
      ["shotgun_s", 10],
	  ["shotgun_d", 5],
	  ["mossberg_500", 1]
    ] 
    },{
    "type" : "item_group",
    "id" : "bandit_shot_ammo",
    "items": [
	  ["shot_scrap", 6],
	  ["reloaded_shot_bird", 5]
    ] 
    },
   {
    "type" : "MONSTER",
    "id" : "mon_bandit_smg",
    "name": "流亡者",
    "default_faction": "bandit",
    "symbol":"@",
    "color":"red",
    "size":"MEDIUM",
    "material":"flesh",
    "diff":20,
    "aggression":30,
    "morale":40,
    "speed":100,
    "melee_skill":5,
    "melee_dice":1,
    "melee_dice_sides":8,
    "melee_cut":2,
    "dodge":5,
    "armor_bash":15,
    "armor_cut":15,
    "armor_stab":15,
    "armor_acid":4,
    "vision_day":45,
    "vision_night":3,
    "death_drops": {
        "subtype": "collection",
        "groups": [
            [ "bandit_smg", 100 ]
        ]
    },
    "upgrades":{
      "into": "mon_bandit_alpha",
      "half_life": 30
    },
    "hp":90,
    "death_function":["NORMAL"],
    "special_attacks":[
        {
            "type" : "gun",
            "cooldown" : 6,
            "gun_type" : "uzi",
            "ammo_type" : "9mm",
            "max_ammo" : 1000,
            "fake_str" : 14,
            "fake_dex" : 8,
            "fake_per" : 10,
            "fake_skills" : [["gun", 3], ["smg", 4]],
            "move_cost" : 115,
            "targeting_cost" : 85,
	    "burst_limit": 5,
            "range" : 8,
            "description" : "流亡者扣下扳机!哒哒哒!",
            "targeting_sound" : "'你不应该来这里...'",
            "targeting_volume" : 17,
            "no_ammo_sound" : "click, click, click"
        }
    ],
    "starting_ammo" : {"9mm":128},
    "description":"一个为血而生的疯狂枪手, 他毫不犹豫地挥舞着他的冲锋枪.",
   "flags":["HUMAN", "GOODHEARING", "GROUP_MORALE", "ATTACKMON", "SEES", "HEARS", "SMELLS", "WARM", "BASHES", "HUMAN", "NO_BREATHE", "LEATHER", "FAT", "BONES", "PUSH_MON"],
	"anger_triggers":["HURT", "FRIEND_DIED", "PLAYER_CLOSE"],
	"categories":["CLASSIC"]
    },{
        "type" : "item_group",
        "subtype": "collection",
        "id": "bandit_smg",
        "entries":
        [
            { "group": "mon_zombie_soldier_death_drops", "damage": [0, 4] },
            { "group": "bags", "damage": [0, 3], "prob": 20 },
			{ "group": "bandit_uzi", "damage": [0, 3], "prob": 75, "count": [1, 2]}
        ]
    },{
    "type" : "item_group",
    "id" : "bandit_uzi",
    "items": [
	  [ "uzimag", 4],
	  ["9mm", 3],
	  ["uzi", 5]
    ] 
    },
    {
    "type" : "MONSTER",
    "id" : "mon_bandit_alpha",
    "name": "掠夺者",
    "default_faction": "bandit",
    "symbol":"@",
    "color":"red_white",
    "size":"MEDIUM",
    "material":"flesh",
    "diff":25,
    "aggression":60,
    "morale":100,
    "speed":115,
    "melee_skill":8,
    "melee_dice":3,
    "melee_dice_sides":5,
    "melee_cut":6,
    "dodge":7,
    "armor_bash":30,
    "armor_cut":30,
    "armor_stab":30,
    "armor_acid":10,
    "vision_day":60,
    "vision_night":10,
    "death_drops": {
        "subtype": "collection",
        "groups": [
            [ "bandit_alpha", 100 ]
        ]
    },
    "hp":200,
    "death_function":["NORMAL"],
    "special_attacks":[
        ["GRAB", 5],
        {
            "type" : "gun",
            "cooldown" : 7,
            "gun_type" : "hk_g36",
            "ammo_type" : "223",
            "max_ammo" : 1000,
            "fake_str" : 18,
            "fake_dex" : 16,
            "fake_per" : 16,
            "fake_skills" : [["gun", 5], ["rifle", 5]],
            "move_cost" : 100,
            "targeting_cost" : 60,
	    "burst_limit": 6,
            "range" : 15,
            "description" : "P-P-P-POW",
            "targeting_sound" : "'说晚安吧, 弱鸡.'",
            "targeting_volume" : 15,
            "no_ammo_sound" : "chk, chk!"
        }
    ],
    "special_when_hit":["ZAPBACK", 50],
    "starting_ammo" : {"223":150},
    "description":"从头到脚都披着零散的装甲,那诡异而狂野优雅的姿势, 可以肯定地认为这个强盗已经超越了人类的极限,很难说这个防毒面具背后是不是人.",
   "flags":["HUMAN", "GOODHEARING", "GROUP_MORALE", "ATTACKMON", "SEES", "HEARS", "SMELLS", "KEENNOSE", "NO_BREATHE", "WARM", "BASHES", "HUMAN", "LEATHER", "FAT", "BONES", "PUSH_MON", "CBM_OP"],
	"anger_triggers":["HURT", "FRIEND_DIED", "PLAYER_CLOSE"]
    },{
        "type" : "item_group",
        "subtype": "collection",
        "id": "bandit_alpha",
        "entries":
        [
            { "group": "mon_zombie_survivor_death_drops", "damage": [0, 2], "prob": 90},
            { "group": "bags", "damage": [0, 3], "prob": 20 },
	    { "group": "bandit_hkg36", "damage": [0, 4], "prob": 80, "count": [1, 2]}
        ]
    },{
    "type" : "item_group",
    "id" : "bandit_hkg36",
    "items": [
	  [ "stanag30", 3],
	  ["223", 3],
	  ["hk_g36", 3]
    ] 
    },
    {
    "type" : "MONSTER",
    "id" : "mon_bandit_super_psycho",
    "name": "疯狂医生",
    "default_faction":"bandit",
    "symbol":"@",
    "color":"ltgreen_red",
    "size":"MEDIUM",
    "material":"flesh",
    "diff":30,
    "aggression":100,
    "morale":100,
    "speed":145,
    "melee_skill":8,
    "melee_dice":4,
    "melee_dice_sides":6,
    "melee_cut":8,
    "dodge":10,
    "armor_bash":20,
    "armor_cut":20,
    "armor_stab":15,
    "vision_day":50,
    "vision_night":10,
    "death_drops": {
        "subtype": "collection",
        "groups": [
            [ "bandit_super_psycho", 100 ]
        ]
    },
    "hp":200,
    "death_function":["NORMAL"],
    "special_attacks":[["BIO_OP_TAKEDOWN", 10], ["GRAB", 3]],
    "description":"链锯,血液,疯狂医生,!",
    "flags":["HUMAN", "GOODHEARING", "GROUP_MORALE", "ATTACKMON", "SEES", "HEARS", "SMELLS", "WARM", "BASHES", "DESTROYS", "HUMAN", "LEATHER", "FAT", "BONES", "PUSH_MON"],
	"anger_triggers":["HURT", "FRIEND_DIED", "PLAYER_CLOSE", "PLAYER_WEAK"]
    },
    {
        "type" : "item_group",
        "subtype": "collection",
        "id": "bandit_super_psycho",
        "entries":
        [
            { "group": "mon_zombie_survivor_death_drops", "damage": [0, 3], "prob": 50 },
            { "group": "bags", "damage": [0,3], "prob": 20 },
			{ "group": "bandit_super_psycho_drop", "damage": [0,3]}
        ]
    },
    {
    "type" : "item_group",
    "id" : "bandit_super_psycho_drop",
    "items": [
	["chainsaw_off", 10],
	["elec_chainsaw_off", 10],
	["combatsaw_off", 5]
    ]
    },
    {
    "type" : "MONSTER",
    "id" : "mon_bandit_super_snipe",
    "name": "猎头者",
    "default_faction": "bandit",
    "symbol":"@",
    "color":"ltgreen_green",
    "size":"MEDIUM",
    "material":"flesh",
    "diff":30,
    "aggression":50,
    "morale":50,
    "speed":50,
    "melee_skill":5,
    "melee_dice":1,
    "melee_dice_sides":10,
    "melee_cut":2,
    "dodge":1,
    "armor_bash":15,
    "armor_cut":15,
    "armor_stab":15,
    "armor_acid":5,
    "vision_day":50,
    "vision_night":10,
    "death_drops": {
        "subtype": "collection",
        "groups": [
            [ "bandit_super_rifle", 100 ]
        ]
    },
    "hp":100,
    "death_function":["NORMAL"],
    "special_attacks":[
        {
            "type" : "gun",
            "cooldown" : 7,
            "gun_type" : "savage_111f",
            "ammo_type" : "308",
            "max_ammo" : 1000,
            "fake_str" : 16,
            "fake_dex" : 11,
            "fake_per" : 16,
            "fake_skills" : [["gun", 5], ["rifle", 5]],
            "move_cost" : 155,
            "targeting_cost" : 200,
            "range" : 20,
            "description" : "CRACK!!",
            "targeting_sound" : "你几乎可以感觉到风都停了一秒钟.",
            "targeting_volume" : 17,
            "no_ammo_sound" : "chk!"
        }
    ],
    "starting_ammo" : {"308":12},
    "description":"这个幸存者和周围环境几乎融为一体,简直难以置信. 现在才注意到他已经太迟了.",
   "flags":["HUMAN", "GOODHEARING", "GROUP_MORALE", "ATTACKMON", "SEES", "HEARS", "SMELLS", "WARM", "BASHES", "NO_BREATHE", "NIGHT_INVISIBILITY", "HUMAN", "LEATHER", "FAT", "BONES", "PUSH_MON"],
	"anger_triggers":["HURT", "FRIEND_DIED", "PLAYER_CLOSE"],
	"categories":["CLASSIC"]
    },{
        "type" : "item_group",
        "subtype": "collection",
        "id": "bandit_super_rifle",
        "entries":
        [
            { "group": "mon_zombie_soldier_death_drops", "damage": [0, 2] },
            { "group": "bags", "damage": [0, 3], "prob": 20 },
			{ "group": "bandit_savage_gun", "damage": [0, 2]},
			{ "group": "bandit_savage_ammo", "damage": [0, 2], "count": [1,2]}
        ]
    },{
    "type" : "item_group",
    "id" : "bandit_savage_gun",
    "items": [
	  [ "remington_700", 4],
	["savage_111f", 3]
    ] 
    },
    {
    "type" : "item_group",
    "id" : "bandit_savage_ammo",
    "items": [
	  [ "308", 4],
	  ["3006", 4]
    ] 
    }
]