[
  {
    "type": "vehicle_group",
    "id": "oa_vg_cs_vehicles",
    "vehicles": [
      ["electric_car", 100],
      ["suv_electric", 70],
      ["bubble_car", 60],
      ["rara_x", 40],
      ["car_sports", 30],
      ["car_sports_electric", 20],
      ["car_sports_atomic", 5]
    ]
  },
  {
    "type": "item_group",
    "id": "oa_ig_cs_desks",
    "items": [
      ["battery", 30],
      ["radio", 10],
      ["eyedrops", 10],
      ["rag", 30],
      ["paper", 30],
      ["foon", 30],
      ["spork", 30],
      ["coffee_raw", 20],
      ["coffee_syrup", 20],
      ["crude_picklock", 10],
      ["picklocks", 5],
      ["cell_phone", 10],
      ["file", 40],
      ["mag_mechanics", 20],
      ["manual_mechanics", 10]
    ]
  },
  {
    "type": "item_group",
    "id": "oa_ig_cs_lockers",
    "items": [
      ["battery", 10],
      ["radio", 10],
      ["rag", 30],
      ["dress_shoes", 20],
      ["longshirt", 30],
      ["polo_shirt", 30],
      ["dress_shirt", 30],
      ["skinny_tie", 10],
      ["tieclip", 10],
      ["collarpin", 10],
      ["blazer", 35],
      ["undershirt", 30],
      ["suit", 30],
      ["waistcoat", 30],
      ["gold_watch", 5],
      ["wristwatch", 10]
    ]
  },
  {
    "type": "mapgen",
    "om_terrain": ["cs_car_showroom"],
    "method": "json",
    "weight": 1000,
    "object": {
      "rows": [
        "..........==========...,",
        ".,........=...======....",
        "..b.b.b.b.=.b.======.b..",
        ".booooooob=bggGGGGGGggb.",
        ",.oF+++co.=.g        g,.",
        ".bo     ob=bg '''''' gb,",
        ",.oV O So.=.g '''''' g..",
        ".bov   Sob=bg '''''' gb.",
        ".,o  SSSo.=.g '''''' g..",
        ".bo ooooob=bg '''''' gb.",
        ".,o oc to.=.g '''''' g..",
        ".bo D  sob=bg '''''' gb,",
        ",.o ooooo.=.g '''''' g..",
        ".bo oc tob=bg '''''' gb,",
        ",.o D  so.=.g        g..",
        "..o ooooogHgoooo  oooo,.",
        ",.o               D Lo..",
        "..oooDo oddddoooDoo Lo.,",
        ".,odc o oh h och ho Lo..",
        "..odhho D    o dddo Lo..",
        ",.odddo o    o  hdocLo.,",
        "..oooooooooooooooooooo..",
        ".,.....,......,.,CC,,.,.",
        ".,.,,....,.....,.,,,,..."
      ],
      "terrain": {
        ".": "t_grass",
        ",": "t_dirt",
        " ": "t_floor",
        "'": "t_concrete",
        "=": "t_sidewalk",
        "b": "t_shrub",
        "o": "t_wall",
        "g": "t_reinforced_glass",
        "G": "t_reinforced_door_glass_c",
        "H": "t_reinforced_door_glass_o",
        "D": "t_door_c",
        
        "C": "t_dirt",
        "s": "t_floor",
        "t": "t_floor",
        "d": "t_floor",
        "L": "t_floor",
        "h": "t_floor",
        "c": "t_floor",
        "F": "t_floor",
        "+": "t_floor",
        "O": "t_floor",
        "S": "t_floor",
        "V": "t_floor",
        "v": "t_floor"
      },
      "furniture": {
        "C": "f_dumpster",
        "s": "f_sink",
        "t": "f_toilet",
        "d": "f_desk",
        "L": "f_locker",
        "h": "f_chair",
        "c": "f_trashcan",
        "F": "f_fridge",
        "+": "f_counter",
        "O": "f_table",
        "S": "f_sofa",
        "V": "f_vending_c",
        "v": "f_vending_c"
      },
      "place_vehicles": [
        {"vehicle": "oa_vg_cs_vehicles", "x": 16, "y": 7, "rotation": 270, "chance": 100}
      ],
      "items": {
        "c": {"item": "oa_custom_trash", "chance": 70},
        "C": {"item": "oa_custom_trash", "chance": 70},
        "d": {"item": "oa_ig_cs_desks", "chance": 70},
        "L": {"item": "oa_ig_cs_lockers", "chance": 70},
        "V": {"item": "vending_food_items", "chance": 70},
        "v": {"item": "vending_drink_items", "chance": 70},
        "F": {"item": "fridgesnacks", "chance": 70}
      },
      "place_items": [
        {"item": "oa_custom_trash", "chance": 80, "repeat": [2,4], "x": 17, "y": 22},
        {"item": "oa_custom_trash", "chance": 80, "repeat": [2,4], "x": 18, "y": 22},
        {"item": "vending_food_items", "chance": 80, "repeat": [3,6], "x": 3, "y": 6},
        {"item": "vending_drink_items", "chance": 80, "repeat": [3,6], "x": 3, "y": 7},
        {"item": "fridgesnacks", "chance": 70, "repeat": [0,4], "x": 3, "y": 4}
      ],
      "add": [
        {"item": "microwave", "x": 4, "y": 4, "chance": 1},
        {"item": "coffeemaker", "x": 5, "y": 4, "chance": 1}
      ],
      "toilets": {
        "t": {}
      }
    }    
  }
]
