[
  {
    "type": "vehicle_group",
    "id": "oa_vg_cd_vehicles",
    "vehicles": [
      ["car", 2000],
      ["electric_car", 500],
      ["suv", 800],
      ["suv_electric", 200],
      ["car_mini", 800],
      ["beetle", 500],
      ["motorcycle", 200],
      ["motorcycle_sidecart", 100],
      ["scooter", 200],
      ["scooter_electric", 300],
      ["pickup", 800],
      ["hippie_van", 1000]
    ]
  },
  {
    "type": "item_group",
    "id": "oa_ig_cd_desks",
    "items": [
      ["battery", 30],
      ["radio", 10],
      ["eyedrops", 10],
      ["rag", 30],
      ["paper", 30],
      ["foon", 30],
      ["spork", 30],
      ["coffee_raw", 20],
      ["coffee_syrup", 20],
      ["crude_picklock", 10],
      ["picklocks", 5],
      ["cell_phone", 10],
      ["file", 40],
      ["mag_mechanics", 20],
      ["manual_mechanics", 10]
    ]
  },
  {
    "type": "item_group",
    "id": "oa_ig_cd_lockers",
    "items": [
      ["battery", 10],
      ["radio", 10],
      ["rag", 30],
      ["jack", 20],
      ["jack_small", 30],
      ["flashlight", 20],
      ["heavy_flashlight", 10],
      ["jumper_cable", 20],
      ["jumper_cable_heavy", 10],
      ["pliers", 10],
      ["battery_motorbike", 10],
      ["battery_car", 10],
      ["stereo", 10],
      ["wrench", 10],
      ["gloves_work", 10],
      ["glasses_safety", 10],
      ["solar_cell", 10],
      ["screwdriver", 15],
      ["superglue", 5],
      ["polisher", 15],
      ["solar_panel", 15]
    ]
  },
  {
    "type": "item_group",
    "id": "oa_ig_cd_crates",
    "items": [
      ["battery", 10],
      ["radio", 10],
      ["rag", 30],
      ["jack", 20],
      ["jack_small", 30],
      ["flashlight", 20],
      ["heavy_flashlight", 10],
      ["jumper_cable", 20],
      ["jumper_cable_heavy", 10],
      ["pliers", 10],
      ["battery_motorbike", 10],
      ["battery_car", 10],
      ["stereo", 10],
      ["wrench", 10],
      ["gloves_work", 10],
      ["glasses_safety", 10],
      ["solar_cell", 10],
      ["screwdriver", 15],
      ["superglue", 5],
      ["polisher", 15],
      ["solar_panel", 15]
    ]
  },
  {
    "type": "item_group",
    "id": "oa_ig_cd_fuel",
    "items": [
      {"item": "gasoline", "prob": 20, "charges-min": 450, "charges-max": 2000, "container-item": "jug_plastic"},
      {"item": "gasoline", "prob": 30, "charges-min": 450, "charges-max": 4000, "container-item": "jerrycan"},
      {"item": "gasoline", "prob": 10, "charges-min": 2650, "charges-max": 10000, "container-item": "jerrycan_big"}
    ]
  },
  {
    "type": "mapgen",
    "om_terrain": ["cs_car_dealership"],
    "method": "json",
    "weight": 1000,
    "object": {
      "rows": [
        ",--==================--.",
        ",|''''''''''''''''''''|,",
        ".|yy''yy'yy''yy'yy''yy|.",
        ",|y''''y'y''''y'y''''y|,",
        ".|y''''y'y''''y'y''''y|.",
        ".|''''''''''''''''''''|,",
        ",|''''''''''''''''''''|.",
        ".|''''''''''''''''''''|.",
        ".|y''''y'y''''y'y''''y|,",
        ".|y''''y'y''''y'y''''y|.",
        ",|yy''yy'yy''yy'yy''yy|.",
        ".|''''''''''''''''''''|,",
        ".|'wOOOwwDw'''''yy''yy|.",
        ".|'wsssVv wOOOw'y''''y|.",
        ",|'w      w   w'y''''y|,",
        ".|'w      w d w'''''''|.",
        ".|'wFttc  D dhw'''''''|,",
        ",|'wwwww  w d w'''''''|,",
        ".|'wL  l  wwwww'y''''y|.",
        ".|'wL Sw  D  Tw'y''''y|,",
        ".|'wwwwwOOwwwww'yy''yy|.",
        ".|''''''''''''''''''''|,",
        ".|##|-~----------------.",
        ".----.....,.,...,...,..,"
      ],
      "terrain": {
        ".": "t_grass",
        ",": "t_dirt",
        "'": "t_pavement",
        "y": "t_pavement_y",
        " ": "t_floor",
        "w": "t_wall_wood",
        "l": "t_door_locked_interior",
        "D": "t_door_c",
        "|": "t_chainfence_v",
        "-": "t_chainfence_h",
        "O": "t_window_alarm",
        "=": "t_chaingate_l",
        "~": "t_chaingate_c",

        "#": "t_pavement",
        "S": "t_floor",
        "L": "t_floor",
        "F": "t_floor",
        "t": "t_floor",
        "c": "t_floor",
        "d": "t_floor",
        "h": "t_floor",
        "T": "t_floor",
        "s": "t_floor",
        "V": "t_floor",
        "v": "t_floor"
      },
      "furniture": {
        "#": "f_dumpster",
        "S": "f_sink",
        "L": "f_locker",
        "F": "f_fridge",
        "t": "f_table",
        "c": "f_trashcan",
        "d": "f_desk",
        "h": "f_chair",
        "T": "f_toilet",
        "s": "f_sofa",
        "V": "f_vending_c",
        "v": "f_vending_c"
      },
      "place_vehicles": [
        {"vehicle": "oa_vg_cd_vehicles", "x": 4, "y": 5, "rotation": 270, "chance": 70, "fuel": 0},
        {"vehicle": "oa_vg_cd_vehicles", "x": 11, "y": 5, "rotation": 270, "chance": 70, "fuel": 0},
        {"vehicle": "oa_vg_cd_vehicles", "x": 18, "y": 5, "rotation": 270, "chance": 70, "fuel": 0},
        {"vehicle": "oa_vg_cd_vehicles", "x": 18, "y": 15, "rotation": 270, "chance": 70, "fuel": 0}
      ],
      "items": {
        "s": {"item": "oa_discarded_news", "chance": 20},
        "c": {"item": "oa_custom_trash", "chance": 70},
        "#": {"item": "oa_custom_trash", "chance": 60},
        "d": {"item": "oa_ig_cd_desks", "chance": 70},
        "L": {"item": "oa_ig_cd_lockers", "chance": 70},
        "F": {"item": "fridgesnacks", "chance": 60},
        "V": {"item": "vending_food_items", "chance": 80},
        "v": {"item": "vending_drink_items", "chance": 80}
      },
      "place_items": [
        {"item": "oa_custom_trash", "chance": 60, "repeat": [0,4], "x": 2, "y": 22},
        {"item": "oa_custom_trash", "chance": 60, "repeat": [0,4], "x": 3, "y": 22},
        {"item": "oa_ig_cd_fuel", "chance": 30, "x": 6, "y": 19},
        {"item": "fridgesnacks", "chance": 60, "repeat": [0,6], "x": 4, "y": 16},
        {"item": "vending_food_items", "chance": 60, "repeat": [3,6], "x": 7, "y": 13},
        {"item": "vending_drink_items", "chance": 60, "repeat": [3,6], "x": 8, "y": 13}
      ],
      "add": [
        {"item": "microwave", "x": 5, "y": 16, "chance": 2},
        {"item": "coffeemaker", "x": 6, "y": 16, "chance": 2}
      ],
      "toilets": {
        "T": {}
      }
    }    
  }
]
