[
  {
    "type": "item_group",
    "id": "ga_items_1",
    "items": [
      ["seed_celery", 10],
      ["seed_tomato", 10],
      ["seed_zucchini", 10],
      ["seed_lettuce", 10],
      ["seed_cucumber", 10],
      ["seed_carrot", 10],
      ["seed_pumpkin", 10],
      ["seed_broccoli", 10],
      ["gloves_work", 10]
    ]
  },
  {
    "type": "mapgen",
    "om_terrain": ["cs_gardening_allotment"],
    "method": "json",
    "weight": 1000,
    "object": {
      "rows": [
        ".......~~~..............",
        ".......~~~..............",
        "..-----===------------..",
        "..|3333~~~444.sss.aaa|..",
        "..|3333~~~444.sss.aaa|..",
        "..|3333.~~444.sss~aaa|..",
        "..|...~~~~~~.....~...|..",
        "..|agaa.~.fff.aaa.111|..",
        "..|gaga.~.fff.aaa.111|..",
        "..|agga.~.fff.aaa~111|..",
        "..|...~.~~~..~...~...|..",
        "..|gggg.~.SSS.222.aaa|..",
        "..|gggg.~.SSS.222.aaa|..",
        "..|gggg.~.SSS.222.aaa|..",
        "..|..~~~~~~..~..~~~~.|..",
        "..|hhhh.~.fff~aaa~RRR|..",
        "..|hhhh.~.fff.aaa~RRR|..",
        "..|hhhh.~.fff.aaatRRR|..",
        "..|.s...~.wwwwwwwwwwwww.",
        "..|...~~~sw66666666666w.",
        "..|sT.~~~~d,,,,B,,,,,Aw.",
        "..----=---wbCCC,,,,,BAw.",
        "..........wwwwwwwwwwwww.",
        "........................"
      ],
      "terrain": {
        ".": "t_grass",
        "-": "t_chainfence_h",
        "|": "t_chainfence_v",
        "=": "t_chaingate_c",
        "T": "t_tree_apple",
        "s": "t_shrub",
        "~": "t_dirt",
        "t": "t_dirt",
        "f": "t_dirtmound",
        "h": "t_dirtmound",
        ",": "t_dirtfloor",
        "w": "t_wall_wood",
        "d": "t_door_o",
        "a": "t_dirtmound",
        "R": "t_shrub_blueberry",
        "S": "t_shrub_strawberry",
        "g": "t_underbrush",
        "6": "t_dirtfloor",
        "A": "t_dirtfloor",
        "B": "t_dirtfloor",
        "b": "t_dirtfloor",
        "C": "t_dirtfloor",
        "D": "t_dirtfloor",
        "1": "t_dirtmound",
        "2": "t_dirtmound",
        "3": "t_dirtmound",
        "4": "t_dirtmound"
      },
      "furniture": {
        "6": "f_table",
        "C": "f_crate_c",
        "A": "f_sink",
        "B": "f_chair",
        "D": "f_trashcan",
        "t": "f_standing_tank",
        "h": "f_hay",
        "f": "f_mutpoppy",
        "1": "f_dahlia",
        "2": "f_dandelion",
        "3": "f_bluebell",
        "4": "f_datura"
      },
      "items": {
        "C": {"item": "ga_items_1", "chance": 80}
      },
      "place_items": [
        {"item": "ga_items_1", "chance": 80, "x": 12, "y": 21},
        {"item": "ga_items_1", "chance": 80, "x": 13, "y": 21},
        {"item": "ga_items_1", "chance": 80, "x": 14, "y": 21}
      ],
      "add": [
        {"item": "shovel", "x": [13,17], "y": [19,20], "chance": 7},
        {"item": "gloves_work", "x": [14,16], "y": 19, "chance": 5},
        {"item": "shovel", "x": 12, "y": 21, "chance": 4},
        {"item": "shovel", "x": 13, "y": 21, "chance": 4},
        {"item": "shovel", "x": 14, "y": 21, "chance": 4}
      ]
    }
  }
]
