[
  {
    "type": "item_group",
    "id": "ic_merch_vending",
    "items": [
      ["water_clean", 100],
      ["water_mineral", 100],
      ["coffee", 100],
      ["atomic_coffee", 100],
      ["chips", 100],
      ["chips2", 100],
      ["chips3", 100]
    ]
  },
  {
    "type": "item_group",
    "id": "ic_merch",
    "items": [
      ["cell_phone", 20],
      ["mag_computer", 20],
      ["battery", 20],
      ["radio", 20],
      ["television", 20],
      ["two_way_radio", 20],
      ["noise_emitter", 20],
      ["eyedrops", 20],
      ["mag_electronics", 20],
      ["ecig", 20],
      ["usb_drive", 20]
    ]
  },
  {
    "type": "mapgen",
    "method": "json",
    "om_terrain": ["cs_internet_cafe"],
    "weight": 1000,
    "object": {
      "rows": [
        "...ssssssssssssssssss...",
        "..gggggggggGGggggggggg..",
        "..gccccccc,,,,cccccccg..",
        "..|c,,,,,,,,,,,,,,,,c|..",
        "..|c,,,,,cPccPc,,,,,c|..",
        "..g,,,,,cc,,,,cc,,,,,g..",
        "..g,,,,,c,,||,,c,,,,,g..",
        "..|V,,,,cc,,,,cc,,,,A|..",
        "..|V,,,,,cccccc,,,,,A|..",
        "..g,,,,,,,,,,,,,,,,,,g..",
        "..||,,,|||,,,,|||,,,||..",
        "..gPh,hP|Ph,,hP|Ph,hPg..",
        "..||,,,|||,,,,|||,,,||..",
        "..gPh,hP|Ph,,hP|Ph,hPg..",
        "..||,,,||||GG||||,,,||..",
        "..gPh,hP|S,,,,S|Ph,hPg..",
        "..||,,,||||,,||||,,,||..",
        "..gPh,hP|tD,,Dt|Ph,hPg..",
        "..||,,,||||,,||||,,,||..",
        "..gPh,hP|tD,,Dt|Ph,hPg..",
        "..||,,,||||,,||||,,,||..",
        "..gPh,hP|tD,,Dt|Ph,hPg..",
        "..|||g|||||gg|||||g|||..",
        "........................"
      ],
      "terrain": {
        ".": "t_grass",
        ",": "t_floor",
        "|": "t_wall",
        "s": "t_sidewalk",
        "c": "t_floor",
        "h": "t_floor",
        "P": "t_console_broken",
        "t": "t_floor",
        "D": "t_door_c",
        "g": "t_wall_glass_alarm",
        "G": "t_door_glass_c",
        "A": "t_atm",
        "V": "t_floor",
        "S": "t_floor"
      },
      "furniture": {
        "c": "f_displaycase",
        "t": "f_toilet",
        "h": "f_chair",
        "V": "f_vending_c",
        "S": "f_sink"
      },
      "toilets": {
        "t": {"comment": "no values needed here"}
        },
      "items": {
        "c": {"item": "ic_merch", "chance": 20},
        "V": {"item": "ic_merch_vending", "chance": 100}
        },
      "add": [
        {"item": "mop", "x": [11,12], "y": [17,20], "chance": 2}
        ],
      "place_items": [
        {"item": "ic_merch_vending", "x": 3, "y": 7, "chance": 90},
        {"item": "ic_merch_vending", "x": 3, "y": 7, "chance": 90},
        {"item": "ic_merch_vending", "x": 3, "y": 7, "chance": 90},
        {"item": "ic_merch_vending", "x": 3, "y": 7, "chance": 90},
        {"item": "ic_merch_vending", "x": 3, "y": 8, "chance": 90},
        {"item": "ic_merch_vending", "x": 3, "y": 8, "chance": 90},
        {"item": "ic_merch_vending", "x": 3, "y": 8, "chance": 90},
        {"item": "ic_merch_vending", "x": 3, "y": 8, "chance": 90}
      ]
    }
  }
]
