[
  {
  "type": "mapgen",
    "method": "json",
    "om_terrain": ["cs_private_park"],
    "weight": 1000,
    "object": {
      "rows": [
        "..xxxxxxxxxxxxxxxxxxxx.,",
        ".WWWWWWWWW-XX-WWWWWWWWW.",
        ",W......T.PxxP.s,p.p..W,",
        ",W.f.p.f..oxxo..f..T..W.",
        ".W.Y..p...oxxo.A.~dpA.W.",
        ".Wo..T...T.xx.d.p.f.,.W.",
        ",W..f.YfA.dxxxxxxxxxT.W,",
        ",W~.,.dwwwAxxxxxxxxxY.W.",
        ".WP..TwwwwwwwwwA.pxxY,W.",
        ",W.f.AwwwwwwwwwwwAxxp.W,",
        ".W.d.xxxxxxxxxxxxxxx..W.",
        ".W~.Txxxxxxxxxxxxxxx.TW.",
        ".W.,.xxwwwwwwwwwwfY.p,W.",
        ",W.f.xxAwwwwwwwwA.Y.d.W,",
        ".W.Y.xx,.wwwwwwwf.Tf,pW.",
        ".W.T.xx.Y.T.wwT.f..A.pW.",
        ".W..fxx...Y..p...~.T,.W,",
        ",Wdddxxd~o~....P.fY...W.",
        ".WzzzDDzzzo.T..f...,ooW.",
        ".WazS   Lz~.Y.,pY.d.T.W.",
        ",W C   21G,,.f...T.,..W,",
        ".WtzBE  1z@@T.P...Y,.YW.",
        ",WWWWWWWWWWWWWWWWW-X-WW.",
        "..,,..,.....,......,..,."
      ],
      "terrain": {
        ",": "t_dirt",
        "-": "t_chainfence_h",
        ".": "t_grass",
        " ": "t_floor",
        "x": "t_sidewalk",
        "w": "t_water_dp",
        "z": "t_wall_wood",
        "A": "t_tree_willow",
        "D": "t_door_locked_peep",
        "C": "t_door_c",
        "G": "t_curtains",
        "P": "t_tree_cherry",
        "T": "t_tree",
        "W": "t_brick_wall",
        "X": "t_chaingate_l",
        "Y": "t_tree_young",

        "~": "t_grass",
        "@": "t_grass",
        "d": "t_grass",
        "f": "t_grass",
        "o": "t_grass",
        "p": "t_grass",
        "s": "t_grass",

        "1": "t_floor",
        "2": "t_floor",
        "a": "t_floor",
        "t": "t_floor",
        "B": "t_floor",
        "E": "t_floor",
        "F": "t_floor",
        "L": "t_floor",
        "S": "t_floor"
      },
      "furniture": {
        "~": "f_dahlia",
        "@": "f_dumpster",
        "d": "f_dandelion",
        "f": "f_bluebell",
        "o": "f_datura",
        "p": "f_mutpoppy",
        "s": "f_bulletin",

        "1": "f_desk",
        "2": "f_chair",
        "a": "f_sink",
        "t": "f_toilet",
        "B": "f_bookcase",
        "E": "f_armchair",
        "F": "f_fridge",
        "L": "f_locker",
        "S": "f_woodstove"
      },
      "toilets": {
        "t": {}
      },
      "place_vehicles": [
        {"vehicle": "bicycle", "x": 3, "y": 2, "rotation":0, "chance": 50}
      ],
      "place_items": [
        {"item": "trash_forest", "chance": 50, "x": [17,19], "y": [19,21]},
        {"item": "trash", "chance": 50, "x": [4,5], "y": [8,11]},
        {"item": "trash", "chance": 50, "x": [6,15], "y": [10,15]},
        {"item": "trash_forest", "chance": 50, "x": [17,19], "y": [19,21]},
        {"item": "trash", "chance": 50, "x": [4,5], "y": [8,11]},
        {"item": "trash", "chance": 50, "x": [6,15], "y": [10,15]},
        
        {"item": "trash_forest", "chance": 50, "x": 9, "y": 21},
        {"item": "trash_forest", "chance": 50, "x": 10, "y": 21},
        {"item": "trash", "chance": 50, "x": 9, "y": 21},
        {"item": "trash", "chance": 50, "x": 10, "y": 21},
        {"item": "trash_forest", "chance": 50, "x": 9, "y": 21},
        {"item": "trash_forest", "chance": 50, "x": 10, "y": 21},
        {"item": "trash", "chance": 50, "x": 10, "y": 21},
        {"item": "trash", "chance": 50, "x": 11, "y": 21}
      ],
      "place_signs": [
        {"signage": "私人财产: 禁止非法进入", "x": 8, "y": 0}
      ]
    }
  }
]
