[
  {
    "type": "vehicle_group",
    "id": "oa_vg_ts_vehicles",
    "vehicles": [
      ["car", 2000],
      ["electric_car", 500],
      ["suv", 800],
      ["suv_electric", 200],
      ["car_mini", 800],
      ["beetle", 500],
      ["motorcycle", 200],
      ["motorcycle_sidecart", 100],
      ["scooter", 200],
      ["scooter_electric", 300],
      ["pickup", 800],
      ["hippie_van", 1000]
    ]
  },
  {
    "type": "item_group",
    "id": "oa_ig_ts_tables",
    "items": [
      ["radio", 30],
      ["rag", 30],
      ["cell_phone", 20],
      ["mag_mechanics", 20],
      ["manual_mechanics", 10],
      ["jack", 60],
      ["jack_small", 60],
      ["jack_makeshift", 30],
      ["wrench", 50],
      ["gloves_work", 30],
      ["glasses_safety", 20]
    ]
  },
  {
    "type": "item_group",
    "id": "oa_ig_ts_lockers",
    "items": [
      ["battery", 10],
      ["radio", 10],
      ["rag", 30],
      ["jack", 20],
      ["jack_small", 30],
      ["flashlight", 20],
      ["heavy_flashlight", 10],
      ["jumper_cable", 20],
      ["jumper_cable_heavy", 10],
      ["pliers", 10],
      ["battery_motorbike", 10],
      ["battery_car", 10],
      ["stereo", 10],
      ["wrench", 10],
      ["gloves_work", 10],
      ["glasses_safety", 10],
      ["solar_cell", 10],
      ["screwdriver", 15],
      ["superglue", 5],
      ["polisher", 15],
      ["solar_panel", 15]
    ]
  },
  {
    "type": "item_group",
    "id": "oa_ig_ts_crates",
    "items": [
      ["battery", 10],
      ["radio", 10],
      ["rag", 30],
      ["jack", 20],
      ["jack_small", 30],
      ["flashlight", 20],
      ["heavy_flashlight", 10],
      ["jumper_cable", 20],
      ["jumper_cable_heavy", 10],
      ["pliers", 10],
      ["battery_motorbike", 10],
      ["battery_car", 10],
      ["stereo", 10],
      ["wrench", 10],
      ["gloves_work", 10],
      ["glasses_safety", 10],
      ["solar_cell", 10],
      ["screwdriver", 15],
      ["superglue", 5],
      ["polisher", 15],
      ["solar_panel", 15]
    ]
  },
  {
    "type": "item_group",
    "id": "oa_ig_ts_tires",
    "items": [
      ["wheel_small", 30],
      ["wheel", 30],
      ["wheel_wide", 20]
    ]
  },
  {
    "type": "mapgen",
    "om_terrain": ["cs_tire_shop"],
    "method": "json",
    "weight": 1000,
    "object": {
      "rows": [
        ",..~~y''''y~~''''''~~.,,",
        ".,.~~y''''y~~''''''~~..,",
        "..,~~y''''y~~''''''~~,..",
        ",..~~y''''y~~''''''~~.,.",
        "...~~y''''y~~''''''~~...",
        ",..~~y''''y~e''''''~~.,.",
        "...~-ggggggg-======-g-.,",
        "..,~| rrrrr eM#MM#M  |..",
        "...~|        M#MM#M t|.,",
        ".,.~| rrrrr  M#MM#M t|..",
        "...~|        M#MM#M t|,.",
        ".,.~| rrrrr  M#MM#M t|..",
        "...~|        M#MM#M t|,.",
        "..,~| rrrrr  M#MM#M t|.,",
        "...~|        M#MM#M t|..",
        ",..~| rrrrr  MMMMMM  |.,",
        "...~D                |,.",
        ".,..| cc--l---- --  Sg..",
        "...,| ch|L C|Vv c|  Sg,.",
        ".,..|   |L C|   c|-D-|..",
        "..,.|rrr|L C|hhhh|T S|.,",
        "...,-ggg-----gggg-----..",
        ".,..,..,...,..,....,...,",
        "...,,....,.....,.....,.."
      ],
      "terrain": {
        ".": "t_grass",
        ",": "t_dirt",
        "'": "t_pavement",
        "~": "t_sidewalk",
        " ": "t_floor",
        "#": "t_grate",
        "=": "t_door_metal_locked",
        "|": "t_wall",
        "-": "t_wall",
        "e": "t_gates_mech_control",
        "g": "t_window",
        "l": "t_door_locked",
        "y": "t_pavement_y",
        "D": "t_door_c",
        "M": "t_metal_floor",

        "c": "t_floor",
        "L": "t_floor",
        "r": "t_floor",
        "h": "t_floor",
        "T": "t_floor",
        "S": "t_floor",
        "C": "t_floor",
        "v": "t_floor",
        "V": "t_floor",
        "t": "t_floor"
      },
      "furniture": {
        "c": "f_counter",
        "L": "f_locker",
        "C": "f_crate_c",
        "h": "f_chair",
        "T": "f_toilet",
        "S": "f_sink",
        "r": "f_rack",
        "v": "f_vending_c",
        "V": "f_vending_c",
        "t": "f_table"
      },
      "place_vehicles": [
        {"vehicle": "oa_vg_ts_vehicles", "x": 15, "y": 10, "rotation": 270, "chance": 50, "fuel": 10}
      ],
      "items": {
        "h": {"item": "oa_discarded_news", "chance": 15},
        "t": {"item": "oa_ig_ts_tables", "chance": 15},
        "r": {"item": "oa_ig_ts_tires", "chance": 40},
        "L": {"item": "oa_ig_ts_lockers", "chance": 50},
        "C": {"item": "oa_ig_ts_crates", "chance": 50}
      },
      "place_items": [
        {"item": "vending_food_items", "chance": 60, "repeat": [3,6], "x": 13, "y": 18},
        {"item": "vending_drink_items", "chance": 60, "repeat": [3,6], "x": 14, "y": 18}
      ],
      "add": [
        {"item": "microwave", "x": 16, "y": 18, "chance": 2},
        {"item": "coffeemaker", "x": 16, "y": 19, "chance": 2}
      ],
      "toilets": {
        "T": {}
      },
      "place_signs": [
        {"signage": "轮胎大促销!", "x": 22, "y": 1}
      ]
    }    
  }
]
