[
  {
    "type": "monstergroup",
    "name": "DUMP_ZOMBIES",
    "default": "mon_zombie_crawler",
    "monsters": [
      {"monster": "mon_zombie_technician", "freq": 150, "cost_multiplier": 1},
      {"monster": "mon_zombie_gasbag", "freq": 150, "cost_multiplier": 1},
      {"monster": "mon_zombie_crawler", "freq": 100, "cost_multiplier": 1},
      {"monster": "mon_zombie_survivor", "freq": 70, "cost_multiplier": 1},
      {"monster": "mon_zombie_hulk", "freq": 50, "cost_multiplier": 1}
    ]
  },
  {
    "type": "monstergroup",
    "name": "DUMP_ANIMALS",
    "default": "mon_null",
    "monsters": [
      {"monster": "mon_fly", "freq": 100, "cost_multiplier": 1},
      {"monster": "mon_crow", "freq": 100, "cost_multiplier": 1},
      {"monster": "mon_fox_gray", "freq": 15, "cost_multiplier": 1},
      {"monster": "mon_fox_red", "freq": 15, "cost_multiplier": 1},
      {"monster": "mon_dog", "freq": 15, "cost_multiplier": 2},
      {"monster": "mon_black_rat", "freq": 100, "cost_multiplier": 1},
      {"monster": "mon_opossum", "freq": 15, "cost_multiplier": 1},
      {"monster": "mon_raccoon", "freq": 15, "cost_multiplier": 1},
      {"monster": "mon_rattlesnake", "freq": 10, "cost_multiplier": 1},
      {"monster": "mon_rattlesnake_giant", "freq": 5, "cost_multiplier": 2},
      {"monster": "mon_worm", "freq": 20, "cost_multiplier": 1},
      {"monster": "mon_wasp", "freq": 10, "cost_multiplier": 1}
    ]
  },
  {
    "type": "item_group",
    "id": "oa_ig_rd_desks",
    "items": [
      ["battery", 30],
      ["radio", 10],
      ["eyedrops", 10],
      ["rag", 30],
      ["paper", 30],
      ["foon", 30],
      ["spork", 30],
      ["cell_phone", 10],
      ["file", 40],
      ["mag_mechanics", 20],
      ["manual_mechanics", 10],
      ["chips", 65],
      ["fried_seeds", 25],
      ["pretzels", 55],
      ["chocpretzels", 40],
      ["chocolate", 50],
      ["jerky", 55],
      ["cracklins", 25],
      ["pemmican", 5],
      ["granola", 10],
      ["porkstick", 55],
      ["candy", 80],
      ["candy2", 80],
      ["candy3", 80],
      ["maple_candy", 10],
      ["powder_candy", 60],
      ["neccowafers", 80],
      ["maltballs", 80],
      ["mintpatties", 80],
      ["cookies", 80],
      ["tea_raw", 10],
      ["coffee_raw", 15],
      ["choco_coffee_beans", 10],
      ["nachos", 50],
      ["chips2", 65],
      ["chips3", 65],
      ["salt", 10],
      ["pepper", 10],
      ["syrup", 10],
      ["coffee_syrup", 10],
      ["popcorn", 25],
      ["popcorn2", 35],
      ["popcorn3", 35],
      ["fruit_leather", 25],
      ["kernels", 25],
      ["pine_nuts", 5],
      ["candycigarette", 20]
    ]
  },
  {
    "type": "item_group",
    "id": "oa_ig_rd_lockers",
    "items": [
      ["battery", 10],
      ["radio", 10],
      ["rag", 30],
      ["flashlight", 20],
      ["heavy_flashlight", 10],
      ["jumper_cable", 20],
      ["jumper_cable_heavy", 10],
      ["pliers", 10],
      ["battery_motorbike", 10],
      ["battery_car", 10],
      ["stereo", 10],
      ["wrench", 10],
      ["screwdriver", 15],
      ["superglue", 5],
      ["boots", 70],
      ["boots_steel", 50],
      ["boots_hiking", 10],
      ["jumpsuit", 20],
      ["gloves_rubber", 20],
      ["gloves_leather", 45],
      ["shovel", 45],
      ["crowbar", 15],
      ["gloves_work", 45],
      ["mask_filter", 30],
      ["glasses_safety", 40],
      ["hat_hard", 50],
      ["hat_hard_hooded", 25],
      ["wearable_light", 5],
      ["ear_plugs", 50],
      ["battery", 50],
      ["flashlight", 40],
      ["boots_rubber", 20],
      ["toolbox", 5],
      ["apron_leather", 10]
    ]
  },
  {
    "type": "item_group",
    "id": "oa_ig_rd_electronic_trash",
    "items": [
      ["battery", 10],
      ["solar_panel", 15],
      ["jumper_cable", 5],
      ["pipe", 20],
      ["stereo", 6],
      ["toaster", 20],
      ["television", 20],
      ["microwave", 20],
      ["multi_cooker", 1],
      ["waffleiron", 25],
      ["radio", 15]
    ]
  },
  {
    "type": "item_group",
    "id": "oa_ig_rd_metal_trash",
    "items": [
      {"item":"scrap","prob":100, "count-min": 1, "count-max": 10},
      ["muffler", 30],
      ["pipe", 20],
      ["motor", 2],
      ["motor_small", 2],
      ["horn_car", 2],
      ["horn_big", 2],
      ["horn_bicycle", 8],
      ["pot", 25],
      ["pot_copper", 15],
      ["toaster", 20],
      ["television", 20],
      ["microwave", 20],
      ["multi_cooker", 1],
      ["pan", 25],
      ["waffleiron", 25],
      ["pastaextruder", 10],
      ["can_sealer", 5],
      ["knife_butter", 90],
      ["knife_steak", 85],
      ["fork", 90],
      ["spoon", 90],
      ["knife_butcher", 10],
      ["extinguisher", 20],
      ["hose", 15],
      ["water_faucet", 20],
      ["chain", 20],
      ["steel_chunk", 30],
      ["spring", 50],
      ["steel_lump", 30],
      ["frame", 20],
      ["hdframe", 20],
      ["cu_pipe", 25],
      ["scrap_copper", 50]
    ]
  },
  {
    "type": "item_group",
    "id": "oa_ig_rd_glass_trash",
    "items": [
      {"item":"glass_shard","prob":100, "count-min": 1, "count-max": 20},
      ["bottle_glass", 30],
      ["jar_glass", 20],
      ["jar_3l_glass", 10]
    ]
  },
  {
    "type": "vehicle_group",
    "id": "oa_vg_wreck",
    "vehicles": [
      ["car", 1000],
      ["electric_car", 500],
      ["suv", 800],
      ["suv_electric", 200],
      ["car_mini", 800],
      ["beetle", 500],
      ["motorcycle", 200],
      ["motorcycle_sidecart", 100],
      ["scooter", 200],
      ["scooter_electric", 300],
      ["pickup", 800],
      ["hippie_van", 800],
      ["schoolbus", 800],
      ["lux_rv", 800],
      ["meth_lab", 800],
      ["road_roller", 800],
      ["truck_trailer", 800],
      ["semi_truck", 800],
      ["flatbed_truck", 800],
      ["semi_truck", 800],
      ["military_cargo_truck", 800],
      ["humvee_gl", 800],
      ["humvee", 800],
      ["security_van", 800],
      ["tractor_seed", 800],
      ["tractor_reaper", 800],
      ["tractor_plow", 800],
      ["cube_van", 800],
      ["car_mini", 800]
    ]
  },
  {
    "type": "item_group",
    "id": "oa_ig_ash_pile",
    "items": [
      ["ash", 100]
    ]
  },

  {
    "type": "mapgen",
    "om_terrain": ["ws_regional_dump_0_0"],
    "method": "json",
    "weight": 1000,
    "object": {
      "rows": [
        "..,..,.....,...,..,..,.,",
        ".-----------------------",
        ".|,,..,....,...,..,,..,.",
        ".|.---------------------",
        ",|.|.,..,..,..,,..,...,.",
        ".|,|.yyyyyyyyyyyyyyyyyyy",
        ".|.|,y''''''''''''''''''",
        ".|,|.y''''''''''''''''''",
        ",|.|,y''''''''''''''''''",
        ".|.|.y''''''''''''''''''",
        ",|,|,y''''''''''''''''''",
        ".|.|.yyyyyyyyy''''''''yy",
        ".|,|,y''''''''''''''''''",
        ".|.|.y''''''''''''''''''",
        ".|,|.y''''''''''''''''''",
        ",|.|,y''''''''''''''''''",
        ".|,|.y''''''''''''''''''",
        ".|.|,yyyyyyyyy''''''''yy",
        ",|.|.y''''''''''''''''''",
        ",|,|.y''''''''''''''''''",
        ".|.|,y''''''''''''''''''",
        ",|.|.y''''''''''''''''''",
        ".|,|.y''''''''''''''''''",
        ",|.|,yyyyyyyyy''''''''yy"
      ],
      "terrain": {
        ".": "t_dirt",
        ",": "t_grass",
        "-": "t_fence_barbed",
        "|": "t_fence_barbed",
        "'": "t_pavement",
        "y": "t_pavement_y"
      },
      "furniture": {
      },
      "items":{
        ".": {"item": "trash", "chance": 5}
      },
      "place_vehicles":[
        {"vehicle": "flatbed_truck", "x": 8, "y": 9, "rotation": 180, "chance": 10},
        {"vehicle": "flatbed_truck", "x": 14, "y": 7, "rotation": 0, "chance": 10},

        {"vehicle": "flatbed_truck", "x": 8, "y": 15, "rotation": 180, "chance": 10},
        {"vehicle": "flatbed_truck", "x": 14, "y": 13, "rotation": 0, "chance": 10},

        {"vehicle": "flatbed_truck", "x": 8, "y": 21, "rotation": 180, "chance": 10},
        {"vehicle": "flatbed_truck", "x": 14, "y": 19, "rotation": 0, "chance": 10}
      ],
      "place_monsters": [
        {"monster": "DUMP_ANIMALS", "x": 12, "y": 12}
      ]
    }
  },

  {
    "type": "mapgen",
    "om_terrain": ["ws_regional_dump_1_0"],
    "method": "json",
    "weight": 1000,
    "object": {
      "rows": [
        ".,.,.,..,..,...,,..,....",
        "------------------------",
        ",.,..,...,.....,.,,..,..",
        "------------------------",
        ".,..,..,...,...,..,.,..,",
        "yyyyyyyyyyyyyyyyyyyyyyyy",
        "''''''''''''''''''''''''",
        "''''''''''''''''''''''''",
        "''''''''''''''''''''''''",
        "''''''''''''''''''''''''",
        "''''''''''''''''''''''''",
        "yyyyyy''''''''''''''''''",
        "''''''''''''''''''''''''",
        "''''''''''''''''''''''''",
        "''''''''''''''''''''''''",
        "''''''''''''''''''''''''",
        "''''''''''''''''''''''''",
        "yyyyyy''''''''yyyyyyyyyy",
        "''''''''''''''''''''''y.",
        "''''''''''''''''''''''y.",
        "''''''''''''''''''''''y.",
        "''''''''''''''''''''''y.",
        "''''''''''''''''''''''y.",
        "yyyyyy''''''''yyyyyyyyy."
      ],
      "terrain": {
        ".": "t_dirt",
        ",": "t_grass",
        "-": "t_fence_barbed",
        "|": "t_fence_barbed",
        "'": "t_pavement",
        "y": "t_pavement_y"
      },
      "furniture": {
      },
      "items":{
        ".": {"item": "trash", "chance": 5}
      },
      "place_vehicles": [
        {"vehicle": "flatbed_truck", "x": 13, "y": 21, "rotation": 180, "chance": 10},
        {"vehicle": "flatbed_truck", "x": 19, "y": 19, "rotation": 0, "chance": 10}
      ],
      "place_monsters": [
        {"monster": "DUMP_ANIMALS", "x": 12, "y": 12}
      ]
    }
  },

  {
    "type": "mapgen",
    "om_terrain": ["ws_regional_dump_2_0"],
    "method": "json",
    "weight": 1000,
    "object": {
      "rows": [
        ".,,..'...'....,..'.,..,.",
        "--,.'.''...'.'.''..'..--",
        ",,.,.'.''.',''''.''.,.,,",
        "--,.'''',.''''.'''''..--",
        ".,..''''''',''''''''.,.,",
        "yyyy''''''''''''''''...,",
        "''''''''''''''''''''.,..",
        "''''''''''''''''''''....",
        "''''''''''''''''''''....",
        "''''''''''''''''''''....",
        "''''''''''''''''''''....",
        "''''''''''''''''''''....",
        "''''''''''''''''''''....",
        "''''''''''''''''''''....",
        "''''''''''''''''''''....",
        "''''''''''''''''''''...r",
        "''''''''''''''''''''....",
        "yyyy''''''''''''''''....",
        "....''''''''''''''''....",
        ".X..''''''''''''''''.r..",
        ".X..''''''''''''''''....",
        "....''''''''''''''''....",
        ".X..''''''''''''''''...r",
        ".X..''''''''''''''''...."
      ],
      "terrain": {
        ".": "t_dirt",
        ",": "t_grass",
        "-": "t_fence_barbed",
        "|": "t_fence_barbed",
        "'": "t_pavement",
        "y": "t_pavement_y",

        "r": "t_dirt",
        "X": "t_dirt"
      },
      "items": {
        ".": {"item": "trash", "chance": 5}
      },
      "furniture": {
        "r": "f_rubble_rock",
        "X": "f_barricade_road"
      },
      "place_monsters": [
        { "monster": "DUMP_ANIMALS", "x": 12, "y": 5}
      ]
    }
  },

  {
    "type": "mapgen",
    "om_terrain": ["ws_regional_dump_3_0"],
    "method": "json",
    "weight": 1000,
    "object": {
      "rows": [
        "..,.,..,.,....,....,..,,",
        "-----------------------.",
        "..,.,.,.,.....,..,.,.,|,",
        "---------------------.|.",
        ".,.....,,...,.SSSS.,|,|.",
        ".,wwoooww.....SSSS.,|.|,",
        "..wddd  w...,..,,.,,|,|.",
        "..od h  D.....SSSS..|.|.",
        ".,od   Lw.SS..SSSS.,|.|,",
        "..odh  Lw.SS...,.,..|,|.",
        "..wdddddw,SS.,SSSS.,|.|.",
        ".,wwoooww,SS..SSSS..|,|,",
        ".,.,,,.,....,..,..,.|.|,",
        "..,....,.,..,.SSSS..|,|.",
        "..,..,...,....SSSS.,|.|,",
        "..r....,....,...,..,|.|,",
        "......r.......r.....|,|.",
        "...,...r.,...,...,..|.|,",
        "......r..r...r......|,|.",
        ".........,...r....r.|.|,",
        "....r....r...r.,..,.|,|.",
        ".........,...,.,....|.|,",
        "r...r........r...,..|,|,",
        ".......r.,.,...,..r.|.|."
      ],
      "terrain": {
        ".": "t_dirt",
        ",": "t_grass",
        "-": "t_fence_barbed",
        "|": "t_fence_barbed",
        "o": "t_window",
        " ": "t_floor",
        "w": "t_wall",
        "D": "t_door_c",

        "S": "t_dirt",
        "r": "t_dirt",
        "h": "t_floor",
        "L": "t_floor",
        "d": "t_floor"
      },
      "furniture": {
        "S": "f_dumpster",
        "r": "f_rubble_rock",
        "h": "f_chair",
        "L": "f_locker",
        "d": "f_desk"
      },
      "items": {
        ".": {"item": "trash", "chance": 5},
        "r": {"item": "oa_ig_rd_metal_trash", "chance": 15},
        "S": {"item": "oa_discarded_news", "chance": 20},
        "d": {"item": "oa_ig_rd_desks", "chance": 20},
        "L": {"item": "oa_ig_rd_lockers", "chance": 90}
      },
      "place_monsters": [
        {"monster": "DUMP_ANIMALS", "x": 12, "y": 12},
        {"monster": "DUMP_ZOMBIES", "x": 17, "y": 10}
      ]
    }
  },

  {
    "type": "mapgen",
    "om_terrain": ["ws_regional_dump_0_1"],
    "method": "json",
    "weight": 1000,
    "object": {
      "rows": [
        ".|.|,y''''''''''''''''''",
        ",|,|.y''''''''''''''''''",
        ".|,|,y''''''''''''''''''",
        ",|.|.y''''''''''''''''''",
        ".|,|.y''''''''''''''''''",
        ".|.|,yyyyyyyyy''''''''yy",
        ",|,|.y''''''''''''''''''",
        ".|.|.y''''''''''''''''''",
        ",|.|,y''''''''''''''''''",
        ",|.|.y''''''''''''''''''",
        ",|,|.y''''''''''''''''''",
        ".|.|,yyyyyyyyyyyyyyyyyyy",
        ",|,|,....,.....,....,.,.",
        ".|.|--------------------",
        ",|.|.,..,....,...,..,...",
        ",|,|.,.....,..,...,..,..",
        ",|.|..,.,...............",
        ".|,|..,.................",
        ".|.|,...,...............",
        ",|.|..,.,...............",
        ".|,|,...,...............",
        ".|.|..,.................",
        ",|,|,.,.,...............",
        ".|.|,..,..,............."
      ],
      "terrain": {
        ".": "t_dirt",
        ",": "t_grass",
        "-": "t_fence_barbed",
        "|": "t_fence_barbed",
        "'": "t_pavement",
        "y": "t_pavement_y"
      },
      "furniture": {
      },
      "items": {
        ".": {"item": "trash", "chance": 5}
      },
      "place_vehicles": [
        {"vehicle": "flatbed_truck", "x": 8, "y": 3, "rotation": 180, "chance": 10},
        {"vehicle": "flatbed_truck", "x": 14, "y": 1, "rotation": 0, "chance": 10},

        {"vehicle": "flatbed_truck", "x": 8, "y": 9, "rotation": 180, "chance": 10},
        {"vehicle": "flatbed_truck", "x": 14, "y": 7, "rotation": 0, "chance": 10},

        {"vehicle": "flatbed_truck", "x": 15, "y": 16, "rotation": 0, "chance": 100},
        {"vehicle": "flatbed_truck", "x": 20, "y": 20, "rotation": 0, "chance": 100},

        {"vehicle": "oa_vg_wreck", "x": 17, "y": 20, "rotation": 180, "chance": 100}
      ],
      "place_monsters": [
        {"monster": "DUMP_ANIMALS", "x": 12, "y": 12}
      ]
    }
  },

  {
    "type": "mapgen",
    "om_terrain": ["ws_regional_dump_1_1"],
    "method": "json",
    "weight": 1000,
    "object": {
      "rows": [
        "''''''''''''''''''''''y.",
        "''''''''''''''''''''''y.",
        "''''''''''''''''''''''y.",
        "''''''''''''''''''''''y.",
        "''''''''''''''''''''''y.",
        "yyyyyy''''''''yyyyyyyyy.",
        "''''''''''''''''''''''y.",
        "''''''''''''''''''''''y.",
        "''''''''''''''''''''''y.",
        "''''''''''''''''''''''y.",
        "''''''''''''''''''''''y.",
        "yyyyyyyyyyyyyyyyyyyyyyy.",
        ".,..,.,......,....,.....",
        "------------------------",
        ".t.BB.,^..p.^F,E^E.pE,..",
        ".1D,EF.E2,.1W1.t.,1.2.D.",
        ".,.SO^^^p2St^E.FW.2p2EB.",
        ".,t.Wp^^pp^^D^DEB^.CBB..",
        "..11SE^W^^B^^D^WD.EOBB..",
        "..p.W1EfO^BWDd23W3^.tO..",
        "..D1OtS^f1WtSp^S.BSB.^..",
        "..^.BBS^.E.S^.SEp3^.fS..",
        "..d.3.D3.t.S.E.D.3......",
        "^.d....^.3..1..^.S...^.."
      ],
      "terrain": {
        ".": "t_dirt",
        ",": "t_grass",
        "-": "t_fence_barbed",
        "|": "t_fence_barbed",
        "'": "t_pavement",
        "y": "t_pavement_y",
        "^": "t_dirtmound",
        "p": "t_pit",

        "1": "t_dirtmound",
        "2": "t_dirtmound",
        "3": "t_dirtmound",

        "B": "t_dirt",
        "W": "t_dirt",
        "D": "t_dirt",
        "S": "t_dirt",
        "E": "t_dirt",
        "O": "t_dirt",
        "F": "t_dirt",
        "f": "t_dirt",
        "C": "t_dirt",
        "t": "t_dirt",
        "d": "t_dirt"

      },
      "furniture": {
        "B": "f_bathtub",
        "W": "f_washer",
        "D": "f_dryer",
        "S": "f_sink",
        "E": "f_exercise",
        "O": "f_oven",
        "F": "f_fridge",
        "f": "f_glass_fridge",
        "C": "f_trashcan",
        "t": "f_toilet",
        "d": "f_dumpster"
      },
      "items": {
        ".": {"item": "trash", "chance": 5},
        "B": {"item": "oa_custom_trash", "chance": 15},
        "1": {"item": "oa_ig_rd_electronic_trash", "chance": 10},
        "2": {"item": "trash", "chance": 10},
        "3": {"item": "oa_ig_rd_metal_trash", "chance": 10},
        "W": {"item": "allclothes", "chance": 5},
        "D": {"item": "allclothes", "chance": 5}
      },
      "place_vehicles": [
        {"vehicle": "flatbed_truck", "x": 13, "y": 3, "rotation": 180, "chance": 10},
        {"vehicle": "flatbed_truck", "x": 19, "y": 1, "rotation": 0, "chance": 10},

        {"vehicle": "flatbed_truck", "x": 13, "y": 9, "rotation": 180, "chance": 10},
        {"vehicle": "flatbed_truck", "x": 19, "y": 7, "rotation": 0, "chance": 10}
      ],
      "place_monsters": [
        { "monster": "DUMP_ANIMALS", "x": 12, "y": 12}
      ]
    }
  },

  {
    "type": "mapgen",
    "om_terrain": ["ws_regional_dump_2_1"],
    "method": "json",
    "weight": 1000,
    "object": {
      "rows": [
        "..,.'''''''''''''''',..,",
        ",...''''''''''''''''....",
        ".X,.''''''''''''''''.,..",
        ".X..''''''''''''.'''....",
        ",.,.''''''.'''''''''.,..",
        "....'''.''''''''''''...,",
        ".X,.'.''''''''.''''.....",
        ",X....'''''''''''.'..,..",
        "..,.'.''.'''''''''''...,",
        ".,..'''''''''''''.'..,..",
        ".X..'.''''''.''''''.....",
        "X....'.'.'''''''''......",
        "|...''''.'.''''.''''...|",
        "|...'''.'''.'''''.''...|",
        "|.....'.'.''''.'''.....|",
        "....'.'.'.'.''.'..'.....",
        ".....'....'.''...'......",
        ".......'...'............",
        "...............'..'.....",
        ".....'...'...'..........",
        "................'.......",
        "............'...........",
        ".......'................",
        "........................"
      ],
      "terrain": {
        ".": "t_dirt",
        ",": "t_grass",
        "-": "t_fence_barbed",
        "|": "t_fence_barbed",
        "'": "t_pavement",

        "X": "t_dirt"
      },
      "furniture": {
        "X": "f_barricade_road"
      },
      "items": {
        ".": {"item": "trash", "chance": 5}
      }
    },
      "place_monsters": [
        {"monster": "DUMP_ANIMALS", "x": 12, "y": 12},
        {"monster": "DUMP_ZOMBIES", "x": 12, "y": 20}
      ]
  },

  {
    "type": "mapgen",
    "om_terrain": ["ws_regional_dump_3_1"],
    "method": "json",
    "weight": 1000,
    "object": {
      "rows": [
        "..r.....r.....,...r,|.|.",
        "....r...r.r...r.,r.,|,|,",
        "r....rR.r.r.r,.,.r..|.|,",
        "....r.Rr.rR,r...,.r.|.|.",
        "....r.r,Rrrr.wrr.r.,|,|,",
        "..r.R.,rrrw.rRrr.,r.|.|.",
        "..r..r.r.rwr,r,rrrr.|,|,",
        "....rr.Rrwr,rRrwrr,.|,|.",
        "...r.r.r.r.,r.r,.r,r|.|,",
        "..r...RR.wRr,wR,Rr..|,|.",
        "...,.r.R.r.r.R.r.r.r|.|.",
        ".,r..r,.w.R.r..w.R.r|.|,",
        ".,.,..,...,..,.r..rr|,|.",
        "--------------------|.|,",
        ",.,..w..w.,......,..|.|.",
        ".,R.w..,..w.r.,.w.,.|,|,",
        "....,.R.w.,w...w..w.|.|.",
        "..w.w.,w.,w.r,Rww,..|,|.",
        ".wR..r.w.w.,.r,,..w,|.|,",
        "....w..w.wrRr.w.w,..|.|.",
        ".w.R.r.w.wrwwr.w.,w,|,|,",
        "....w..w..R.ww.r...,|.|.",
        "..R..r...w..r...w.,.|,|,",
        ".........w........,.|.|."
      ],
      "terrain": {
        ".": "t_dirt",
        ",": "t_grass",
        "-": "t_fence_barbed",
        "|": "t_fence_barbed",

        "r": "t_dirt",
        "R": "t_dirt",
        "w": "t_dirt"
      },
      "furniture": {
        "r": "f_rubble_rock",
        "R": "f_rubble",
        "w": "f_wreckage"
      },
      "items": {
        ".": {"item": "trash", "chance": 5},
        "r": {"item": "oa_ig_rd_metal_trash", "chance": 15},
        "R": {"item": "oa_ig_rd_metal_trash", "chance": 15},
        "w": {"item": "oa_ig_rd_metal_trash", "chance": 45}
      },
      "place_monsters": [
        {"monster": "DUMP_ANIMALS", "x": 12, "y": 12}
      ]
    }
  },

  {
    "type": "mapgen",
    "om_terrain": ["ws_regional_dump_0_2"],
    "method": "json",
    "weight": 1000,
    "object": {
      "rows": [
        ".|,|,...,...............",
        ",|.|..,.................",
        ",|,|,...................",
        ".|.|.,..,...............",
        ",|.|.,..................",
        ".|,|..,.................",
        ",|.|.,..,...............",
        ".|,|..,.................",
        ",|.|...,................",
        ".|,|.,.,................",
        ",|.|....................",
        ".|,|....,...............",
        ",|.|.,..................",
        ".|.|....,...............",
        ",|,|.,....,.............",
        ".|.|.,.,................",
        ",|.|.....,.,......^.....",
        ".|,|..,....p........p...",
        ",|.|.,..,....^.p..^....p",
        ".|.|.,.,..,.......G..p.p",
        ",|,|....,..p.^.gpg.p.g^g",
        ".|.|..,...,.^..,^gG..G.^",
        ",|.|.,..p.,.^.p,G.^g.^gg",
        ".|,|.,....,...g.pg.g.Gg."
      ],
      "terrain": {
        ".": "t_dirt",
        ",": "t_grass",
        "-": "t_fence_barbed",
        "|": "t_fence_barbed",
        "p": "t_pit",
        "g": "t_pit_glass",
        "^": "t_dirtmound",
        
        "G": "t_dirt"
      },
      "furniture": {
      },
      "items": {
        ".": {"item": "trash", "chance": 5},
        "^": {"item": "trash", "chance": 2},
        "g": {"item": "oa_ig_rd_glass_trash", "chance": 10},
        "G": {"item": "oa_ig_rd_glass_trash", "chance": 5}
      },
      "place_vehicles": [
        {"vehicle": "oa_vg_wreck", "x": [10,16], "y": [8,16], "rotation": [0,90,180,270], "chance": 100},
        {"vehicle": "oa_vg_wreck", "x": [10,16], "y": [8,16], "rotation": [0,90,180,270], "chance": 100},
        {"vehicle": "oa_vg_wreck", "x": [10,16], "y": [8,16], "rotation": [0,90,180,270], "chance": 100},
        {"vehicle": "oa_vg_wreck", "x": [10,16], "y": [8,16], "rotation": [0,90,180,270], "chance": 100},
        {"vehicle": "oa_vg_wreck", "x": [10,16], "y": [8,16], "rotation": [0,90,180,270], "chance": 100},
        {"vehicle": "oa_vg_wreck", "x": [10,16], "y": [8,16], "rotation": [0,90,180,270], "chance": 100}
      ],
      "place_monsters": [
        {"monster": "DUMP_ANIMALS", "x": 12, "y": 12}
      ]
    }
  },

  {
    "type": "mapgen",
    "om_terrain": ["ws_regional_dump_1_2"],
    "method": "json",
    "weight": 1000,
    "object": {
      "rows": [
        "...^.^...WW.....^.......",
        "...^..^.p.^.^..D...^p...",
        "...D..^...p.S........^..",
        "..^..p..B....^.^...p....",
        "........B....^...,...^..",
        "....^....^.....^....^...",
        ".......^.,..^......^p^..",
        "............^.......^...",
        "........................",
        "........................",
        "...^....................",
        "..^p^...,.........,.....",
        "...^...........^........",
        "......^.............^...",
        "......^p^..........^p^..",
        ".......^............^...",
        "................^.......",
        "...............^p.......",
        ".g..p...,........^......",
        ".G.g..^.................",
        "g^gG.g..p^.........^....",
        "pg^GgpG^.^..........p^..",
        "Ggg^pg^^..g.........^...",
        "g^Gg.g^.p^.p............"
      ],
      "terrain": {
        ".": "t_dirt",
        ",": "t_grass",
        "-": "t_fence_barbed",
        "|": "t_fence_barbed",
        "p": "t_pit",
        "^": "t_dirtmound",
        "g": "t_pit_glass",
        
        "G": "t_dirt",

        "B": "t_dirt",
        "S": "t_dirt",
        "D": "t_dirt",
        "W": "t_dirt"
      },
      "furniture": {
        "B": "f_bathtub",
        "S": "f_sink",
        "D": "f_dryer",
        "W": "f_washer"
      },
      "items": {
        ".": {"item": "trash", "chance": 5},
        "^": {"item": "trash", "chance": 2},
        "g": {"item": "oa_ig_rd_glass_trash", "chance": 10},
        "G": {"item": "oa_ig_rd_glass_trash", "chance": 5},
        "W": {"item": "allclothes", "chance": 5},
        "D": {"item": "allclothes", "chance": 5}
      },
      "place_vehicles": [
        {"vehicle": "oa_vg_wreck", "x": [8,16], "y": [8,16], "rotation": [0,90,180,270], "chance": 100},
        {"vehicle": "oa_vg_wreck", "x": [8,16], "y": [8,16], "rotation": [0,90,180,270], "chance": 100},
        {"vehicle": "oa_vg_wreck", "x": [8,16], "y": [8,16], "rotation": [0,90,180,270], "chance": 100},
        {"vehicle": "oa_vg_wreck", "x": [8,16], "y": [8,16], "rotation": [0,90,180,270], "chance": 100},
        {"vehicle": "oa_vg_wreck", "x": [8,16], "y": [8,16], "rotation": [0,90,180,270], "chance": 100},
        {"vehicle": "oa_vg_wreck", "x": [8,16], "y": [8,16], "rotation": [0,90,180,270], "chance": 100}
      ],
      "place_monsters": [
        {"monster": "DUMP_ANIMALS", "x": 12, "y": 12},
        {"monster": "DUMP_ZOMBIES", "x": 13, "y": 15}
      ]
    }
  },

  {
    "type": "mapgen",
    "om_terrain": ["ws_regional_dump_2_2"],
    "method": "json",
    "weight": 1000,
    "object": {
      "rows": [
        "........................",
        "........................",
        "........................",
        "...............,........",
        "........................",
        "........................",
        "........................",
        "........................",
        "......,.................",
        "........................",
        "........................",
        "........................",
        "........................",
        "........................",
        "........................",
        "...............,........",
        "........................",
        ".........,...........a^^",
        "....................a^^p",
        "...................^aapp",
        "..................a^aapp",
        ".................aa^appp",
        "................a^^apppp",
        "................a^^ppppp"
      ],
      "terrain": {
        ".": "t_dirt",
        ",": "t_grass",
        "-": "t_fence_barbed",
        "|": "t_fence_barbed",
        "p": "t_pit",
        "^": "t_dirtmound",

        "a": "t_dirt"
      },
      "furniture": {
        "a": "f_ash"
      },
      "items": {
        ".": {"item": "trash", "chance": 5},
        "^": {"item": "trash", "chance": 3},
        "p": {"item": "trash", "chance": 5},
        "a": {"item": "oa_ig_ash_pile", "chance": 40}
      },
      "place_vehicles": [
        { "vehicle": "oa_vg_wreck", "x": [8,16], "y": [8,16], "rotation": [0,90,180,270], "chance": 100 },
        { "vehicle": "oa_vg_wreck", "x": [8,16], "y": [8,16], "rotation": [0,90,180,270], "chance": 100 },
        { "vehicle": "oa_vg_wreck", "x": [8,16], "y": [8,16], "rotation": [0,90,180,270], "chance": 100 },
        { "vehicle": "oa_vg_wreck", "x": [8,16], "y": [8,16], "rotation": [0,90,180,270], "chance": 100 },
        { "vehicle": "oa_vg_wreck", "x": [8,16], "y": [8,16], "rotation": [0,90,180,270], "chance": 100 },
        { "vehicle": "oa_vg_wreck", "x": [8,16], "y": [8,16], "rotation": [0,90,180,270], "chance": 100 }
      ],
      "place_monsters": [
        { "monster": "DUMP_ANIMALS", "x": 12, "y": 5},
        { "monster": "DUMP_ZOMBIES", "x": 12, "y": 12}
      ]
    }
  },

  {
    "type": "mapgen",
    "om_terrain": ["ws_regional_dump_3_2"],
    "method": "json",
    "weight": 1000,
    "object": {
      "rows": [
        "..R...r..r..R...,w.w|,|.",
        ".w..w...R..ww..R,.,.|.|,",
        "....R.r..rR..ww.wr..|.|,",
        "........R.w...R.,.,w|,|.",
        "....w.r...w.w..w.r..|.|,",
        "....,..R.w..rR.,.,.,|.|.",
        ".......w.r.w..w..,r.|,|.",
        ".........r.Rw.wR.R.,|.|,",
        ".......R.w.ww..,....|,|.",
        "...........Rw.w,.R..|.|.",
        ".........r..w.w.w...|.|,",
        "............w.R..,.r|,|.",
        "............,..,.R..|.|.",
        "..............R..,w.|,|,",
        ".............,..,.r,|.|.",
        "...............,w.,.|.|,",
        "................,..r|,|.",
        ".^...............w,.|.|,",
        "aaa..............,.,|,|.",
        "a^a^............,.w,|,|,",
        "pa^.a^..........,.,.|,|.",
        "ppa^.a^......,...,..|.|,",
        "pppa^a^.a......,..,.|,|,",
        "pppp^aa^.a......,.,.|.|."
      ],
      "terrain": {
        ".": "t_dirt",
        ",": "t_grass",
        "-": "t_fence_barbed",
        "|": "t_fence_barbed",
        "p": "t_pit",
        "^": "t_dirtmound",

        "a": "t_dirt",

        "r": "t_dirt",
        "R": "t_dirt",
        "w": "t_dirt"
      },
      "furniture": {
        "r": "f_rubble_rock",
        "R": "f_rubble",
        "w": "f_wreckage",
        "a": "f_ash"
      },
      "items": {
        ".": {"item": "trash", "chance": 5},
        "^": {"item": "trash", "chance": 3},
        "p": {"item": "trash", "chance": 5},
        "a": {"item": "oa_ig_ash_pile", "chance": 40}
      },
      "place_vehicles": [
        {"vehicle": "oa_vg_wreck", "x": [8,12], "y": [8,16], "rotation": [0,90,180,270], "chance": 100},
        {"vehicle": "oa_vg_wreck", "x": [8,12], "y": [8,16], "rotation": [0,90,180,270], "chance": 100},
        {"vehicle": "oa_vg_wreck", "x": [8,12], "y": [8,16], "rotation": [0,90,180,270], "chance": 100},
        {"vehicle": "oa_vg_wreck", "x": [8,12], "y": [8,16], "rotation": [0,90,180,270], "chance": 100},
        {"vehicle": "oa_vg_wreck", "x": [8,12], "y": [8,16], "rotation": [0,90,180,270], "chance": 100},
        {"vehicle": "oa_vg_wreck", "x": [8,12], "y": [8,16], "rotation": [0,90,180,270], "chance": 100}
      ],
      "place_monsters": [
        {"monster": "DUMP_ANIMALS", "x": 12, "y": 12}
      ]
    }
  },

  {
    "type": "mapgen",
    "om_terrain": ["ws_regional_dump_0_3"],
    "method": "json",
    "weight": 1000,
    "object": {
      "rows": [
        ".|,|.,.g.p^g.^gGG.g^.g.G^",
        ",|.|.^.,.gp^g^gp^g.gpg^gp",
        ".|,|,.,^..g.p^gpGgG^gg^g^",
        ",|,|.^,...g..g^.^p^g..G^p",
        ".|,|.,..^...p.Gg^g.p.g^.g",
        ",|.|,.....^..g..^^.gpgp^g",
        ".|,|.,,.,^...^..Gg.g..p^.",
        ",|,|.,.,.^..p..g...p.g^g.",
        ",|.|,.,......^...g..G.^.g",
        ",|.|.,.,.^.........^.g...",
        ".|,|..,....^...^.......g.",
        ",|,|.,.,,...^......g.....",
        ".|.|.,,,......^......^...",
        ",|.|.,..,................",
        ".|,|..,..................",
        ",|.|..,.,................",
        ".|.|.,,,.................",
        ",|.|.,,..,......,........",
        ".|,|.,.,.,.,.,...,.,.,...",
        ",|.|.,.,.,,..,.,.,,,.,,,,",
        ".|,----------------------",
        ",|.,..,..,.,...,,..,..,..",
        ",------------------------",
        "..,....,,..,,..,...,..,.."
      ],
      "terrain": {
        ".": "t_dirt",
        ",": "t_grass",
        "-": "t_fence_barbed",
        "|": "t_fence_barbed",
        "g": "t_pit_glass",
        "p": "t_pit",
        "^": "t_dirtmound",

        "G": "t_dirt"
      },
      "furniture": {
      },
      "items": {
        ".": {"item": "trash", "chance": 5},
        "^": {"item": "trash", "chance": 2},
        "g": {"item": "oa_ig_rd_glass_trash", "chance": 10},
        "G": {"item": "oa_ig_rd_glass_trash", "chance": 5}
      },
      "place_vehicles": [
        {"vehicle": "oa_vg_wreck", "x": [10,16], "y": [8,12], "rotation": [0,90,180,270], "chance": 100},
        {"vehicle": "oa_vg_wreck", "x": [10,16], "y": [8,12], "rotation": [0,90,180,270], "chance": 100},
        {"vehicle": "oa_vg_wreck", "x": [10,16], "y": [8,12], "rotation": [0,90,180,270], "chance": 100},
        {"vehicle": "oa_vg_wreck", "x": [10,16], "y": [8,12], "rotation": [0,90,180,270], "chance": 100},
        {"vehicle": "oa_vg_wreck", "x": [10,16], "y": [8,12], "rotation": [0,90,180,270], "chance": 100},
        {"vehicle": "oa_vg_wreck", "x": [10,16], "y": [8,12], "rotation": [0,90,180,270], "chance": 100}
      ],
      "place_monsters": [
        {"monster": "DUMP_ANIMALS", "x": 12, "y": 12}
      ]
    }
  },

  {
    "type": "mapgen",
    "om_terrain": ["ws_regional_dump_1_3"],
    "method": "json",
    "weight": 1000,
    "object": {
      "rows": [
        ".G.p.g..pg..p.g......^..",
        "g.g.G.pg.pGp.g.....^....",
        "pGpp.g.^g.ggp...........",
        ".g.pG.^...G...^....^....",
        "pgp^.g.^g.g.p...........",
        "p^..G.g.^.G...^.........",
        ".g.^.g..g...............",
        ".Gp.pg^.^g..p.^.........",
        ".^.g.^.g................",
        ".gp^g^.p^gp.............",
        ".g.g.....p...^..........",
        ".g...p....p.............",
        "......^.................",
        ".^.^....p...............",
        "....p...........p.......",
        ".p..................p...",
        "................p.......",
        "...,.,...,....,...,..,..",
        ".,.,.,.,.,.,....,.,.,...",
        ".,.,...,.,...,....,.,..,",
        "------------------------",
        ".,,.,..,...,....,...,.,.",
        "------------------------",
        "..,..,,,..,,,,,..,...,.,"
      ],
      "terrain": {
        ".": "t_dirt",
        ",": "t_grass",
        "-": "t_fence_barbed",
        "|": "t_fence_barbed",
        "g": "t_pit_glass",
        "p": "t_pit",
        "^": "t_dirtmound",

        "G": "t_dirt"
      },
      "furniture": {
      },
      "items": {
        ".": {"item": "trash", "chance": 5},
        "^": {"item": "trash", "chance": 2},
        "g": {"item": "oa_ig_rd_glass_trash", "chance": 10},
        "G": {"item": "oa_ig_rd_glass_trash", "chance": 5}
      },
      "place_vehicles": [
        {"vehicle": "oa_vg_wreck", "x": [8,16], "y": [8,12], "rotation": [0,90,180,270], "chance": 100},
        {"vehicle": "oa_vg_wreck", "x": [8,16], "y": [8,12], "rotation": [0,90,180,270], "chance": 100},
        {"vehicle": "oa_vg_wreck", "x": [8,16], "y": [8,12], "rotation": [0,90,180,270], "chance": 100},
        {"vehicle": "oa_vg_wreck", "x": [8,16], "y": [8,12], "rotation": [0,90,180,270], "chance": 100},
        {"vehicle": "oa_vg_wreck", "x": [8,16], "y": [8,12], "rotation": [0,90,180,270], "chance": 100},
        {"vehicle": "oa_vg_wreck", "x": [8,16], "y": [8,12], "rotation": [0,90,180,270], "chance": 100}
      ],
      "place_monsters": [
        {"monster": "DUMP_ANIMALS", "x": 12, "y": 5},
        {"monster": "DUMP_ZOMBIES", "x": 12, "y": 12}
      ]
    }
  },

  {
    "type": "mapgen",
    "om_terrain": ["ws_regional_dump_2_3"],
    "method": "json",
    "weight": 1000,
    "object": {
      "rows": [
        "............a.aapppppppp",
        "......a...a^appppppppppp",
        "...^..a..aappppppppppppp",
        "..........^aappppppppppp",
        "....^...a.^aaappppppppap",
        "...^^......^appppppppppa",
        ".........a..^pppppppppa^",
        "............^pppapppaa^.",
        "....^.....a.apppaapaa^..",
        "...^^^....a.^apaaaaa^.a.",
        "....^........aa^.^a.....",
        ".........^.....aa....a..",
        "........^^^....aa..a....",
        ".........^..............",
        "............^^.....^^...",
        ".............^....^^^^..",
        "....,....,..,......^^...",
        ".,.......,....,..,..,..,",
        ".,..,.,...,.,.,.,..,..,.",
        "..,.,...,...,...,..,.,.,",
        "------------------------",
        "..,.,.,.,..,...,...,.,.,",
        "------------------------",
        ".,.,.,..,,,...,,,..,,..,"
      ],
      "terrain": {
        ".": "t_dirt",
        ",": "t_grass",
        "-": "t_fence_barbed",
        "|": "t_fence_barbed",
        "p": "t_pit",
        "^": "t_dirtmound",

        "a": "t_dirt"
      },
      "furniture": {
        "a": "f_ash"
      },
      "items": {
        ".": {"item": "trash", "chance": 5},
        "^": {"item": "trash", "chance": 3},
        "p": {"item": "trash", "chance": 5},
        "a": {"item": "oa_ig_ash_pile", "chance": 40}
      },
      "place_vehicles": [
        {"vehicle": "oa_vg_wreck", "x": [8,16], "y": [8,12], "rotation": [0,90,180,270], "chance": 100},
        {"vehicle": "oa_vg_wreck", "x": [8,16], "y": [8,12], "rotation": [0,90,180,270], "chance": 100},
        {"vehicle": "oa_vg_wreck", "x": [8,16], "y": [8,12], "rotation": [0,90,180,270], "chance": 100},
        {"vehicle": "oa_vg_wreck", "x": [8,16], "y": [8,12], "rotation": [0,90,180,270], "chance": 100},
        {"vehicle": "oa_vg_wreck", "x": [8,16], "y": [8,12], "rotation": [0,90,180,270], "chance": 100},
        {"vehicle": "oa_vg_wreck", "x": [8,16], "y": [8,12], "rotation": [0,90,180,270], "chance": 100}
      ],
      "place_monsters": [
        {"monster": "DUMP_ANIMALS", "x": 12, "y": 5},
        {"monster": "DUMP_ZOMBIES", "x": 12, "y": 12}
      ]
    }
  },

  {
    "type": "mapgen",
    "om_terrain": ["ws_regional_dump_3_3"],
    "method": "json",
    "weight": 1000,
    "object": {
      "rows": [
        "ppa.a.........,..,.,|.|,",
        "ppa^a^a.........,.,.|,|,",
        "ppppa^^.......,.,.,.|.|.",
        "ppppaa..........,.,.|,|,",
        "pppa^a.........,.,..|.|.",
        "apa.^.^..........,.,|.|.",
        ".a^.............,.,.|,|,",
        "...............,.,.,|.|.",
        "................,.,.|,|,",
        "...............,...,|.|.",
        "...............,.,,.|,|,",
        "..............,..,..|.|.",
        "...............,.,.,|,|.",
        "................,.,.|.|,",
        "...............,.,.,|,|.",
        ".................,.,|.|,",
        ".................,..|,|.",
        "..,,.,.,....,..,...,|.|.",
        "..,.,..,..,.,.,..,..|,|,",
        ".,,.,..,........,.,,|,|.",
        "---------------------.|,",
        ".,.,.,..,..,...,.,.,.,|.",
        "-----------------------,",
        "..,..,..,...,...,..,.,.,"
      ],
      "terrain": {
        ".": "t_dirt",
        ",": "t_grass",
        "-": "t_fence_barbed",
        "|": "t_fence_barbed",
        "p": "t_pit",
        "^": "t_dirtmound",

        "a": "t_dirt"
      },
      "furniture": {
        "a": "f_ash"
      },
      "items": {
        ".": {"item": "trash", "chance": 5},
        "^": {"item": "trash", "chance": 3},
        "p": {"item": "trash", "chance": 5},
        "a": {"item": "oa_ig_ash_pile", "chance": 40}
      },
      "place_vehicles": [
        {"vehicle": "oa_vg_wreck", "x": [8,12], "y": [8,12], "rotation": [0,90,180,270], "chance": 100},
        {"vehicle": "oa_vg_wreck", "x": [8,12], "y": [8,12], "rotation": [0,90,180,270], "chance": 100},
        {"vehicle": "oa_vg_wreck", "x": [8,12], "y": [8,12], "rotation": [0,90,180,270], "chance": 100},
        {"vehicle": "oa_vg_wreck", "x": [8,12], "y": [8,12], "rotation": [0,90,180,270], "chance": 100},
        {"vehicle": "oa_vg_wreck", "x": [8,12], "y": [8,12], "rotation": [0,90,180,270], "chance": 100},
        {"vehicle": "oa_vg_wreck", "x": [8,12], "y": [8,12], "rotation": [0,90,180,270], "chance": 100}
      ],
      "place_monsters": [
        {"monster": "DUMP_ANIMALS", "x": 12, "y": 12}
      ]
    }
  }
]
