[
  {
    "type": "mod_tileset",
    "compatibility": [ "MSX++DEAD_PEOPLE" ],
    "tiles-new": [
      {
        "file": "items//tileset//128x48.png",
		"sprite_width":64,
		"sprite_height":48,
		"sprite_offset_x":-16,
		"sprite_offset_y":-16,
        "tiles": [
          { "id": "TCW_M1918_AT", "fg": 0 },
          { "id": "overlay_wielded_TCW_M1918_AT", "fg": 1 },
          { "id": "TCW_M1918_AT_S", "fg": 2 },
          { "id": "overlay_wielded_TCW_M1918_AT_S", "fg": 3 },
          { "id": "TCW_PST", "fg": 4 },
          { "id": "overlay_worn_TCW_PST", "fg": 4 },
          { "id": "TCW_torso_bandolier_132", "fg": 5 },
          { "id": "overlay_worn_TCW_torso_bandolier_132", "fg": 5 },
          { "id": "TCW_LLsks", "fg": 6 },
          { "id": "overlay_wielded_TCW_LLsks", "fg": 7 },
          { "id": "TCW_PPSH41TAC", "fg": 8 },
          { "id": "overlay_wielded_TCW_PPSH41TAC", "fg": 9 }
        ]
      }
    ]
  }
]
