[
  {
    "id": "TCW_M1918_AT",
    "type": "GUN",
    "reload_noise_volume": 10,
    "name": "<color_yellow>▋</color>毛瑟M1918反坦克步枪",
    "name_plural": "<color_yellow>▋</color>毛瑟M1918反坦克步枪",
    "description": "  <color_yellow>▋</color>毛瑟 M1918 反坦克步枪(<color_yellow>稀有</color>)\r\n<color_dark_gray>    「左肩打一枪,右肩打一枪,然后进医院.」</color>\r\n<color_dark_gray>─────────────────────────────────────────────</color>\r\n  伤害            <good>■■■■■■■■■■■■■■■■■■</good>□□   9\r\n  准确度          <good>■■■■■■■■■■</good>□□□□□□□□□□   5\r\n  射程            <good>■■■■■■■■■■■■■■■■</good>□□□□   8\r\n  射速            <good>■■</good>□□□□□□□□□□□□□□□□□□   1\r\n  操作性          <good>■■</good>□□□□□□□□□□□□□□□□□□   1\r\n<color_dark_gray>─────────────────────────────────────────────</color>\r\n<color_dark_gray>  1918年,也就是一战结束的那一年的2月,M1918横空出世!毛瑟M1918是世界上第一种专为对付装甲目标而设计的大口径步枪.因为是战时的产物,也没有什么突出的亮点,只是简单的将M1898式步枪放大后的设计.</color>",
    "weight": 19000,
    "volume": 18,
    "price": 3000000,
    "to_hit": -3,
    "bashing": 11,
    "material": [ "steel", "wood" ],
    "symbol": "(",
    "color": "light_blue",
    "ammo": "132at",
    "skill": "rifle",
    "dispersion": 200,
    "durability": 8,
	"sight_dispersion": 50,
	"aim_speed": 3,
	"recoil": 500,
    "clip_size": 1,
    "reload": 200,
    "barrel_length": 10,
    "valid_mod_locations": [
      [ "sling", 1 ],
      [ "underbarrel", 1 ]
    ],
	"built_in_mods": [ "TCW_M1918_bipod" ],
    "flags": [ "NEVER_JAMS", "RELOAD_EJECT", "MOUNTED_GUN", "FIRE_TWOHAND", "PRIMITIVE_RANGED_WEAPON" ]
  },
  {
    "id": "TCW_M1918_AT_S",
    "type": "GUN",
    "reload_noise_volume": 10,
    "name": "<color_yellow>▋</color>地狱战士M1918反坦克枪",
    "name_plural": "<color_yellow>▋</color>地狱战士M1918反坦克枪",
    "description": "  <color_yellow>▋</color>地狱战士的M1918反坦克枪(<color_yellow>地狱战士</color>)\r\n<color_dark_gray>    「F1 F3 冲啊!!!」</color>\r\n<color_dark_gray>─────────────────────────────────────────────</color>\r\n  伤害            <good>■■■■■■■■■■■■■■■■■■</good>□□   9\r\n  准确度          <good>■■■■■■</good>□□□□□□□□□□□□□□   3\r\n  射程            <good>■■■■■■■■■■■■■■■■</good>□□□□   8\r\n  射速            <good>■■</good>□□□□□□□□□□□□□□□□□□   1\r\n  操作性          <good>■■■■■■</good>□□□□□□□□□□□□□□   3\r\n<color_dark_gray>─────────────────────────────────────────────</color>\r\n<color_dark_gray>「总有一天,这些战事都会结束.\r\n  这场能完结所有战争的战争,\r\n  终将分出胜负.\r\n  枪炮都会腐蚀,绿草再次生长,\r\n  所有战争的痕迹终将不复存在.\r\n  土地会自己慢慢痊愈,\r\n  就像所有其他的伤痛一样.\r\n  那时我们一定早已入眠,\r\n  但也许尚未被人们遗忘,\r\n  只要历史记下我们当中千分之一的人,\r\n  未来就会充满我们生平事迹的故事.\r\n  我们的战斗,我们的生活,\r\n  还有我们的死亡.\r\n  等一切都尘埃落定,\r\n  而我们赢得了胜利,\r\n  他们会记住我们.\r\n  但直到那天到来前,\r\n  我们会继续战斗.\r\n  我们会直面死神!\r\n  并且战至最后一刻!」\r\n\r\n                ——勿忘我们.</color>",
    "weight": 17000,
    "volume": 16,
    "price": 3500000,
    "to_hit": -2,
    "bashing": 10,
    "material": [ "steel", "wood" ],
    "symbol": "(",
    "color": "light_blue",
    "ammo": "132at",
    "skill": "rifle",
    "dispersion": 280,
    "durability": 7,
	"sight_dispersion": 180,
	"aim_speed": 1,
	"recoil": 1000,
    "clip_size": 1,
    "reload": 250,
    "barrel_length": 10,
    "valid_mod_locations": [
      [ "sling", 1 ]
    ],
    "flags": [ "NEVER_JAMS", "RELOAD_EJECT", "FIRE_TWOHAND", "PRIMITIVE_RANGED_WEAPON"  ]
  },
  {
    "id": "TCW_M1918_bipod",
	"looks_like": "bipod",
    "type": "GUNMOD",
    "name": "M1918双脚架",
    "name_plural": "M1918双脚架",
    "description": "  操作性+<good>20</good>",
    "weight": 450,
    "volume": 2,
    "price": 80000,
    "to_hit": -1,
    "bashing": 10,
    "material": "steel",
    "symbol": ":",
    "color": "brown",
    "location": "underbarrel",
    "mod_targets": [ "rifle" ],
	"acceptable_ammo": [ "132at" ],
    "handling_modifier": 20,
    "min_skills": [ [ "weapon", 2 ] ],
    "flags": [ "BIPOD", "SLOW_WIELD" ]
  },
  {
    "type": "recipe",
    "result": "TCW_M1918_AT_S",
	"byproducts": [ [ "TCW_M1918_bipod" ] ],
    "category": "CC_WEAPON",
    "subcategory": "CSC_WEAPON_RANGED",
    "skill_used": "mechanics",
    "skills_required": [ "gun", 4 ],
    "difficulty": 6,
    "time": "180 m",
    "autolearn": true,
    "qualities": [ { "id": "SAW_M_FINE", "level": 1 }, { "id": "SCREW_FINE", "level": 1 }, { "id": "GLARE", "level": 2 } ],
    "tools": [
      [ [ "oxy_torch", 6 ], [ "welder", 30 ], [ "welder_crude", 45 ], [ "toolset", 45 ] ],
      [ [ "small_repairkit", 150 ], [ "large_repairkit", 30 ] ]
    ],
    "components": [ [ [ "TCW_M1918_AT", 1 ] ], [ [ "pistol_grip", 1 ] ], [ [ "scrap", 6 ] ], [ [ "2x4", 1 ] ], [ [ "nail", 10 ] ] ]
  },
  {
    "type": "recipe",
    "result": "TCW_M1918_AT",
	"byproducts": [ [ "pistol_grip" ] ],
    "category": "CC_WEAPON",
    "subcategory": "CSC_WEAPON_RANGED",
    "skill_used": "mechanics",
    "skills_required": [ "gun", 4 ],
    "difficulty": 6,
    "time": "180 m",
    "autolearn": true,
    "qualities": [ { "id": "SAW_M_FINE", "level": 1 }, { "id": "SCREW_FINE", "level": 1 }, { "id": "GLARE", "level": 2 } ],
    "tools": [
      [ [ "oxy_torch", 6 ], [ "welder", 30 ], [ "welder_crude", 45 ], [ "toolset", 45 ] ],
      [ [ "small_repairkit", 150 ], [ "large_repairkit", 30 ] ]
    ],
    "components": [ [ [ "TCW_M1918_AT_S", 1 ] ], [ [ "TCW_M1918_bipod", 1 ] ], [ [ "scrap", 2 ] ], [ [ "2x4", 1 ] ], [ [ "nail", 4 ] ] ]
  }
]
