[
  {
    "id": "TCW_BIGGUN",
    "type": "GUN",
    "symbol": "(",
    "color": "green",
    "name": "120mm野战炮",
    "description": "一架使用120mm炮弹的野战炮.",
    "price": 20000000,
    "material": "hardsteel",
    "flags": [ "NEVER_JAMS", "NO_RELOAD", "MOUNTED_GUN" ],
    "skill": "launcher",
    "ammo": "120mm_usable",
    "weight": 300000,
    "volume": 30,
    "bashing": 12,
    "to_hit": -6,
    "range": 45,
    "dispersion": 50,
    "sight_dispersion": 50,
    "durability": 9,
    "clip_size": 1,
    "reload": 500,
    "loudness": 350
  },
  {
    "type": "vehicle_part",
    "id": "mounted_TCW_BIGGUN",
    "color": "green",
    "symbol": "t",
    "damage_modifier": 80,
    "location": "on_roof",
    "flags": [ "TURRET", "TOOL_NONE" ],
    "broken_symbol": "#",
    "broken_color": "green",
    "durability": 1000,
    "difficulty": 8,
    "name": "120mm野战炮",
    "range": 25,
    "item": "TCW_BIGGUN",
    "rolling_resistance": 1,
    "breaks_into": [ { "item": "TCW_BIGGUN", "prob": 50 } ],
    "requirements": {
      "install": { "skills": [ [ "mechanics", 5 ], [ "launcher", 2 ] ], "time": 10000 },
      "removal": { "skills": [ [ "mechanics", 3 ] ] }
    }
  },
  {
    "id": "TCW_BIGGUN_DZ",
    "category": "veh_parts",
    "type": "WHEEL",
    "name": "野战炮底座",
    "name_plural": "野战炮底座",
    "description": "一对越野轮,还有支架弹药架挡板什么的.",
    "weight": 1500,
    "volume": 5,
    "price": 14000,
    "bashing": 6,
    "to_hit": -1,
    "material": [ "steel", "plastic" ],
    "symbol": "]",
    "color": "dark_gray",
    "diameter": 4,
    "width": 1
  },
  {
    "id": "TCW_BIGGUN_frame",
    "type": "vehicle_part",
    "name": "野战炮底座",
    "item": "TCW_BIGGUN_DZ",
    "location": "structure",
    "symbol": "o",
    "broken_symbol": "x",
    "color": "dark_gray",
    "difficulty": 1,
    "durability": 1000,
    "description": "一对越野轮,还有支架弹药架挡板什么的.",
    "damage_modifier": 50,
    "folded_volume": 5,
    "breaks_into": [
      { "item": "steel_lump", "prob": 50 },
      { "item": "steel_chunk", "count": [ 1, 2 ] },
      { "item": "scrap", "count": [ 1, 2 ] }
    ],
    "rolling_resistance": 2,
    "wheel_type": "rigid",
    "contact_area": 4,
    "size": 15,
    "flags": [ "WHEEL", "STABLE", "FOLDABLE", "TOOL_WRENCH", "STEERABLE", "TURRET_MOUNT", "CARGO" ]
  },
	{
	"type" : "vehicle",
	"id" : "120mmBIGGUN",
	"name" : "120mm野战炮",
	"blueprint": [ "#" ],
	"parts" : [
		{"x": 0,"y": 0,"part": "TCW_BIGGUN_frame"},
		{"x": 0,"y": 0,"part": "mounted_TCW_BIGGUN"} 
		]
	}
]
