[
  {
    "type": "item_group",
    "id": "antique_guns",
    "items": [
      [ "TCW_M1918_AT", 5 ]
    ]
  },
  {
    "type": "item_group",
    "id": "museum_guns",
    "items": [
      [ "TCW_M1918_AT", 5 ],
	  { "item": "132at", "prob": 35, "count-min": 1, "count-max": 5 },
	  { "item": "132at_SK", "prob": 20, "count-min": 1, "count-max": 3 },
	  { "item": "132at_casing", "prob": 50, "count-min": 1, "count-max": 5 }
    ]
  },
  {
    "type": "item_group",
    "id": "TCW_GUN",
    "items": [
      [ "TCW_M1918_AT", 25 ],
      [ "TCW_M1918_AT_S", 10 ],
      [ "TCW_PPSH41TAC", 25 ],
      [ "TCW_MosinNagantAntiZOMBIE", 18 ],
      [ "TCW_PST", 10 ]
    ]
  },
  {
    "type": "item_group",
    "id": "TCW_AMMO",
    "items": [
	  { "item": "ppshmag", "prob": 50, "count-min": 1, "count-max": 2 },
	  { "item": "ppshdrum", "prob": 50, "count-min": 1, "count-max": 2 },
	  { "item": "TCW_MNAZmag", "prob": 50, "count-min": 1, "count-max": 2 },
	  { "item": "762_25hot", "prob": 50, "count-min": 2, "count-max": 10 },
	  { "item": "762_25", "prob": 50, "count-min": 2, "count-max": 10 },
	  { "item": "762_54R", "prob": 50, "count-min": 2, "count-max": 10 },
	  { "item": "132at", "prob": 50, "count-min": 3, "count-max": 7 },
	  { "item": "132at_SK", "prob": 30, "count-min": 2, "count-max": 3 },
	  { "item": "132at_casing", "prob": 50, "count-min": 1, "count-max": 10 }
    ]
  },
  {
    "type": "item_group",
    "id": "TCW_GUN_ZDD",
    "items": [
      [ "TCW_M1918_AT", 15 ],
      [ "TCW_M1918_AT_S", 8 ],
      [ "TCW_PPSH41TAC", 30 ],
      [ "TCW_MosinNagantAntiZOMBIE", 15 ]
    ]
  },
  {
    "type": "item_group",
    "id": "TCW_AMMO_ZDD",
    "items": [
	  { "item": "ppshmag", "prob": 50, "count-min": 1, "count-max": 2 },
	  { "item": "ppshdrum", "prob": 50, "count-min": 1, "count-max": 2 },
	  { "item": "TCW_MNAZmag", "prob": 50, "count-min": 1, "count-max": 2 },
	  { "item": "762_25hot", "prob": 50, "count-min": 1, "count-max": 2 },
	  { "item": "762_25", "prob": 50, "count-min": 1, "count-max": 2 },
	  { "item": "762_54R", "prob": 50, "count-min": 1, "count-max": 2 }
    ]
  },
  {
    "type": "item_group",
    "subtype": "collection",
    "id": "mon_zombie_survivor_death_drops",
    "magazine": 100,
	"entries": [
          {
            "distribution": [
              { "group": "TCW_GUN_ZDD", "prob": 18, "damage": [ 1, 4 ] }
            ],
            "prob": 20
          },
          {
            "distribution": [
              { "group": "TCW_AMMO_ZDD", "prob": 23, "damage": [ 1, 4 ] }
            ],
            "prob": 28
          }
    ]
  }
]