[
  {
    "id": "TCW_LLsks",
    "type": "GUN",
    "skill": "rifle",
    "symbol": "(",
    "color": "dark_gray",
	"looks_like": "sks",
    "name": "<color_yellow>▋</color>罗兰的SKS",
    "name_plural": "<color_yellow>▋</color>罗兰的SKS",
    "description": "  殉情者罗兰的SKS 7.62x39mm 步枪（<color_yellow>改装</color>）\r\n<color_dark_gray>    「枪身上刻着一行字:Living together」</color>\r\n<color_dark_gray>─────────────────────────────────────────────</color>\r\n  伤害            <good>■■■■■■■■■■■■■</good>□□□□□□□   7\r\n  准确度          <good>■■■■■■■■■■■■■■■</good>□□□□□   7\r\n  射程            <good>■■■■■■■■■■■■■</good>□□□□□□□   6\r\n  射速            <good>■■■■■■■■</good>□□□□□□□□□□□□   4\r\n  操作性          <good>■■■■■■■■■</good>□□□□□□□□□□□   4\r\n<color_dark_gray>─────────────────────────────────────────────\r\n这把极为普及的西蒙诺夫SKS半自动步枪构造简单，容易操作。二战期间研制，战后分配给各华约成员国。几乎在每个共产主义国家都有装备，唯一的不足是相对于它的口径，枪有些过重了。</color>",
    "material": ["wood", "steel"],
    "ammo": "762",
    "weight": 2500,
    "volume": 10,
	"price": 387000,
    "bashing": 12,
    "to_hit": 1,
	"ranged_damage": 8,"//": "伤害修正",
	"range": 10,
    "dispersion": 60,"//": "散布",
    "sight_dispersion": 18,"//": "瞄准散布",
    "aim_speed" : 5,"//": "瞄准速度(好像没用)",
    "recoil": 150,"//": "后坐力修正",
    "durability": 8,"//": "可靠性",
	"clip_size": 10,"//": "弹容量",
	"barrel_length": 4,"//": "枪管长度(不知道有啥用)",
    "reload": 50,"//": "换弹时间",
	"reload_noise_volume": 10,"//": "装弹声音",
    "loudness" : 0,"//": "枪声修正",
	"//": "单发装填,弹夹快装,不卡壳,内置刺刀,老枪",
	"flags": [ "RELOAD_ONE", "NEVER_JAMS" ],
	"built_in_mods": [ "inter_bayonet" ],
	"default_mods": [ "adjustable_stock", "pistol_grip", "grip", "shoulder_strap" ],
    "valid_mod_locations": [
      [ "accessories", 4 ],
      [ "barrel", 1 ],
      [ "bore", 1 ],
      [ "brass catcher", 1 ],
      [ "grip", 1 ],
      [ "mechanism", 4 ],
      [ "muzzle", 1 ],
      [ "rail", 1 ],
      [ "sights", 1 ],
      [ "sling", 1 ],
      [ "stock", 1 ],
      [ "underbarrel", 1 ]
    ],
	"magazines": [
      [ "762", [ "762x39_clip" ] ]
	  ]
  }
]
