[
	{
        "type" : "overmap_special",
        "id" : "TCW_MRDB_S",
        "overmaps" :
        [
            { "point":[0,0,0], "overmap": "TCW_MRDB_north"},
            { "point":[0,0,-1], "overmap": "TCW_MRDB_B1_north"}
        ],
        "locations" : [ "forest" ], "//":"它在什么特殊的地方生成(沼泽swamp荒野wilderness荒野field)",
        "city_distance" : [20,-1], "//":"它应该距离城市多远",
        "city_sizes" : [0, 12], "//":"它应该在多大的城市生成",
        "occurrences" : [1, 2], "//":"每个overmap生成多少"
    },
	{
        "type" : "overmap_special",
        "id" : "TCW_DIEFORLOVE_S",
        "overmaps" :
        [
            { "point":[0,0,0], "overmap": "TCW_DIEFORLOVE_north"},
            { "point":[0,0,-1], "overmap": "TCW_DIEFORLOVE_B1_north"}
        ],
        "locations" : [ "forest" ], "//":"它在什么特殊的地方生成(沼泽swamp荒野wilderness荒野field)",
        "city_distance" : [10,-1], "//":"它应该距离城市多远",
        "city_sizes" : [0, 12], "//":"它应该在多大的城市生成",
        "occurrences" : [2, 3], "//":"每个overmap生成多少"
    }
]	