[
  {
    "type": "mapgen",
    "method": "json",
    "om_terrain": [ "TCW_DIEFORLOVE_B1" ],
    "object": {
      "fill_ter": "t_rock",
      "rows": [
        "                        ",
        "                        ",
        "                        ",
        "                        ",
        "                        ",
        "                        ",
        "                        ",
        "                        ",
        "                        ",
        "         <              ",
        "                        ",
        "                        ",
        "                        ",
        "                        ",
        "                        ",
        "                        ",
        "                        ",
        "                        ",
        "                        ",
        "                        ",
        "                        ",
        "                        ",
        "                        ",
        "                        ",
        "                        "
      ],
      "terrain": {
        "<": "t_slope_up"
      },
	  "place_loot": [
                { "group": "default_zombie_death_drops", "chance": 100, "x": 9, "y": 9}
			],
	   "add": [
                { "item": "corpse", "x": 9, "y": 9 },
                { "item": "diamond_ring", "x": 9, "y": 9},
                { "item": "diamond_ring", "x": 9, "y": 9},
                { "item": "gobag", "x": 9, "y": 9 }

			]
    }
  }
]