[
  {
	"type" : "overmap_terrain",
	"id" : "TCW_MRDB",
	"name" : "森林",
	"sym" : 70,
	"color" : "green",
    "extras" : "field",
	"see_cost" : 2
  },
  {
	"type" : "overmap_terrain",
	"id" : "TCW_MRDB_B1",
	"name" : "坚岩",
	"sym" : 37,
	"color" : "dark_gray",
	"see_cost" : 2
  },
  {
	"type" : "overmap_terrain",
	"id" : "TCW_DIEFORLOVE",
	"name" : "森林",
	"sym" : 70,
	"color" : "green",
    "extras" : "field",
	"see_cost" : 2
  },
  {
	"type" : "overmap_terrain",
	"id" : "TCW_DIEFORLOVE_B1",
	"name" : "坚岩",
	"sym" : 37,
	"color" : "dark_gray",
	"see_cost" : 2
  }
]