[
  {
    "type": "mapgen",
    "method": "json",
    "om_terrain": [ "TCW_DIEFORLOVE" ],
    "object": {
      "fill_ter": "t_grass",
      "rows": [
            ".h.................h....",
            "...... .1............. .",
            "....1........1.. ..1....",
            ".........1..............",
            "... .1..........S.......",
            "..1...... ....*x........",
            ".............**x*...1...",
            "....x*.x.h..****... ....",
            ".....**xST.**...........",
            "..... ..*k*h...11...1...",
            "...1...h..... ..........",
            "....1....1......S.......",
            "... ........ ...........",
            "......1 ..1.....1..1....",
            "..1.... ...... .........",
            ".....1.......1.....1....",
            ".....1...............h..",
            "......11... .....1......",
            "..1........1............",
            ".11....1......1 .1......",
            "........................",
            "...1.......1...h....1...",
            "..h.....................",
            "........................"
      ],
	"terrain": {
            "S": "t_tree",
            "k": "t_dirtmound",
            ".": "t_grass_long",
            "T": "t_dirt",
            "*": "t_dirt",
            "x": "t_dirt",
            "1": "t_dirt",
			"h": "t_shrub"
        },
	"furniture": { "T": "f_sign"},
	"fields" : {
		"x": [{ "field": "fd_blood" },{ "field": "fd_gibs_flesh" }],
		"*": { "field": "fd_blood" }
				},
	"signs": {
		"T": { "signage": "MY LOVE." }
            },
	"place_loot": [
		{ "group": "default_zombie_death_drops", "chance": 100, "x": 8, "y": 9 }
			],
	"add": [
		{ "item": "shovel", "x": 10, "y": 9 },
		{ "item": "corpse", "x": 8, "y": 9 },
		{ "item": "TCW_LLsks", "x": 8, "y": 9 },
		{ "item": "762_m87", "x": 8, "y": 9, "chance": 100},
		{ "item": "762_m87", "x": 8, "y": 9, "chance": 80},
		{ "item": "762_m87", "x": 8, "y": 9, "chance": 50},
		{ "item": "762x39_clip", "x": 8, "y": 9, "chance": 100},
		{ "item": "762x39_clip", "x": 8, "y": 9, "chance": 80},
		{ "item": "762x39_clip", "x": 8, "y": 9, "chance": 50},
		{ "item": "762_casing", "x": 8, "y": 9 },
		{ "item": "762_casing", "x": 8, "y": 10 }
	  ]
    }
  }
]