[
  {
    "type": "mapgen",
    "method": "json",
    "om_terrain": [ "MRDB_B1" ],
    "object": {
      "fill_ter": "t_rock",
      "rows": [
        "                        ",
        "         ijAjAj         ",
        "         ijbjbj         ",
        "         ihbbbb         ",
        "           c            ",
        "           b            ",
        "           b            ",
        "      79bd b6g5z b83    ",
        "      7bbe4bbgbzebbb    ",
        "      bb2d 1bbbz        ",
        "            c           ",
        "           ab           ",
        "                        ",
        "                        ",
        "                        ",
        "                        ",
        "                        ",
        "                        ",
        "                        ",
        "                        ",
        "                        ",
        "                        ",
        "                        ",
        "                        ",
        "                        "
      ],
      "terrain": {
        "a": "t_stairs_up",
        "b": "t_floor",
        "c": "t_door_metal_c",
        "d": "t_bars",
        "e": "t_door_bar_locked",
        "f": "t_floor",
        "g": "t_floor",
        "2": "t_floor",
        "h": "t_floor",
        "i": "t_floor",
        "z": "t_floor",
        "1": "t_floor",
        "3": "t_floor",
        "j": "t_floor",
        "k": "t_floor",
        "4": "t_door_curtain_c",
        "5": "t_floor",
        "6": "t_floor",
        "7": "t_floor",
        "8": "t_floor",
        "9": "t_floor",
        "A": "t_floor"
      },
      "furniture": { "A": "f_dresser","9": "f_bigmirror_b","8": "f_gunsafe_ml","7": "f_straw_bed","6": "f_cupboard","5": "f_armchair","3": "f_safe_l","2": "f_trashcan","1": "f_indoor_plant","z": "f_bookcase","f": "f_chair", "g": "f_table", "h": "f_crate_o", "i": "f_crate_c", "j": "f_bed" },
	  "place_loot": [
                { "group": "M1918", "chance": 100, "x": 18, "y": 7, "repeat": [3, 5]},
                { "group": "supplies_metal_precious", "chance": 100, "x": 19, "y": 7, "repeat": [8, 30] },
                { "group": "jewelry_furshop", "chance": 100, "x": 19, "y": 7, "repeat": [11, 35] },
				{ "group": "bed", "chance": 80,  "x": 14, "y": [1,2 ], "repeat": [1, 3] },
				{ "group": "bed", "chance": 80,  "x": 10, "y": [1,2 ], "repeat": [1, 3] },
				{ "group": "bed", "chance": 80,  "x": 12, "y": [1,2 ], "repeat": [1, 3] },
                { "group": "bed", "chance": 80,  "x": 6, "y": 7, "repeat": [1, 3] },
                { "group": "pizza_beer", "chance": 80,  "x": [9,10 ], "y": 3, "repeat": [5, 8] },
                { "group": "book_survival", "chance": 80,  "x": 15, "y": [7,9 ], "repeat": [1, 3] },
                { "group": "butcher_meat", "chance": 80,  "x": 12, "y": 7, "repeat": [5, 10] },
                { "group": "tools_survival", "chance": 80,  "x": 9, "y": [1,2 ], "repeat": [2, 5] },
                { "group": "dresser", "chance": 80,  "x": 11, "y": 1, "repeat": [2, 5] },
                { "group": "dresser", "chance": 80,  "x": 13, "y": 1, "repeat": [2, 5] },
                { "group": "dresser", "pasta": 80,  "x": 13, "y": 7, "repeat": [5, 8] }
			],
	   "add": [
                { "item": "TCW_M1918_AT", "x": 18, "y": 7 },
                { "item": "TCW_PST", "x": 18, "y": 7 },
                { "item": "can_food", "x": 13, "y": 7 },
                { "item": "atomic_light", "x": 13, "y": 8 },
                { "item": "jacket_army", "x": 14, "y": 2 },
                { "item": "feces_manure", "x": 8, "y": 9 },
                { "item": "apple", "x": 8, "y": 8 }
			],
		"place_npcs": [
                { "class": "thug", "x": 6, "y": 8 },
                { "class": "thug", "x": 14, "y": 7 },
                { "class": "thug", "x": 10, "y": 2 },
                { "class": "thug", "x": 12, "y": 8 }
            ]
    }
  }
]