[
  {
    "type": "mapgen",
    "method": "json",
    "om_terrain": [ "MRDB" ],
    "object": {
      "fill_ter": "t_grass",
      "rows": [
        " gg                     ",
        "          g  g          ",
        "    gg      g     h     ",
        "   hg    g    g g  ggg  ",
        "   g  g                 ",
        "                        ",
        "   g   icccccccci  g  g ",
        "   g   i  h  gg i    g  ",
        "       i        i       ",
        "       i  aaaa  i g     ",
        "    g  i  aefa  i       ",
        "    g  i  affa gi       ",
        "    g  i  affa  i  g  g ",
        "    g  i  abaa  i  g  g ",
        " gg  h i        i       ",
        "       i        i   h   ",
        " g     icccddccci       ",
        "gg                      ",
        "   gg                g  ",
        " h g                    ",
        "      g                 ",
        "      g   h             ",
        "  gg gg  g gg           ",
        "   gg               gg  "
      ],
      "terrain": {
        "a": "t_wall",
        "b": "t_door_metal_c",
        "c": "t_chainfence_h",
        "i": "t_chainfence_v",
        "d": "t_chaingate_l",
        "e": "t_stairs_down",
        "f": "t_floor",
        "g": "t_dirt",
        "h": "t_shrub"
      },
      "furniture": {"e": "f_crate_c"},
	  "place_loot": [
                { "group": "tools_survival", "chance": 80,  "x": [11,12 ], "y": 10, "repeat": [2, 5] }
			],
	   "add": [
                { "item": "shovel", "x": 12, "y": 11 }
			],
		"place_npcs": [
                { "class": "thug", "x": 12, "y": 12 },
                { "class": "thug", "x": 12, "y": 14 }
            ]
    }
  }
]