[
	{
        "type" : "overmap_special",
        "id" : "MRDB",
        "overmaps" :
        [
            { "point":[0,0,0], "overmap": "MRDB_north"},
            { "point":[0,0,-1], "overmap": "MRDB_B1_north"}
        ],
        "locations" : [ "forest" ], "//":"它在什么特殊的地方生成(沼泽swamp荒野wilderness荒野field)",
        "city_distance" : [20,-1], "//":"它应该距离城市多远",
        "city_sizes" : [0, 12], "//":"它应该在多大的城市生成",
        "occurrences" : [1, 2], "//":"每个overmap生成多少"
    }
]	