[
  {
    "type" : "recipe",
    "result": "boat_board",
    "category": "CC_OTHER",
    "subcategory": "CSC_OTHER_MATERIALS",
    "skill_used": "fabrication",
    "difficulty": 3,
    "time": 6000,
    "reversible": true,
    "autolearn": true,
    "qualities":[
      {"id":"HAMMER","level":2},
      {"id":"SAW_W","level":1}
    ],
    "components": [
      [ [ "2x4", 5 ] ],
      [ [ "nail", 30 ] ]
    ]
  },
  {
    "type" : "recipe",
    "result": "hand_paddles",
    "category": "CC_OTHER",
    "subcategory": "CSC_OTHER_MATERIALS",
    "skill_used": "fabrication",
    "difficulty": 1,
    "time": 500,
    "reversible": true,
    "autolearn": true,
    "qualities":[
      {"id":"HAMMER","level":2},
      {"id":"SAW_W","level":1}
    ],
    "components": [
      [ [ "2x4", 1 ] ],
      [ [ "nail", 5 ] ]
    ]
  }
]
