[
  {
    "type" : "vehicle_part",
    "id" : "boat_board",
    "name" : "船板",
    "description": "一块可以让船只保持浮力的木板.像安装车轮一样安装在车辆上,将载具转换为船只.继续添加桨或者引擎来驱动船只.",
    "symbol" : "o",
    "color" : "brown",
    "broken_symbol" : "x",
    "broken_color" : "light_gray",
    "damage_modifier" : 50,
    "durability" : 40,
    "item" : "boat_board",
    "difficulty" : 2,
    "location" : "under",
    "flags" : ["FLOATS", "STABLE", "BOARDABLE", "NAILABLE"],
    "breaks_into" : [ {"item": "splinter", "count": [10, 20]} ]
  },{
    "type" : "vehicle_part",
    "id" : "hand_paddles",
    "name" : "手桨",
    "symbol" : "*",
    "color" : "light_gray",
    "broken_symbol" : "#",
    "broken_color" : "red",
    "damage_modifier" : 50,
    "durability" : 50,
    "power" : 50,
    "fuel_type" : "muscle",
    "item" : "hand_paddles",
    "difficulty" : 1,
    "location" : "engine_block",
    "folded_volume": 2,
    "flags" : ["ENGINE", "CONTROLS", "FOLDABLE", "MUSCLE_ARMS", "TOOL_NONE"],
    "breaks_into" : [ {"item": "splinter", "count": [2, 4]} ]
  }
]
