[
	{
    "type":"GENERIC",
    "id" : "hand_paddles",
    "name" : "桨",
    "name_plural" : "桨",
    "description" : "船桨,严格来说是橹.",
    "weight" : 816,
    "to_hit" : -1,
    "color" : "light_gray",
    "symbol" : ":",
    "material" : ["wood"],
    "volume" : 2,
    "bashing" : 10,
    "category" : "veh_parts",
    "price" : 9000
	},{
    "type": "WHEEL",
    "id": "boat_board",
    "symbol": "o",
    "color": "brown",
    "name": "船板",
    "name_plural": "船板",
    "description": "一块可以让船只保持浮力的木板.像安装车轮一样安装在车辆上,将载具转换为船只.继续添加桨或者引擎来驱动船只.",
    "price": 8000,
    "material": [ "wood" ],
    "weight": 3000,
    "volume": 50,
    "bashing": 8,
    "to_hit": -1,
    "diameter": 30,
    "width": 4,
    "category": "veh_parts"
  }
]
