[
  {
    "id": "dirtlot",
    "type": "vehicle_group",
    "vehicles": [
      [ "surv_tractor", 5 ],
      [ "surv_rv", 5 ]
    ],
    "//": "Low since there are not many vehicles to pick from."
  },
  {
    "id": "city_vehicles",
    "type": "vehicle_group",
    "vehicles": [ [ "surv_rv", 5 ] ]
  },
  {
    "id": "parkinglot",
    "type": "vehicle_group",
    "vehicles": [ [ "surv_rv", 5 ] ]
  },
  {
    "id": "highway",
    "type": "vehicle_group",
    "vehicles": [ [ "surv_rv", 5 ] ]
  }
]
