[
  {
    "id": "surv_rv",
    "type": "vehicle",
    "name": "幸存者房车",
    "//": "A modified luxury RV",
    "parts": [
      { "x": 1, "y": -1, "part": "hdframe_nw" },
      { "x": 1, "y": -1, "part": "reinforced_windshield" },
      { "x": 1, "y": -1, "part": "v_curtain" },
      { "x": 1, "y": -1, "part": "storage_battery" },
      { "x": 1, "y": -1, "part": "omnicam" },
      { "x": 1, "y": -1, "part": "plating_hard" },
      { "x": 1, "y": -2, "part": "wing_mirror" },
      { "x": 1, "y": 0, "part": "hdframe_nw" },
      { "x": 1, "y": 0, "part": "reinforced_windshield" },
      { "x": 1, "y": 0, "part": "v_curtain" },
      { "x": 1, "y": 0, "part": "storage_battery" },
      { "x": 1, "y": 0, "part": "headlight_reinforced" },
      { "x": 1, "y": 0, "part": "plating_hard" },
      { "x": 1, "y": 1, "part": "hdframe_nw" },
      { "x": 1, "y": 1, "part": "reinforced_windshield" },
      { "x": 1, "y": 1, "part": "v_curtain" },
      { "x": 1, "y": 1, "part": "storage_battery" },
      { "x": 1, "y": 1, "part": "omnicam" },
      { "x": 1, "y": 1, "part": "plating_hard" },
      { "x": 1, "y": 2, "part": "hdframe_nw" },
      { "x": 1, "y": 2, "part": "reinforced_windshield" },
      { "x": 1, "y": 2, "part": "v_curtain" },
      { "x": 1, "y": 2, "part": "storage_battery" },
      { "x": 1, "y": 2, "part": "headlight_reinforced" },
      { "x": 1, "y": 2, "part": "plating_hard" },
      { "x": 1, "y": 3, "part": "hdframe_nw" },
      { "x": 1, "y": 3, "part": "reinforced_windshield" },
      { "x": 1, "y": 3, "part": "v_curtain" },
      { "x": 1, "y": 3, "part": "storage_battery" },
      { "x": 1, "y": 3, "part": "omnicam" },
      { "x": 1, "y": 3, "part": "plating_hard" },
      { "x": 1, "y": 4, "part": "wing_mirror" },
      { "x": 0, "y": -1, "part": "hdframe_vertical" },
      { "x": 0, "y": -1, "part": "wheel_armor_steerable" },
      { "x": 0, "y": -1, "part": "door_opaque" },
      { "x": 0, "y": -1, "part": "plating_hard" },
      { "x": 0, "y": -1, "part": "door_motor" },
      { "x": 0, "y": 0, "part": "hdframe_vertical_2" },
      { "x": 0, "y": 0, "part": "ups_rifle_t" },
      { "x": 0, "y": 0, "part": "hdroof" },
      { "x": 0, "y": 0, "part": "seat" },
      { "x": 0, "y": 0, "part": "seatbelt_heavyduty" },
      { "x": 0, "y": 0, "part": "cam_control" },
      { "x": 0, "y": 0, "part": "controls" },
      { "x": 0, "y": 0, "part": "vehicle_clock" },
      { "x": 0, "y": 0, "part": "vehicle_alarm" },
      { "x": 0, "y": 0, "part": "stereo" },
      { "x": 0, "y": 1, "part": "hdframe_vertical_2" },
      { "x": 0, "y": 1, "part": "tracker" },
      { "x": 0, "y": 1, "part": "inboard_mirror" },
      { "x": 0, "y": 1, "part": "horn_big" },
      { "x": 0, "y": 1, "part": "aisle_horizontal" },
      { "x": 0, "y": 1, "part": "hdroof" },
      { "x": 0, "y": 2, "part": "hdframe_vertical_2" },
      { "x": 0, "y": 2, "part": "ups_rifle_t" },
      { "x": 0, "y": 2, "part": "hdroof" },
      { "x": 0, "y": 2, "part": "seat" },
      { "x": 0, "y": 2, "part": "seatbelt_heavyduty" },
      { "x": 0, "y": 3, "part": "hdframe_vertical" },
      { "x": 0, "y": 3, "part": "wheel_armor_steerable" },
      { "x": 0, "y": 3, "part": "door_opaque" },
      { "x": 0, "y": 3, "part": "plating_hard" },
      { "x": 0, "y": 3, "part": "door_motor" },
      { "x": -1, "y": -1, "part": "hdframe_vertical" },
      { "x": -1, "y": -1, "part": "hdboard_vertical" },
      { "x": -1, "y": -1, "part": "floodlight" },
      { "x": -1, "y": -1, "part": "plating_hard" },
      { "x": -1, "y": 0, "part": "hdframe_horizontal" },
      { "x": -1, "y": 0, "part": "floodlight" },
      { "x": -1, "y": 0, "part": "stowboard_horizontal" },
      { "x": -1, "y": 0, "part": "minireactor" },
      { "x": -1, "y": 0, "part": "engine_electric_enhanced" },
      { "x": -1, "y": 1, "part": "hdframe_horizontal" },
      { "x": -1, "y": 1, "part": "hdroof" },
      { "x": -1, "y": 1, "part": "door_internal" },
      { "x": -1, "y": 1, "part": "door_motor" },
      { "x": -1, "y": 2, "part": "hdframe_horizontal" },
      { "x": -1, "y": 2, "part": "floodlight" },
      { "x": -1, "y": 2, "part": "stowboard_horizontal" },
      { "x": -1, "y": 2, "part": "minireactor" },
      { "x": -1, "y": 2, "part": "engine_electric_enhanced" },
      { "x": -1, "y": 3, "part": "hdframe_vertical" },
      { "x": -1, "y": 3, "part": "hdboard_vertical" },
      { "x": -1, "y": 3, "part": "floodlight" },
      { "x": -1, "y": 3, "part": "plating_hard" },
      { "x": -2, "y": -1, "part": "hdframe_vertical" },
      { "x": -2, "y": -1, "part": "door_opaque" },
      { "x": -2, "y": -1, "part": "plating_hard" },
      { "x": -2, "y": -1, "part": "door_motor" },
      { "x": -2, "y": 0, "part": "hdframe_vertical_2" },
      { "x": -2, "y": 0, "part": "lit_aisle_horizontal" },
      { "x": -2, "y": 0, "part": "hdroof" },
      { "x": -2, "y": 1, "part": "hdframe_vertical_2" },
      { "x": -2, "y": 1, "part": "aisle_horizontal" },
      { "x": -2, "y": 1, "part": "hdroof" },
      { "x": -2, "y": 2, "part": "hdframe_vertical_2" },
      { "x": -2, "y": 2, "part": "lit_aisle_horizontal" },
      { "x": -2, "y": 2, "part": "hdroof" },
      { "x": -2, "y": 3, "part": "hdframe_vertical" },
      { "x": -2, "y": 3, "part": "door_opaque" },
      { "x": -2, "y": 3, "part": "plating_hard" },
      { "x": -2, "y": 3, "part": "door_motor" },
      { "x": -3, "y": -1, "part": "hdframe_vertical" },
      { "x": -3, "y": -1, "part": "reinforced_windshield" },
      { "x": -3, "y": -1, "part": "v_curtain" },
      { "x": -3, "y": -1, "part": "plating_hard" },
      { "x": -3, "y": 0, "part": "hdframe_vertical_2" },
      { "x": -3, "y": 0, "part": "ups_rifle_t" },
      { "x": -3, "y": 0, "part": "hdroof" },
      { "x": -3, "y": 0, "part": "seat" },
      { "x": -3, "y": 0, "part": "seatbelt_heavyduty" },
      { "x": -3, "y": 1, "part": "hdframe_vertical_2" },
      { "x": -3, "y": 1, "part": "aisle_horizontal" },
      { "x": -3, "y": 1, "part": "hdroof" },
      { "x": -3, "y": 2, "part": "hdframe_vertical_2" },
      { "x": -3, "y": 2, "part": "ups_rifle_t" },
      { "x": -3, "y": 2, "part": "hdroof" },
      { "x": -3, "y": 2, "part": "seat" },
      { "x": -3, "y": 2, "part": "seatbelt_heavyduty" },
      { "x": -3, "y": 3, "part": "hdframe_vertical" },
      { "x": -3, "y": 3, "part": "reinforced_windshield" },
      { "x": -3, "y": 3, "part": "v_curtain" },
      { "x": -3, "y": 3, "part": "plating_hard" },
      { "x": -4, "y": -1, "part": "hdframe_vertical" },
      { "x": -4, "y": -1, "part": "floodlight" },
      { "x": -4, "y": -1, "part": "reinforced_windshield" },
      { "x": -4, "y": -1, "part": "v_curtain" },
      { "x": -4, "y": -1, "part": "plating_hard" },
      { "x": -4, "y": 0, "part": "hdframe_vertical_2" },
      { "x": -4, "y": 0, "part": "ups_rifle_t" },
      { "x": -4, "y": 0, "part": "hdroof" },
      { "x": -4, "y": 0, "part": "seat" },
      { "x": -4, "y": 0, "part": "seatbelt_heavyduty" },
      { "x": -4, "y": 1, "part": "hdframe_vertical_2" },
      { "x": -4, "y": 1, "part": "lit_aisle_horizontal" },
      { "x": -4, "y": 1, "part": "hdroof" },
      { "x": -4, "y": 2, "part": "hdframe_vertical_2" },
      { "x": -4, "y": 2, "part": "ups_rifle_t" },
      { "x": -4, "y": 2, "part": "hdroof" },
      { "x": -4, "y": 2, "part": "seat" },
      { "x": -4, "y": 2, "part": "seatbelt_heavyduty" },
      { "x": -4, "y": 3, "part": "hdframe_vertical" },
      { "x": -4, "y": 3, "part": "floodlight" },
      { "x": -4, "y": 3, "part": "reinforced_windshield" },
      { "x": -4, "y": 3, "part": "v_curtain" },
      { "x": -4, "y": 3, "part": "plating_hard" },
      { "x": -5, "y": -1, "part": "hdframe_vertical" },
      { "x": -5, "y": -1, "part": "omnicam" },
      { "x": -5, "y": -1, "part": "reinforced_windshield" },
      { "x": -5, "y": -1, "part": "v_curtain" },
      { "x": -5, "y": -1, "part": "plating_hard" },
      { "x": -5, "y": 0, "part": "hdframe_vertical_2" },
      { "x": -5, "y": 0, "part": "ups_rifle_t" },
      { "x": -5, "y": 0, "part": "hdroof" },
      { "x": -5, "y": 0, "part": "seat" },
      { "x": -5, "y": 0, "part": "seatbelt_heavyduty" },
      { "x": -5, "y": 1, "part": "hdframe_vertical_2" },
      { "x": -5, "y": 1, "part": "aisle_horizontal" },
      { "x": -5, "y": 1, "part": "hdroof" },
      { "x": -5, "y": 2, "part": "hdframe_vertical_2" },
      { "x": -5, "y": 2, "part": "ups_rifle_t" },
      { "x": -5, "y": 2, "part": "hdroof" },
      { "x": -5, "y": 2, "part": "seat" },
      { "x": -5, "y": 2, "part": "seatbelt_heavyduty" },
      { "x": -5, "y": 3, "part": "hdframe_vertical" },
      { "x": -5, "y": 3, "part": "omnicam" },
      { "x": -5, "y": 3, "part": "reinforced_windshield" },
      { "x": -5, "y": 3, "part": "v_curtain" },
      { "x": -5, "y": 3, "part": "plating_hard" },
      { "x": -6, "y": -1, "part": "hdframe_vertical" },
      { "x": -6, "y": -1, "part": "stowboard_vertical" },
      { "x": -6, "y": -1, "part": "recharge_station" },
      { "x": -6, "y": -1, "part": "plating_hard" },
      { "x": -6, "y": 0, "part": "hdframe_horizontal" },
      { "x": -6, "y": 0, "part": "hdroof" },
      { "x": -6, "y": 0, "part": "reinforced_solar_panel_v2" },
      { "x": -6, "y": 0, "part": "cargo_space" },
      { "x": -6, "y": 1, "part": "hdframe_vertical_2" },
      { "x": -6, "y": 1, "part": "hdroof" },
      { "x": -6, "y": 1, "part": "reinforced_solar_panel_v2" },
      { "x": -6, "y": 1, "part": "trunk_floor" },
      { "x": -6, "y": 2, "part": "hdframe_horizontal" },
      { "x": -6, "y": 2, "part": "hdroof" },
      { "x": -6, "y": 2, "part": "reinforced_solar_panel_v2" },
      { "x": -6, "y": 2, "part": "cargo_space" },
      { "x": -6, "y": 3, "part": "hdframe_vertical" },
      { "x": -6, "y": 3, "part": "stowboard_vertical" },
      { "x": -6, "y": 3, "part": "recharge_station" },
      { "x": -6, "y": 3, "part": "plating_hard" },
      { "x": -7, "y": -1, "part": "hdframe_vertical" },
      { "x": -7, "y": -1, "part": "stowboard_vertical" },
      { "x": -7, "y": -1, "part": "recharge_station" },
      { "x": -7, "y": -1, "part": "plating_hard" },
      { "x": -7, "y": 0, "part": "hdframe_horizontal" },
      { "x": -7, "y": 0, "part": "hdroof" },
      { "x": -7, "y": 0, "part": "reinforced_solar_panel_v2" },
      { "x": -7, "y": 0, "part": "cargo_space" },
      { "x": -7, "y": 1, "part": "hdframe_vertical_2" },
      { "x": -7, "y": 1, "part": "hdroof" },
      { "x": -7, "y": 1, "part": "reinforced_solar_panel_v2" },
      { "x": -7, "y": 1, "part": "trunk_floor" },
      { "x": -7, "y": 1, "part": "aisle_lights" },
      { "x": -7, "y": 2, "part": "hdframe_horizontal" },
      { "x": -7, "y": 2, "part": "hdroof" },
      { "x": -7, "y": 2, "part": "reinforced_solar_panel_v2" },
      { "x": -7, "y": 2, "part": "cargo_space" },
      { "x": -7, "y": 3, "part": "hdframe_vertical" },
      { "x": -7, "y": 3, "part": "stowboard_vertical" },
      { "x": -7, "y": 3, "part": "recharge_station" },
      { "x": -7, "y": 3, "part": "plating_hard" },
      { "x": -8, "y": -1, "part": "hdframe_vertical" },
      { "x": -8, "y": -1, "part": "wheel_armor" },
      { "x": -8, "y": -1, "part": "reinforced_windshield" },
      { "x": -8, "y": -1, "part": "v_curtain" },
      { "x": -8, "y": -1, "part": "funnel" },
      { "x": -8, "y": -1, "part": "tank", "fuel": "water" },
      { "x": -8, "y": -1, "part": "plating_hard" },
      { "x": -8, "y": 0, "part": "hdframe_vertical_2" },
      { "x": -8, "y": 0, "part": "hdroof" },
      { "x": -8, "y": 0, "part": "reinforced_solar_panel_v2" },
      { "x": -8, "y": 0, "part": "tank", "fuel": "water_clean" },
      { "x": -8, "y": 0, "part": "surv_station_t" },
      { "x": -8, "y": 1, "part": "hdframe_vertical_2" },
      { "x": -8, "y": 1, "part": "hdroof" },
      { "x": -8, "y": 1, "part": "reinforced_solar_panel_v2" },
      { "x": -8, "y": 1, "part": "trunk_floor" },
      { "x": -8, "y": 2, "part": "hdframe_vertical_2" },
      { "x": -8, "y": 2, "part": "hdroof" },
      { "x": -8, "y": 2, "part": "reinforced_solar_panel_v2" },
      { "x": -8, "y": 2, "part": "tank", "fuel": "water_clean" },
      { "x": -8, "y": 2, "part": "minifridge" },
      { "x": -8, "y": 3, "part": "hdframe_vertical" },
      { "x": -8, "y": 3, "part": "wheel_armor" },
      { "x": -8, "y": 3, "part": "reinforced_windshield" },
      { "x": -8, "y": 3, "part": "v_curtain" },
      { "x": -8, "y": 3, "part": "funnel" },
      { "x": -8, "y": 3, "part": "tank", "fuel": "water" },
      { "x": -8, "y": 3, "part": "plating_hard" },
      { "x": -9, "y": -1, "part": "hdframe_sw" },
      { "x": -9, "y": -1, "part": "wheel_armor" },
      { "x": -9, "y": -1, "part": "hdboard_horizontal" },
      { "x": -9, "y": -1, "part": "omnicam" },
      { "x": -9, "y": -1, "part": "storage_battery_mount" },
      { "x": -9, "y": -1, "part": "storage_battery_removable" },
      { "x": -9, "y": -1, "part": "plating_hard" },
      { "x": -9, "y": 0, "part": "hdframe_horizontal" },
      { "x": -9, "y": 0, "part": "stowboard_horizontal" },
      { "x": -9, "y": 0, "part": "ups_rifle_t" },
      { "x": -9, "y": 0, "part": "muffler" },
      { "x": -9, "y": 0, "part": "plating_hard" },
      { "x": -9, "y": 1, "part": "hdframe_horizontal_2" },
      { "x": -9, "y": 1, "part": "door_opaque" },
      { "x": -9, "y": 1, "part": "door_motor" },
      { "x": -9, "y": 1, "part": "floodlight" },
      { "x": -9, "y": 1, "part": "muffler" },
      { "x": -9, "y": 1, "part": "plating_hard" },
      { "x": -9, "y": 2, "part": "hdframe_horizontal" },
      { "x": -9, "y": 2, "part": "muffler" },
      { "x": -9, "y": 2, "part": "stowboard_horizontal" },
      { "x": -9, "y": 2, "part": "ups_rifle_t" },
      { "x": -9, "y": 2, "part": "plating_hard" },
      { "x": -9, "y": 3, "part": "hdframe_se" },
      { "x": -9, "y": 3, "part": "wheel_armor" },
      { "x": -9, "y": 3, "part": "hdboard_horizontal" },
      { "x": -9, "y": 3, "part": "omnicam" },
      { "x": -9, "y": 3, "part": "storage_battery_mount" },
      { "x": -9, "y": 3, "part": "storage_battery_removable" },
      { "x": -9, "y": 3, "part": "plating_hard" }
    ],
    "items": [
      { "x": -9, "y": 0, "chance": 50, "items": [ "folding_bicycle" ] },
      { "x": -9, "y": 2, "chance": 99, "items": [ "jack" ] },
      { "x": -9, "y": 2, "chance": 70, "items": [ "wheel_armor" ] },
      { "x": -8, "y": 1, "chance": 99, "items": [ "jerrycan_big" ] },
      { "x": -8, "y": 1, "chance": 99, "items": [ "hose" ] },
      { "x": -8, "y": 1, "chance": 99, "items": [ "goggles_welding" ] },
      { "x": -8, "y": 2, "chance": 75, "item_groups": [ "stash_food" ] },
      { "x": -7, "y": 0, "chance": 99, "items": [ "gown" ] },
      { "x": -7, "y": 0, "chance": 99, "items": [ "ear_plugs" ] },
      { "x": -7, "y": 0, "chance": 99, "items": [ "blindfold" ] },
      { "x": -7, "y": 1, "chance": 50, "items": [ "survivormap" ] },
      { "x": -7, "y": 2, "chance": 50, "items": [ "surv_lmg_223", "surv_belt_223", "reloaded_223", "reloaded_223", "reloaded_223" ] }
    ]
  },
  {
    "id": "surv_tractor",
    "type": "vehicle",
    "name": "幸存者拖拉机",
    "blueprint": [
      [ "O---O" ],
      [ "8|=x|" ],
      [ "O-+-O" ]
    ],
    "parts": [
      { "x": 0, "y": 1, "part": "hdframe_vertical" },
      { "x": 0, "y": 1, "part": "door_opaque" },
      { "x": 0, "y": 0, "part": "hdframe_vertical_2" },
      { "x": 0, "y": 0, "part": "reaper_advanced" },
      { "x": 0, "y": 0, "part": "hdroof" },
      { "x": 0, "y": -1, "part": "hdframe_vertical" },
      { "x": 0, "y": -1, "part": "hdboard_vertical" },
      { "x": 1, "y": 1, "part": "hdframe_vertical" },
      { "x": 1, "y": 1, "part": "reinforced_windshield" },
      { "x": 1, "y": 0, "part": "hdframe_vertical_2" },
      { "x": 1, "y": 0, "part": "controls" },
      { "x": 1, "y": 0, "part": "seat" },
      { "x": 1, "y": 0, "part": "seatbelt_heavyduty" },
      { "x": 1, "y": 0, "part": "hdroof" },
      { "x": 1, "y": -1, "part": "hdframe_vertical" },
      { "x": 1, "y": -1, "part": "reinforced_windshield" },
      { "x": 2, "y": 1, "part": "hdframe_ne" },
      { "x": 2, "y": 1, "part": "headlight" },
      { "x": 2, "y": 1, "part": "wheel_wide_steerable" },
      { "x": 2, "y": 1, "part": "reinforced_windshield" },
      { "x": 2, "y": 0, "part": "hdframe_horizontal" },
      { "x": 2, "y": 0, "part": "reinforced_windshield" },
      { "x": 2, "y": 0, "part": "omnicam" },
      { "x": 2, "y": -1, "part": "hdframe_nw" },
      { "x": 2, "y": -1, "part": "headlight" },
      { "x": 2, "y": -1, "part": "wheel_wide_steerable" },
      { "x": 2, "y": -1, "part": "reinforced_windshield" },
      { "x": -1, "y": 1, "part": "hdframe_cross" },
      { "x": -1, "y": 1, "part": "storage_battery_mount" },
      { "x": -1, "y": 1, "part": "storage_battery_removable" },
      { "x": -1, "y": 1, "part": "hdboard_se" },
      { "x": -1, "y": 0, "part": "hdframe_horizontal" },
      { "x": -1, "y": 0, "part": "plow" },
      { "x": -1, "y": 0, "part": "hdboard_horizontal" },
      { "x": -1, "y": -1, "part": "hdframe_cross" },
      { "x": -1, "y": -1, "part": "storage_battery_mount" },
      { "x": -1, "y": -1, "part": "storage_battery_removable" },
      { "x": -1, "y": -1, "part": "hdboard_sw" },
      { "x": -2, "y": 1, "part": "hdframe_se" },
      { "x": -2, "y": 1, "part": "engine_electric" },
      { "x": -2, "y": 1, "part": "storage_battery_mount" },
      { "x": -2, "y": 1, "part": "storage_battery_removable" },
      { "x": -2, "y": 1, "part": "cargo_space" },
      { "x": -2, "y": 1, "part": "wheel_wide_steerable" },
      { "x": -2, "y": 0, "part": "seed_drill_advanced" },
      { "x": -2, "y": -1, "part": "hdframe_sw" },
      { "x": -2, "y": -1, "part": "engine_electric" },
      { "x": -2, "y": -1, "part": "storage_battery_mount" },
      { "x": -2, "y": -1, "part": "storage_battery_removable" },
      { "x": -2, "y": -1, "part": "cargo_space" },
      { "x": -2, "y": -1, "part": "wheel_wide_steerable" }
    ],
    "items": []
  }
]
