{
    "method": "json",
    "object": {
        "furniture": {
            "#": "f_chair",
            "&": "f_trashcan",
            "+": "f_null",
            "-": "f_null",
            ".": "f_null",
            "6": "f_null",
            "D": "f_dumpster",
            "P": "f_null",
            "S": "f_null",
            "^": "f_indoor_plant",
            "_": "f_null",
            "a": "f_null",
            "b": "f_null",
            "c": "f_null",
            "d": "f_null",
            "l": "f_locker",
            "p": "f_pool_table",
            "s": "f_null",
            "t": "f_table",
            "{": "f_vending_c",
            "|": "f_null"
        },
        "place_items": [
            {
                "chance": 45,
                "item": "cubical_office",
                "x": 18,
                "y": 21
            },
            {
                "chance": 45,
                "item": "jackets",
                "x": 15,
                "y": 20
            },
            {
                "chance": 55,
                "item": "trash",
                "x": [
                    9,
                    10
                ],
                "y": 20
            },
            {
                "chance": 55,
                "item": "trash",
                "x": 12,
                "y": 18
            },
            {
                "chance": 55,
                "item": "trash",
                "x": 3,
                "y": 14
            },
            {
                "chance": 55,
                "item": "trash",
                "x": 3,
                "y": 7
            },
            {
                "chance": 15,
                "item": "jackets",
                "x": 7,
                "y": 17
            },
            {
                "chance": 65,
                "item": "vending_drink_items",
                "x": 8,
                "y": 4
            },
            {
                "chance": 45,
                "item": "pool_table",
                "x": [
                    17,
                    19
                ],
                "y": [
                    14,
                    15
                ]
            },
            {
                "chance": 45,
                "item": "pool_table",
                "x": [
                    17,
                    19
                ],
                "y": [
                    10,
                    11
                ]
            },
            {
                "chance": 35,
                "item": "pool_table",
                "x": [
                    17,
                    19
                ],
                "y": [
                    6,
                    7
                ]
            },
            {
                "chance": 25,
                "item": "floor_trash",
                "x": 17,
                "y": 18
            },
            {
                "chance": 25,
                "item": "floor_trash",
                "x": 9,
                "y": 15
            },
            {
                "chance": 25,
                "item": "floor_trash",
                "x": 19,
                "y": 13
            },
            {
                "chance": 25,
                "item": "floor_trash",
                "x": 7,
                "y": 8
            },
            {
                "chance": 25,
                "item": "floor_trash",
                "x": 11,
                "y": 7
            },
            {
                "chance": 25,
                "item": "floor_trash",
                "x": 16,
                "y": 6
            },
            {
                "chance": 25,
                "item": "floor_trash",
                "x": 5,
                "y": 3
            },
            {
                "chance": 35,
                "item": "misc_smoking",
                "x": 4,
                "y": 17
            },
            {
                "chance": 35,
                "item": "misc_smoking",
                "x": 9,
                "y": 12
            },
            {
                "chance": 35,
                "item": "misc_smoking",
                "x": 14,
                "y": 9
            },
            {
                "chance": 65,
                "item": "vending_food_items",
                "x": 9,
                "y": 4
            },
            {
                "chance": 35,
                "item": "magazines",
                "x": 12,
                "y": 4
            },
            {
                "chance": 65,
                "item": "hatstore_hats",
                "x": 4,
                "y": 11
            }
        ],
        "rows": [
            "_____sss_____d__________",
            "_d__|+-+|______________d",
            "____-...-__dSdSdSdSdSd__",
            "__|||...|||||||||||||||_",
            "__|a....{{.#t#....#.&^|_",
            "__|^..................|_",
            "_d|a.......#t#...ppp..|_",
            "__|&.............ppp..|_",
            "__|..................#|_",
            "__|6#.#66#.#66#.......|_",
            "__|6#.#66#.#66#..ppp..|_",
            "__|6#.#66#.......ppp..|_",
            "d_|6#.#66#...........#|d",
            "__|6#.#66#.#66#.......|_",
            "__|&.......#66#..ppp..|_",
            "__|6#............ppp..|_",
            "__|6#.................|_",
            "__|6#.######..........|_",
            "__|6#.666666&a.......^|_",
            "__||||||||||||||||b||||_",
            "______d_PDDPPs|l...|d___",
            "_d______PPPPPsc..#t|____",
            "________PPPPPs||||||__d_",
            "___d_____d______________"
        ],
        "terrain": {
            "#": "t_floor",
            "&": "t_floor",
            "+": "t_door_glass_c",
            "-": "t_wall_glass",
            ".": "t_floor",
            "6": "t_slot_machine",
            "D": "t_pavement",
            "P": "t_pavement",
            "S": "t_shrub",
            "^": "t_floor",
            "_": "t_grass",
            "a": "t_atm",
            "b": "t_door_metal_c",
            "c": "t_door_metal_locked",
            "d": "t_dirt",
            "l": "t_floor",
            "p": "t_floor",
            "s": "t_sidewalk",
            "t": "t_floor",
            "{": "t_floor",
            "|": "t_wall"
        }
    },
    "om_terrain": "gambling_hall",
    "type": "mapgen",
    "weight": 100
}
