[
  {
    "id": "paintballgun",
    "type": "GUN",
    "reload_noise_volume": 6,
    "symbol": "(",
    "color": "gray",
    "name": "彩弹枪",
    "description": "一种发射小型彩弹的彩弹枪,基本不会造成任何伤害.",
    "price": 8000,
    "material": [ "aluminum", "plastic" ],
    "flags": "NEVER_JAMS",
    "skill": "smg",
    "ammo": "paintball",
    "weight": 1600,
    "volume": 5,
    "bashing": 5,
    "to_hit": -1,
    "range": 8,
    "ranged_damage": 1,
    "dispersion": 150,
    "durability": 7,
    "clip_size": 50,
    "reload": 50
  },{   
	"type" : "AMMO",
    "id" : "paintball",
    "price" : 500,
    "name" : "彩弹",
    "symbol" : "=",
    "color" : "red",
    "description" : "小彩弹.几乎不会造成任何伤害.",
    "material" : "plastic",
    "volume" : 1,
    "weight" : 1,
    "ammo_type" : "paintball",
    "damage" : 2,
    "dispersion" : 100,
    "count" : 100,
    "stack_size": 100,
    "loudness": 9,
    "effects" : ["NOGIB","NEVER_MISFIRES"]
  },{
    "type" : "ammunition_type",
    "id" : "paintball",
    "name" : "彩弹",
    "default" : "paintball"
  },{
    "type": "item_group",
    "id": "paintball_items",
    "items": [
      [ "paintballgun", 55 ],
      [ "paintball", 45 ],
      [ "goggles_swim", 15 ]
    ]
  }
]