{
    "method": "json",
    "object": {
        "furniture": {
            "#": "f_counter",
            "&": "f_null",
            "+": "f_null",
            "-": "f_null",
            ".": "f_null",
            "_": "f_null",
            "d": "f_null",
            "|": "f_null"
        },
        "place_items": [
            {
                "chance": 35,
                "item": "trash_cart",
                "x": 21,
                "y": 21
            },
            {
                "chance": 35,
                "item": "trash_cart",
                "x": 1,
                "y": 19
            },
            {
                "chance": 35,
                "item": "trash_cart",
                "x": 14,
                "y": 16
            },
            {
                "chance": 35,
                "item": "trash_cart",
                "x": 6,
                "y": 7
            },
            {
                "chance": 35,
                "item": "trash_cart",
                "x": 19,
                "y": 6
            },
            {
                "chance": 35,
                "item": "trash_cart",
                "x": 2,
                "y": 2
            },
            {
                "chance": 35,
                "item": "trash_cart",
                "x": 15,
                "y": 1
            },
            {
                "chance": 5,
                "item": "jackets",
                "x": 9,
                "y": 13
            },
            {
                "chance": 15,
                "item": "consumer_electronics",
                "x": 8,
                "y": 20
            },
            {
                "chance": 5,
                "item": "shoes",
                "x": 14,
                "y": 8
            },
            {
                "chance": 35,
                "item": "cubical_office",
                "x": [
                    10,
                    11
                ],
                "y": 20
            }
        ],
        "rows": [
            "--||++|||||++|||||++||--",
            "________________________",
            "________________________",
            "--||++|||||++|||||++||--",
            "___.................._&&",
            "___..................___",
            "___..................___",
            "___..................___",
            "___..................___",
            "______............______",
            "______............______",
            "____-_............_-____",
            "______............______",
            "______............______",
            "____-_............_-____",
            "______............______",
            "______............______",
            "____-_............_-____",
            "______............______",
            "______............______",
            "______.-####-.....______",
            "______.d....-.....______",
            "______.------.....______",
            "______............______"
        ],
        "terrain": {
            "#": "t_carpet_purple",
            "&": "t_atm",
            "+": "t_door_glass_c",
            "-": "t_wall",
            ".": "t_carpet_purple",
            "_": "t_floor",
            "d": "t_door_c",
            "|": "t_wall_glass"
        }
    },
    "om_terrain": "movietheater_1_0",
    "type": "mapgen",
    "weight": 100
}
