{
    "method": "json",
    "object": {
        "add": [
            {
                "item": "ketchup",
                "repeat": 1,
                "x": 17,
                "y": 16
            },
            {
                "item": "ketchup",
                "repeat": 1,
                "x": 17,
                "y": 17
            },
            {
                "item": "ketchup",
                "repeat": 1,
                "x": 17,
                "y": 18
            },
            {
                "item": "mustard",
                "repeat": 1,
                "x": 17,
                "y": 20
            },
            {
                "item": "mustard",
                "repeat": 1,
                "x": 17,
                "y": 21
            },
            {
                "item": "mustard",
                "repeat": 1,
                "x": 17,
                "y": 22
            },
            {
                "item": "vinegar",
                "repeat": 1,
                "x": 17,
                "y": 22
            }
        ],
        "furniture": {
            "#": "f_counter",
            "+": "f_null",
            "-": "f_null",
            ".": "f_null",
            "R": "f_null",
            "X": "f_crate_c",
            "c": "f_chair",
            "g": "f_glass_fridge",
            "o": "f_oven",
            "r": "f_rack",
            "t": "f_table",
            "v": "f_vending_c",
            "{": "f_locker",
            "|": "f_null"
        },
        "place_items": [
            {
                "chance": 45,
                "item": "jackets",
                "x": 22,
                "y": 18
            },
            {
                "chance": 75,
                "item": "vending_food_items",
                "x": 14,
                "y": 15
            },
            {
                "chance": 75,
                "item": "vending_food_items",
                "x": 22,
                "y": 8
            },
            {
                "chance": 75,
                "item": "vending_food_items",
                "x": 22,
                "y": 2
            },
            {
                "chance": 75,
                "item": "vending_food_items",
                "x": 21,
                "y": 1
            },
            {
                "chance": 55,
                "item": "office_breakroom",
                "x": [
                    21,
                    22
                ],
                "y": 21
            },
            {
                "chance": 35,
                "item": "school",
                "x": 21,
                "y": 23
            },
            {
                "chance": 65,
                "item": "snacks",
                "x": 22,
                "y": 9
            },
            {
                "chance": 65,
                "item": "snacks",
                "x": 17,
                "y": [
                    8,
                    9
                ]
            },
            {
                "chance": 65,
                "item": "snacks",
                "x": 22,
                "y": 7
            },
            {
                "chance": 65,
                "item": "snacks",
                "x": 19,
                "y": 5
            },
            {
                "chance": 65,
                "item": "snacks",
                "x": 22,
                "y": [
                    3,
                    4
                ]
            },
            {
                "chance": 65,
                "item": "snacks",
                "x": 17,
                "y": [
                    3,
                    4
                ]
            },
            {
                "chance": 65,
                "item": "snacks",
                "x": 22,
                "y": 1
            },
            {
                "chance": 15,
                "item": "bags",
                "x": 21,
                "y": 18
            },
            {
                "chance": 35,
                "item": "trash_cart",
                "x": 8,
                "y": 20
            },
            {
                "chance": 35,
                "item": "trash_cart",
                "x": 1,
                "y": 15
            },
            {
                "chance": 35,
                "item": "trash_cart",
                "x": 12,
                "y": 1
            },
            {
                "chance": 75,
                "item": "vending_drink_items",
                "x": 15,
                "y": 15
            },
            {
                "chance": 75,
                "item": "vending_drink_items",
                "x": 19,
                "y": 4
            },
            {
                "chance": 75,
                "item": "vending_drink_items",
                "x": 20,
                "y": 1
            },
            {
                "chance": 55,
                "item": "coffee_shop",
                "x": 17,
                "y": [
                    6,
                    7
                ]
            },
            {
                "chance": 45,
                "item": "dining",
                "x": 17,
                "y": 2
            },
            {
                "chance": 45,
                "item": "fridgesnacks",
                "x": [
                    14,
                    15
                ],
                "y": 13
            }
        ],
        "place_monsters": [
            {
                "chance": 15,
                "density": 0.25,
                "monster": "GROUP_ZOMBIE",
                "x": 9,
                "y": 15
            },
            {
                "chance": 15,
                "density": 0.0099999997764825821,
                "monster": "GROUP_ZOMBIE",
                "x": 21,
                "y": 11
            }
        ],
        "rows": [
            "||||||||||||||||||||||||",
            "|.......-....|..##|.XXX|",
            "|.......-....+...#|...X|",
            "|....||.-.-..|...#|...X|",
            "|....||.-.-..#...#|X..X|",
            "........-.-..#c..#|X...|",
            "........-.-..#...g|....|",
            "........-.-..#...g|...X|",
            "........-.-..#...r|t..X|",
            "..........-..#...r|t..X|",
            "..........-..|...o|....|",
            "........RR-..|.........|",
            ".............|.........|",
            ".............|gg..|....|",
            ".....||......||||||{...|",
            ".....||......|vv##|{...|",
            ".............|...#|{...|",
            ".............|...#||+|||",
            ".................#|..{{|",
            ".................#|....|",
            ".....||..........#|..c.|",
            ".....||..........#|..tt|",
            ".............|...#|.ctt|",
            ".............|...#|.ctt|"
        ],
        "terrain": {
            "#": "t_floor",
            "+": "t_door_c",
            "-": "t_railing_v",
            ".": "t_floor",
            "R": "t_railing_h",
            "X": "t_floor",
            "c": "t_floor",
            "g": "t_floor",
            "o": "t_floor",
            "r": "t_floor",
            "t": "t_floor",
            "v": "t_floor",
            "{": "t_floor",
            "|": "t_wall"
        }
    },
    "om_terrain": "movietheater_2_0",
    "type": "mapgen",
    "weight": 100
}
