{
    "method": "json",
    "object": {
        "furniture": {
            "#": "f_chair",
            "-": "f_null",
            ".": "f_null",
            "H": "f_armchair",
            "|": "f_null"
        },
        "place_items": [
            {
                "chance": 5,
                "item": "alcohol",
                "x": 0,
                "y": 17
            },
            {
                "chance": 5,
                "item": "alcohol",
                "x": 0,
                "y": 1
            },
            {
                "chance": 25,
                "item": "jackets",
                "x": 6,
                "y": 11
            },
            {
                "chance": 25,
                "item": "jackets",
                "x": 19,
                "y": 7
            },
            {
                "chance": 25,
                "item": "jackets",
                "x": 2,
                "y": 7
            },
            {
                "chance": 15,
                "item": "bags",
                "x": 15,
                "y": 9
            },
            {
                "chance": 15,
                "item": "bags",
                "x": 4,
                "y": 5
            },
            {
                "chance": 35,
                "item": "trash_cart",
                "x": 16,
                "y": 22
            },
            {
                "chance": 35,
                "item": "trash_cart",
                "x": 8,
                "y": 22
            },
            {
                "chance": 35,
                "item": "trash_cart",
                "x": 10,
                "y": 20
            },
            {
                "chance": 35,
                "item": "trash_cart",
                "x": 6,
                "y": 20
            },
            {
                "chance": 35,
                "item": "trash_cart",
                "x": 20,
                "y": 18
            },
            {
                "chance": 35,
                "item": "trash_cart",
                "x": 7,
                "y": 17
            },
            {
                "chance": 35,
                "item": "trash_cart",
                "x": 17,
                "y": 16
            },
            {
                "chance": 35,
                "item": "trash_cart",
                "x": 1,
                "y": 15
            },
            {
                "chance": 35,
                "item": "trash_cart",
                "x": 14,
                "y": 14
            },
            {
                "chance": 35,
                "item": "trash_cart",
                "x": 20,
                "y": 13
            },
            {
                "chance": 35,
                "item": "trash_cart",
                "x": 4,
                "y": 13
            },
            {
                "chance": 35,
                "item": "trash_cart",
                "x": 17,
                "y": 12
            },
            {
                "chance": 35,
                "item": "trash_cart",
                "x": 10,
                "y": 12
            },
            {
                "chance": 35,
                "item": "trash_cart",
                "x": 13,
                "y": 11
            },
            {
                "chance": 35,
                "item": "trash_cart",
                "x": 0,
                "y": 11
            },
            {
                "chance": 35,
                "item": "trash_cart",
                "x": 19,
                "y": 10
            },
            {
                "chance": 35,
                "item": "trash_cart",
                "x": 6,
                "y": 8
            },
            {
                "chance": 35,
                "item": "trash_cart",
                "x": 16,
                "y": 7
            },
            {
                "chance": 35,
                "item": "trash_cart",
                "x": 10,
                "y": 7
            },
            {
                "chance": 35,
                "item": "trash_cart",
                "x": 14,
                "y": 5
            },
            {
                "chance": 35,
                "item": "trash_cart",
                "x": 19,
                "y": 4
            },
            {
                "chance": 35,
                "item": "trash_cart",
                "x": 9,
                "y": 4
            },
            {
                "chance": 35,
                "item": "trash_cart",
                "x": 1,
                "y": 4
            },
            {
                "chance": 35,
                "item": "trash_cart",
                "x": 12,
                "y": 3
            },
            {
                "chance": 35,
                "item": "trash_cart",
                "x": 17,
                "y": 1
            }
        ],
        "place_monsters": [
            {
                "chance": 15,
                "density": 0.25,
                "monster": "GROUP_ZOMBIE",
                "x": 12,
                "y": 10
            }
        ],
        "rows": [
            "||||||||||||||||||||||||",
            "#......................|",
            "#.#.#.#.#.#.#.#........D",
            "#.#.#.#.#.#.#.#........|",
            "#.#.#.#.#.#.#.#..H.H...|",
            "#.#.#.#.#.#.#.#..H.H...|",
            "#.#.#.#.#.#.#.#..H.H...|",
            "#.#.#.#.#.#.#.#..H.H...|",
            "#.#.#.#.#.#.#.#..H.H...|",
            "#.#.#.#.#.#.#.#..H.H...|",
            "#.#.#.#.#.#.#.#..H.H...|",
            "#.#.#.#.#.#.#.#..H.H...|",
            "#.#.#.#.#.#.#.#..H.H...|",
            "#.#.#.#.#.#.#.#..H.H...|",
            "#.#.#.#.#.#.#.#..H.H...|",
            "#.#.#.#.#.#.#.#..H.H...|",
            "#.#.#.#.#.#.#.#........|",
            "#.#.#.#.#.#.#.#........|",
            "#......................|",
            "||||||||----.-----.....|",
            ".......................|",
            ".......................|",
            ".......................|",
            "||||||||||||||||||||||||"
        ],
        "terrain": {
            "#": "t_floor",
            "D": "t_door_c",
            "-": "t_railing_h",
            ".": "t_floor",
            "H": "t_floor",
            "|": "t_wall"
        }
    },
    "om_terrain": "movietheater_2_1",
    "type": "mapgen",
    "weight": 100
}
