{
    "method": "json",
    "object": {
        "furniture": {
            "#": "f_counter",
            "&": "f_toilet",
            "+": "f_null",
            ".": "f_null",
            "6": "f_arcade_machine",
            "7": "f_pinball_machine",
            "_": "f_null",
            "c": "f_chair",
            "s": "f_sink",
            "t": "f_trashcan",
            "{": "f_vending_c",
            "|": "f_null"
        },
        "place_items": [
            {
                "chance": 35,
                "item": "trash_cart",
                "x": 3,
                "y": 21
            },
            {
                "chance": 35,
                "item": "trash_cart",
                "x": 22,
                "y": 17
            },
            {
                "chance": 35,
                "item": "trash_cart",
                "x": 10,
                "y": 17
            },
            {
                "chance": 35,
                "item": "trash_cart",
                "x": 2,
                "y": 15
            },
            {
                "chance": 35,
                "item": "trash_cart",
                "x": 3,
                "y": 10
            },
            {
                "chance": 35,
                "item": "trash_cart",
                "x": 12,
                "y": 2
            },
            {
                "chance": 75,
                "item": "vending_food_items",
                "x": [
                    1,
                    2
                ],
                "y": 13
            },
            {
                "chance": 35,
                "item": "misc_smoking",
                "x": 5,
                "y": 7
            },
            {
                "chance": 75,
                "item": "vending_drink_items",
                "x": [
                    3,
                    4
                ],
                "y": 13
            },
            {
                "chance": 45,
                "item": "toy_store",
                "x": 21,
                "y": 22
            },
            {
                "chance": 45,
                "item": "toy_store",
                "x": 8,
                "y": 14
            },
            {
                "chance": 55,
                "item": "trash",
                "x": 17,
                "y": 11
            },
            {
                "chance": 55,
                "item": "trash",
                "x": 18,
                "y": 1
            },
            {
                "chance": 45,
                "item": "candy_shop",
                "x": 14,
                "y": 19
            }
        ],
        "place_monsters": [
            {
                "chance": 15,
                "density": 0.25,
                "monster": "GROUP_ZOMBIE",
                "x": 12,
                "y": 15
            }
        ],
        "place_toilets": [
            {
                "x": 1,
                "y": 5
            },
            {
                "x": 3,
                "y": 5
            },
            {
                "x": 5,
                "y": 5
            },
            {
                "x": 7,
                "y": 5
            },
            {
                "x": 9,
                "y": 5
            },
            {
                "x": 11,
                "y": 5
            },
            {
                "x": 13,
                "y": 5
            },
            {
                "x": 15,
                "y": 5
            },
            {
                "x": 17,
                "y": 5
            },
            {
                "x": 19,
                "y": 5
            },
            {
                "x": 1,
                "y": 7
            },
            {
                "x": 3,
                "y": 7
            },
            {
                "x": 5,
                "y": 7
            },
            {
                "x": 7,
                "y": 7
            },
            {
                "x": 9,
                "y": 7
            },
            {
                "x": 11,
                "y": 7
            },
            {
                "x": 13,
                "y": 7
            }
        ],
        "rows": [
            "||||||||||||||||||||||||",
            "|#s#s#s#s#s#s#s#s#t....|",
            "|......................|",
            "|......................|",
            "|_|+|_|_|_|+|_|+|+|_|..|",
            "|&|&|&|&|&|&|&|&|&|&|..|",
            "|||||||||||||||||||||...",
            "|&|&|&|&|&|&|&|&|&|&|...",
            "|_|_|+|_|+|_|_|.....||||",
            "|...................||||",
            "|.......................",
            "|#s#s#s#s#s#s#s##t......",
            "||||||||||||||||||||||||",
            "|{{{{|6.6.6...7.7..66..|",
            "|....|c.c.c............|",
            "|.......................",
            "|......c........c.......",
            "|...66666....6666.......",
            "|...66666....6666.......",
            "|...c.c.......c........|",
            "|....................c6|",
            "|7...................c6|",
            "|....................c6|",
            "|...7.7.7.7.7.7.7.7....|"
        ],
        "terrain": {
            "#": "t_floor",
            "&": "t_floor",
            "+": "t_door_metal_c",
            ".": "t_floor",
            "6": "t_floor",
            "7": "t_floor",
            "_": "t_door_metal_o",
            "c": "t_floor",
            "s": "t_floor",
            "t": "t_floor",
            "{": "t_floor",
            "|": "t_wall"
        }
    },
    "om_terrain": "movietheater_0_0",
    "type": "mapgen",
    "weight": 100
}
