{
    "method": "json",
    "object": {
        "furniture": {
            "#": "f_table",
            "&": "f_trashcan",
            "+": "f_null",
            ".": "f_null",
            "H": "f_armchair",
            "^": "f_indoor_plant",
            "_": "f_null",
            "a": "f_null",
            "b": "f_bench",
            "c": "f_chair",
            "d": "f_null",
            "i": "f_indoor_plant",
            "l": "f_locker",
            "w": "f_null",
            "{": "f_vending_c",
            "|": "f_null"
        },
        "place_items": [
            {
                "chance": 45,
                "item": "jackets",
                "x": 1,
                "y": 17
            },
            {
                "chance": 75,
                "item": "vending_food_items",
                "x": 4,
                "y": 18
            },
            {
                "chance": 75,
                "item": "vending_food_items",
                "x": 19,
                "y": 11
            },
            {
                "chance": 35,
                "item": "cubical_office",
                "x": 22,
                "y": 5
            },
            {
                "chance": 35,
                "item": "cubical_office",
                "x": 1,
                "y": 5
            },
            {
                "chance": 35,
                "item": "cubical_office",
                "x": 19,
                "y": [
                    1,
                    2
                ]
            },
            {
                "chance": 35,
                "item": "cubical_office",
                "x": 3,
                "y": 1
            },
            {
                "chance": 55,
                "item": "trash",
                "x": 19,
                "y": 9
            },
            {
                "chance": 55,
                "item": "trash",
                "x": 4,
                "y": 9
            },
            {
                "chance": 15,
                "item": "bags",
                "x": 1,
                "y": 18
            },
            {
                "chance": 25,
                "item": "hatstore_hats",
                "x": 22,
                "y": 17
            },
            {
                "chance": 35,
                "item": "trash_cart",
                "x": 10,
                "y": 21
            },
            {
                "chance": 35,
                "item": "trash_cart",
                "x": 19,
                "y": 20
            },
            {
                "chance": 35,
                "item": "trash_cart",
                "x": 6,
                "y": 14
            },
            {
                "chance": 35,
                "item": "trash_cart",
                "x": 8,
                "y": 9
            },
            {
                "chance": 35,
                "item": "trash_cart",
                "x": 14,
                "y": 5
            },
            {
                "chance": 35,
                "item": "textbooks",
                "x": 22,
                "y": 18
            },
            {
                "chance": 75,
                "item": "vending_drink_items",
                "x": 4,
                "y": 16
            },
            {
                "chance": 75,
                "item": "vending_drink_items",
                "x": 19,
                "y": 15
            },
            {
                "chance": 75,
                "item": "vending_drink_items",
                "x": 4,
                "y": 14
            },
            {
                "chance": 75,
                "item": "vending_drink_items",
                "x": 19,
                "y": 13
            },
            {
                "chance": 15,
                "item": "jackets",
                "x": 17,
                "y": 3
            },
            {
                "chance": 25,
                "item": "manuals",
                "x": 20,
                "y": 1
            }
        ],
        "rows": [
            "||||||............||||||",
            "|__##|............|##__|",
            "|__##|b..........b|##__|",
            "|____|b....||....b|____|",
            "|____|b....||....b|___c|",
            "|#___|b..........b|___#|",
            "w#___|b..........b|__c#w",
            "wTc__|b..........b|___Tw",
            "|____|............|____|",
            "|___&|............|&___|",
            "|__|||............|||__|",
            "|__|a_............_{|__|",
            "|__|__............_^|__|",
            "|__|__............_{|__|",
            "|__|{_............_^|__|",
            "|__|^_.....Hi....._{|__|",
            "|__|{_.....iH.....__|__|",
            "|l_|^_............__|_l|",
            "|l_|{_............_a|_l|",
            "||+|||............|||+||",
            "+......................d",
            "|......................|",
            "d......................+",
            "||||||||||||||||||||||||"
        ],
        "terrain": {
            "#": "t_floor",
            "&": "t_floor",
            "+": "t_door_metal_c",
            ".": "t_carpet_purple",
            "H": "t_carpet_purple",
            "^": "t_floor",
            "_": "t_floor",
            "a": "t_atm",
            "b": "t_carpet_purple",
            "c": "t_floor",
            "d": "t_door_metal_o",
            "i": "t_carpet_purple",
            "l": "t_floor",
            "w": "t_window",
            "{": "t_floor",
            "T": "t_console_broken",
            "|": "t_wall"
        }
    },
    "om_terrain": "movietheater_1_2",
    "type": "mapgen",
    "weight": 100
}
