{
    "method": "json",
    "object": {
        "furniture": {
            "#": "f_chair",
            "&": "f_toilet",
            "+": "f_null",
            "-": "f_null",
            ".": "f_null",
            "C": "f_counter",
            "D": "f_null",
            "H": "f_sofa",
            "S": "f_sink",
            "T": "f_null",
            "^": "f_indoor_plant",
            "_": "f_null",
            "a": "f_null",
            "b": "f_chair",
            "c": "f_null",
            "d": "f_null",
            "e": "f_dumpster",
            "f": "f_null",
            "g": "f_trashcan",
            "h": "f_null",
            "p": "f_null",
            "r": "f_rack",
            "s": "f_null",
            "t": "f_table",
            "v": "f_vending_c",
            "{": "f_glass_fridge",
            "|": "f_null"
        },
        "place_items": [
            {
                "chance": 65,
                "item": "bar_trash",
                "x": [
                    13,
                    14
                ],
                "y": 20
            },
            {
                "chance": 45,
                "item": "mussto_stringinst",
                "x": 7,
                "y": 11
            },
            {
                "chance": 45,
                "item": "mussto_stringinst",
                "x": 6,
                "y": 8
            },
            {
                "chance": 45,
                "item": "bar_table",
                "x": 20,
                "y": 16
            },
            {
                "chance": 45,
                "item": "bar_table",
                "x": 6,
                "y": 16
            },
            {
                "chance": 45,
                "item": "bar_table",
                "x": 12,
                "y": 14
            },
            {
                "chance": 45,
                "item": "bar_table",
                "x": 15,
                "y": 12
            },
            {
                "chance": 45,
                "item": "bar_table",
                "x": 12,
                "y": 10
            },
            {
                "chance": 45,
                "item": "bar_table",
                "x": 15,
                "y": 8
            },
            {
                "chance": 75,
                "item": "mussto_stringinst",
                "x": 4,
                "y": 10
            },
            {
                "chance": 25,
                "item": "floor_trash",
                "x": 19,
                "y": 18
            },
            {
                "chance": 25,
                "item": "floor_trash",
                "x": 15,
                "y": 15
            },
            {
                "chance": 25,
                "item": "floor_trash",
                "x": 7,
                "y": 14
            },
            {
                "chance": 25,
                "item": "floor_trash",
                "x": 19,
                "y": 6
            },
            {
                "chance": 25,
                "item": "floor_trash",
                "x": 12,
                "y": 5
            },
            {
                "chance": 15,
                "item": "jackets",
                "x": 16,
                "y": 12
            },
            {
                "chance": 35,
                "item": "bar_food",
                "x": [
                    4,
                    5
                ],
                "y": 18
            },
            {
                "chance": 35,
                "item": "magazines",
                "x": 13,
                "y": 18
            },
            {
                "chance": 35,
                "item": "magazines",
                "x": 20,
                "y": 10
            },
            {
                "chance": 65,
                "item": "vending_food_items",
                "x": 19,
                "y": 2
            },
            {
                "chance": 65,
                "item": "trash",
                "x": 8,
                "y": 5
            },
            {
                "chance": 75,
                "item": "vending_drink_items",
                "x": 20,
                "y": 2
            },
            {
                "chance": 25,
                "item": "hatstore_hats",
                "x": 20,
                "y": 14
            },
            {
                "chance": 25,
                "item": "hatstore_hats",
                "x": 11,
                "y": 10
            },
            {
                "chance": 75,
                "item": "bar_alcohol",
                "x": [
                    6,
                    8
                ],
                "y": 18
            }
        ],
        "place_toilets": [
            {
                "x": 4,
                "y": 2
            },
            {
                "x": 6,
                "y": 2
            },
            {
                "x": 8,
                "y": 2
            }
        ],
        "rows": [
            ".......d.......sss..d...",
            "...||||||||--||TTT||||..",
            "d..|&|&|&|___^|TTT|vv|..",
            "...|D|D|f|____|a-a|__|d.",
            "...|_____+___________|..",
            "...|SCSCg|___________|..",
            "...|||||||___________|..",
            "..d|cccccc_____#_____|..",
            "...|ccbccc____#t#___t|..",
            "...|cccccc__#__#____H|.d",
            "..d|bccccc_#t#______H|..",
            "...|cccccc__#__#____H|..",
            "...|cccccc____#t#___t|..",
            "...|________#__#____H|d.",
            "...|_______#t#______H|..",
            "d..|________#_______H|..",
            "...|CCCC||__________t|..",
            "...|_____h___________|..",
            "...|rr{{{|___HHH_____|..",
            "...|||||||||||||||+|||..",
            "..........d..eeps|_|....",
            "......d......ppps+_|d...",
            ".............ppps|||....",
            "..d.....d.......d......d"
        ],
        "terrain": {
            "#": "t_floor",
            "&": "t_floor",
            "+": "t_door_c",
            "-": "t_wall_glass",
            ".": "t_grass",
            "C": "t_floor",
            "D": "t_door_metal_c",
            "H": "t_floor",
            "S": "t_floor",
            "T": "t_thconc_floor",
            "^": "t_floor",
            "_": "t_floor",
            "a": "t_door_glass_c",
            "b": "t_carpet_green",
            "c": "t_carpet_green",
            "d": "t_dirt",
            "e": "t_pavement",
            "f": "t_door_metal_o",
            "g": "t_floor",
            "h": "t_door_c",
            "p": "t_pavement",
            "r": "t_floor",
            "s": "t_sidewalk",
            "t": "t_floor",
            "v": "t_floor",
            "{": "t_floor",
            "|": "t_wall"
        }
    },
    "om_terrain": "music_venue",
    "type": "mapgen",
    "weight": 100
}
