[
	{
		"type" : "overmap_terrain",
		"id" : "movietheater_0_0",
		"name" : "电影院",
		"rotate" : true,
		"sym" : 77,
		"color" : "i_yellow",
		"see_cost" : 5,
		"mondensity" : 2,
		"sidewalk" : true,
		"flags" : [ "SIDEWALK" ]
	},{
		"type" : "overmap_terrain",
		"id" : "movietheater_1_0",
		"name" : "电影院入口",
		"rotate" : true,
		"sym" : 77,
		"color" : "i_yellow",
		"see_cost" : 5,
		"mondensity" : 2,
		"sidewalk" : true,
		"flags" : [ "SIDEWALK" ]
	},{	
		"type" : "overmap_terrain",
		"id" : "movietheater_2_0",
		"name" : "电影院",
		"rotate" : true,
		"sym" : 77,
		"color" : "i_yellow",
		"see_cost" : 5,
		"mondensity" : 2,
		"sidewalk" : true,
		"flags" : [ "SIDEWALK" ]
	},{	
		"type" : "overmap_terrain",
		"id" : "movietheater_0_1",
		"name" : "电影院",
		"rotate" : true,
		"sym" : 77,
		"color" : "i_yellow",
		"see_cost" : 5,
		"mondensity" : 2,
		"sidewalk" : false
	},{	
		"type" : "overmap_terrain",
		"id" : "movietheater_1_1",
		"name" : "电影院",
		"rotate" : true,
		"sym" : 77,
		"color" : "i_yellow",
		"see_cost" : 5,
		"mondensity" : 2,
		"sidewalk" : false
	},{	
		"type" : "overmap_terrain",
		"id" : "movietheater_2_1",
		"name" : "电影院",
		"rotate" : true,
		"sym" : 77,
		"color" : "i_yellow",
		"see_cost" : 5,
		"mondensity" : 2,
		"sidewalk" : false
	},{	
		"type" : "overmap_terrain",
		"id" : "movietheater_0_2",
		"name" : "电影院",
		"rotate" : true,
		"sym" : 77,
		"color" : "i_yellow",
		"see_cost" : 5,
		"mondensity" : 2,
		"sidewalk" : false
	},{	
		"type" : "overmap_terrain",
		"id" : "movietheater_1_2",
		"name" : "电影院",
		"rotate" : true,
		"sym" : 77,
		"color" : "i_yellow",
		"see_cost" : 5,
		"mondensity" : 2,
		"sidewalk" : false
	},{	
		"type" : "overmap_terrain",
		"id" : "movietheater_2_2",
		"name" : "电影院",
		"rotate" : true,
		"sym" : 77,
		"color" : "i_yellow",
		"see_cost" : 5,
		"mondensity" : 2,
		"sidewalk" : false
	},{	
		"type" : "overmap_terrain",
		"id" : "paintball_field",
		"name" : "彩弹射击俱乐部",
		"rotate" : true,
		"sym" : 112,
		"color" : "red",
		"see_cost" : 5,
		"mondensity" : 2,
		"sidewalk" : true
	},{	
		"type" : "overmap_terrain",
		"id" : "smoke_lounge",
		"name" : "吸烟室",
		"rotate" : true,
		"sym" : 115,
		"color" : "white",
		"see_cost" : 5,
		"mondensity" : 2,
		"sidewalk" : true
	},{	
		"type" : "overmap_terrain",
		"id" : "music_venue",
		"name" : "音乐俱乐部",
		"rotate" : true,
		"sym" : 77,
		"color" : "white",
		"see_cost" : 5,
		"mondensity" : 2,
		"sidewalk" : true
	},{	
		"type" : "overmap_terrain",
		"id" : "gambling_hall",
		"name" : "赌场",
		"rotate" : true,
		"sym" : 103,
		"color" : "blue",
		"see_cost" : 5,
		"mondensity" : 2,
		"sidewalk" : true
	}
]