{
    "method": "json",
    "object": {
        "furniture": {
            "#": "f_null",
            "&": "f_trashcan",
            "'": "f_null",
            "+": "f_null",
            "-": "f_null",
            ".": "f_null",
            "7": "f_null",
            "B": "f_bench",
            "C": "f_counter",
            "F": "f_null",
            "X": "f_crate_c",
            "_": "f_null",
            "a": "f_chair",
            "b": "f_null",
            "c": "f_null",
            "d": "f_null",
            "f": "f_null",
            "l": "f_locker",
            "s": "f_null",
            "{": "f_washer",
            "|": "f_null"
        },
        "place_items": [
            {
                "chance": 10,
                "item": "bags",
                "x": 20,
                "y": 2
            },
            {
                "chance": 15,
                "item": "shoes",
                "x": 15,
                "y": 2
            },
            {
                "chance": 25,
                "item": "field",
                "x": 21,
                "y": 22
            },
            {
                "chance": 25,
                "item": "field",
                "x": 1,
                "y": 19
            },
            {
                "chance": 25,
                "item": "field",
                "x": 22,
                "y": 9
            },
            {
                "chance": 65,
                "item": "jackets",
                "x": 6,
                "y": 1
            },
            {
                "chance": 15,
                "item": "paintball_items",
                "x": 4,
                "y": 19
            },
            {
                "chance": 15,
                "item": "paintball_items",
                "x": 19,
                "y": 3
            },
            {
                "chance": 45,
                "item": "paintball_items",
                "x": 7,
                "y": 10
            },
            {
                "chance": 75,
                "item": "paintball_items",
                "x": [
                    2,
                    4
                ],
                "y": 1
            },
            {
                "chance": 35,
                "item": "mil_armor_pants",
                "x": 5,
                "y": 1
            },
            {
                "chance": 35,
                "item": "trash_cart",
                "x": 14,
                "y": 22
            },
            {
                "chance": 35,
                "item": "trash_cart",
                "x": 13,
                "y": 19
            },
            {
                "chance": 35,
                "item": "trash_cart",
                "x": 6,
                "y": 13
            },
            {
                "chance": 35,
                "item": "trash_cart",
                "x": 12,
                "y": 10
            },
            {
                "chance": 35,
                "item": "trash_cart",
                "x": 4,
                "y": 7
            },
            {
                "chance": 35,
                "item": "trash_cart",
                "x": 8,
                "y": 5
            },
            {
                "chance": 75,
                "item": "trash",
                "x": [
                    17,
                    18
                ],
                "y": 2
            }
        ],
        "rows": [
            "|bbbbbbbbbcc...........|",
            "|bCCCClFFbcc..cccccccc.|",
            "|bFFFFFFa'cc._cBB&&BBc_|",
            "|b+bbbb'bbcc..cccccccc_|",
            "|ccccccccccc...........|",
            "|............_..._...._|",
            "|.----------...-------_|",
            "|..#_#s__......_....._#|",
            "|_....__#..._........._|",
            "|#.._----......XX.7._..|",
            "|__..ddd-............._|",
            "|....-ddd..{..........#|",
            "|....----......_..X..##|",
            "|_._..__......__....-._|",
            "|_..................-..|",
            "|__.................-..|",
            "|#_....7.XX....{.......|",
            "|_..................-..|",
            "|_.---.--...........--_|",
            "|_......-..._..........|",
            "|__._......_....._.._._|",
            "|s_.....-....___.....__|",
            "|_#__._....._s_____#__s|",
            "|ffffffffffffffffffffff|"
        ],
        "terrain": {
            "#": "t_underbrush",
            "&": "t_concrete",
            "'": "t_window_no_curtains_open",
            "+": "t_door_c",
            "-": "t_wall",
            ".": "t_dirt",
            "7": "t_tree",
            "B": "t_concrete",
            "C": "t_floor",
            "F": "t_floor",
            "X": "t_dirt",
            "_": "t_grass",
            "a": "t_floor",
            "b": "t_brick_wall",
            "c": "t_concrete",
            "d": "t_dirtfloor",
            "f": "t_fence_h",
            "l": "t_floor",
            "s": "t_shrub",
            "{": "t_dirt",
            "|": "t_fence_v"
        }
    },
    "om_terrain": "paintball_field",
    "type": "mapgen",
    "weight": 100
}
