{
    "method": "json",
    "object": {
        "furniture": {
            "#": "f_table",
            "+": "f_null",
            "-": "f_null",
            ".": "f_null",
            "C": "f_chair",
            "D": "f_null",
            "H": "f_sofa",
            "^": "f_indoor_plant",
            "_": "f_null",
            "c": "f_counter",
            "d": "f_null",
            "l": "f_locker",
            "p": "f_null",
            "s": "f_null",
            "t": "f_null",
            "{": "f_rack",
            "|": "f_null"
        },
        "place_items": [
            {
                "chance": 45,
                "item": "smokelounge_items",
                "x": 19,
                "y": [
                    15,
                    16
                ]
            },
            {
                "chance": 45,
                "item": "smokelounge_items",
                "x": 10,
                "y": 14
            },
            {
                "chance": 45,
                "item": "smokelounge_items",
                "x": 12,
                "y": 13
            },
            {
                "chance": 45,
                "item": "smokelounge_items",
                "x": 19,
                "y": 12
            },
            {
                "chance": 45,
                "item": "smokelounge_items",
                "x": 11,
                "y": [
                    12,
                    13
                ]
            },
            {
                "chance": 45,
                "item": "smokelounge_items",
                "x": [
                    12,
                    15
                ],
                "y": 2
            },
            {
                "chance": 45,
                "item": "floor_trash",
                "x": 18,
                "y": 18
            },
            {
                "chance": 45,
                "item": "floor_trash",
                "x": 10,
                "y": 18
            },
            {
                "chance": 45,
                "item": "floor_trash",
                "x": 16,
                "y": 14
            },
            {
                "chance": 45,
                "item": "floor_trash",
                "x": 16,
                "y": 10
            },
            {
                "chance": 45,
                "item": "floor_trash",
                "x": 9,
                "y": 10
            },
            {
                "chance": 45,
                "item": "floor_trash",
                "x": 5,
                "y": 10
            },
            {
                "chance": 45,
                "item": "floor_trash",
                "x": 11,
                "y": 5
            },
            {
                "chance": 45,
                "item": "cubical_office",
                "x": 3,
                "y": 18
            },
            {
                "chance": 45,
                "item": "cubical_office",
                "x": 2,
                "y": 17
            },
            {
                "chance": 45,
                "item": "cubical_office",
                "x": 11,
                "y": 14
            },
            {
                "chance": 55,
                "item": "hatstore_hats",
                "x": 21,
                "y": 15
            },
            {
                "chance": 55,
                "item": "hatstore_hats",
                "x": 2,
                "y": 13
            },
            {
                "chance": 45,
                "item": "jackets",
                "x": 2,
                "y": 14
            },
            {
                "chance": 45,
                "item": "office",
                "x": 12,
                "y": [
                    20,
                    21
                ]
            },
            {
                "chance": 65,
                "item": "smokelounge_items",
                "x": [
                    13,
                    19
                ],
                "y": 7
            },
            {
                "chance": 65,
                "item": "smokelounge_items",
                "x": 2,
                "y": [
                    7,
                    11
                ]
            },
            {
                "chance": 65,
                "item": "smokelounge_items",
                "x": [
                    13,
                    19
                ],
                "y": 4
            },
            {
                "chance": 65,
                "item": "alcohol",
                "x": 2,
                "y": [
                    2,
                    6
                ]
            },
            {
                "chance": 15,
                "item": "bags",
                "x": 21,
                "y": 18
            },
            {
                "chance": 35,
                "item": "magazines",
                "x": 11,
                "y": 16
            },
            {
                "chance": 35,
                "item": "magazines",
                "x": 12,
                "y": 14
            },
            {
                "chance": 35,
                "item": "magazines",
                "x": 12,
                "y": 12
            }
        ],
        "rows": [
            "___d____sss_____d_______",
            "_||---||ttt||||||||||||_",
            "_|{...^|D-D|cccc.....^|d",
            "_|{....|..............|_",
            "_|{....c.....{{{{{{{..|_",
            "_|{...Cc..............|_",
            "d|{....c..............|d",
            "_|c..C.c.....{{{{{{{..|_",
            "_|c....c..............|_",
            "_|c....|..............|_",
            "_|c....|..........C#C.|_",
            "_|c...#|..............|_",
            "_|||..||..###.H...C#C.|_",
            "_|l....|..###.H..||||||_",
            "_|l....|..###.H..|...H|_",
            "d|.....+...........#.H|d",
            "_|C....|..HHH......#.H|_",
            "_|##C..|...........#.H|_",
            "_|##..^|^.......^|...H|_",
            "_||||||||||||+|||||||||_",
            "___d_______|l......|spp_",
            "_______d___|l......+sppd",
            "___________|||||||||spp_",
            "_d_______d________d_____"
        ],
        "terrain": {
            "#": "t_floor",
            "+": "t_door_c",
            "-": "t_wall_glass",
            ".": "t_floor",
            "C": "t_floor",
            "D": "t_door_glass_c",
            "H": "t_floor",
            "^": "t_floor",
            "_": "t_grass",
            "c": "t_floor",
            "d": "t_dirt",
            "l": "t_floor",
            "p": "t_pavement",
            "s": "t_sidewalk",
            "t": "t_thconc_floor",
            "{": "t_floor",
            "|": "t_wall"
        }
    },
    "om_terrain": "smoke_lounge",
    "type": "mapgen",
    "weight": 100
}
