[
   {
    "id": "RPG_TAC",
    "type": "GUN",
    "reload_noise_volume": 10,
    "symbol": "(",
    "color": "brown",
    "name": "RPG-7 TAC",
    "name_plural": "RPG-7 TAC",
    "description": "  <color_yellow>▋</color>RPG-7 Tactical(<color_yellow>战术型</color>)\r\n<color_dark_gray>    「警告：请不要瞄准面部」</color>\r\n<color_dark_gray>─────────────────────────────────────────</color>\r\n  伤害          <good>■■■■■■■■■■■■■■■■■■■</good>□   9\r\n  准确度        <good>■■■■■■■■■■■■</good>□□□□□□□□   5\r\n  射程          <good>■■■■■■■■■■■■■■■</good>□□□□□   7\r\n  射速          <good>■■■■</good>□□□□□□□□□□□□□□□□   2\r\n  操作性        <good>■■■■■■■■■■■■</good>□□□□□□□□   5\r\n<color_dark_gray>─────────────────────────────────────────</color>\r\n<color_dark_gray>战术型的RPG啊！只管装上你喜欢的附件把它也变成圣诞树吧！</color>",
    "price": 250000,
    "material": [ "steel", "plastic" ],
    "flags": [ "BACKBLAST", "NEVER_JAMS" ],
    "skill": "launcher",
    "ammo": "RPG-7",
    "weight": "6500 g",
    "volume": "4300 ml",
    "bashing": 10,
    "to_hit": -3,
    "dispersion": 400,
    "durability": 10,
    "clip_size": 1,
    "reload": 110,
    "valid_mod_locations": [
      [ "accessories", 4 ],
      [ "grip", 1 ],
      [ "mechanism", 4 ],
      [ "sights", 1 ],
      [ "sling", 1 ],
      [ "stock", 1 ],
      [ "underbarrel", 1 ],
      [ "rail mount", 2 ],
      [ "underbarrel mount", 2 ]
    ],
	"built_in_mods": [ "recoil_stock","grip" ],
	"modes": [
      [ "REACH", "安全保险", 1, "MELEE" ],
      [ "DEFAULT", "semi-auto", 1 ]
    ],
	"use_action": { "target": "RPG_TAC_C", "msg": "你快速的检查了一遍武器.", "menu_text": "检查武器", "type": "transform" }
  },
  {
    "id": "RPG_TAC_C",
    "copy-from": "RPG_TAC",
    "type": "GUN",
    "name": "RPG-7 TAC",
    "name_plural": "RPG-7 TAC",
	"countdown_interval": 1,
	"countdown_action": { "target": "RPG_TAC", "type": "transform" }
  },
  {
    "id": "RPG_TAC_U",
    "copy-from": "RPG_TAC",
    "type": "GUN",
    "name": "一挺酷炫的火箭筒",
    "name_plural": "一挺酷炫的火箭筒",
    "description": "          -[未鉴定]-",
	"proportional": { "price": 0.35 },
	"use_action": { "target": "RPG_TAC_C", "msg": "你仔细的检查了一遍武器.", "menu_text": "鉴定武器", "type": "transform" }
  },
  {
    "id": "AKAR_B",
    "type": "GUN",
    "symbol": "(",
    "color": "dark_gray",
    "name": "AK-M4突击步枪",
    "name_plural": "AK-M4突击步枪",
    "description": "  <color_yellow>▋</color>AK-M4(<color_yellow>醉宿</color>)\r\n<color_dark_gray>    「那天AK和AR都喝醉了」</color>\r\n<color_dark_gray>─────────────────────────────────────────</color>\r\n  伤害          <good>■■■■■■■■■■■</good>□□□□□□□□□   5\r\n  准确度        <good>■■■■■■■■■■■■</good>□□□□□□□□   5\r\n  射程          <good>■■■■■■■■■■■■■■</good>□□□□□□   6\r\n  射速          <good>■■■■■■■■■■■■■■</good>□□□□□□   6\r\n  操作性        <good>■■■■■■■■■■■■■■■</good>□□□□□   7\r\n<color_dark_gray>─────────────────────────────────────────</color>\r\n<color_dark_gray>这美人是东半球的AK47和西半球的M4所产下的杂种.</color>",
    "material": ["steel"],
    "weight": 1000,
    "volume": 1,
	"price": 350000,
    "bashing": 1,
    "to_hit": -5,
	"skill": "rifle",
	"ammo": "223",
	"ranged_damage": 0,"//": "伤害修正",
    "durability": 6,"//": "可靠性",
    "reload": 100,"//": "换弹时间",
	"reload_noise_volume": 10,"//": "装弹声音",
    "loudness" : 0,"//": "枪声",
	"recoil": 0,"//": "后坐力修正",
	"dispersion": 200,"//": "散布",
    "sight_dispersion": 30,"//": "瞄准散布",
	"//": "组装",
	"built_in_mods": [ "IOV_AR_upper_556","IOV_AR_stock","IOV_AR_grip","IOV_AR_barrel_16","IOV_GripPod" ],
    "valid_mod_locations": [
      [ "accessories", 3 ],
      [ "barrel", 1 ],
      [ "grip", 1 ],
      [ "mechanism", 1 ],
      [ "muzzle", 1 ],
      [ "rail", 1 ],
      [ "sights", 1 ],
      [ "sling", 1 ],
      [ "stock", 1 ]
    ],
	"modes": [
      [ "REACH", "枪保险", 1, "MELEE" ],
      [ "DEFAULT", "semi-auto", 1 ],
	  [ "BURST", "短点", 3 ],
      [ "AUTO", "乌拉!!", 15 ]
    ],
	"magazines": [ [ "223", [ "stanag30", "stanag50", "survivor223mag" ] ] ],
	"use_action": { "target": "AKAR_B_C", "msg": "你仔细的检查武器.", "menu_text": "检查武器", "type": "transform" }
  },
  {
    "id": "AKAR_B_C",
    "copy-from": "AKAR_B",
    "type": "GUN",
    "symbol": "(",
    "color": "dark_gray",
    "name": "AK-M4突击步枪",
    "name_plural": "AK-M4突击步枪",
	"countdown_interval": 1,
	"countdown_action": { "target": "AKAR_B", "type": "transform" }
  },
  {
    "id": "AKAR_B_U",
    "copy-from": "AKAR_B",
    "type": "GUN",
    "name": "一把奇怪的枪",
    "name_plural": "一把奇怪的枪",
    "description": "            -[未鉴定]-",
	"proportional": { "price": 0.35 },
	"use_action": { "target": "AKAR_B_C", "msg": "你仔细的检查了一遍武器.", "menu_text": "鉴定武器", "type": "transform" }
  },
  {
    "id": "IOV_AR_upper_556",
    "type": "GUNMOD",
    "name": "AR上机匣 沙色涂装(5.56x45mm)",
    "description": " ",
    "weight": 1000,
    "volume": 1,
    "integral_volume": 2,
    "price": 79200,
    "material": [ "steel", "plastic" ],
    "symbol": ":",
    "color": "red",
    "location": "mechanism",
    "mod_targets": [ "rifle" ],
    "acceptable_ammo": [ "223" ],
    "install_time": 10000,
    "dispersion_modifier": 80,
    "loudness_modifier": 0,
	"magazine_adaptor": [ [ "223", [ "stanag30", "stanag10", "stanag50", "survivor223mag" ] ] ],
	"min_skills": [ [ "weapon", 2 ] ]
  },
  {
    "id": "IOV_AR_stock",
    "type": "GUNMOD",
    "looks_like": "adjustable_stock",
    "name": "搓到包浆的枪托",
    "description": ".",
    "weight": 350,
    "volume": 2,
    "integral_volume": 1,
    "price": 38000,
    "to_hit": 1,
    "bashing": 6,
    "material": [ "plastic", "steel" ],
    "symbol": ":",
    "color": "dark_gray",
    "location": "stock",
    "mod_targets": [ "rifle" ],
    "dispersion_modifier": -1,
    "handling_modifier": 3
  },
  {
    "id": "IOV_AR_grip",
    "type": "GUNMOD",
    "name": "搓到包浆的握把",
    "description": ".",
    "weight": 125,
    "volume": 1,
    "integral_volume": 0,
    "price": 38000,
    "material": [ "steel" ],
    "symbol": ":",
    "color": "dark_gray",
    "location": "grip",
    "mod_targets": [ "rifle" ],
	"handling_modifier": 3
  },
  {
    "id": "IOV_GripPod",
    "type": "GUNMOD",
    "name": "搓到包浆的护木",
    "description": ".",
    "weight": 300,
    "volume": 1,
    "price": 75000,
    "to_hit": -1,
    "bashing": 10,
    "material": [ "steel", "plastic" ],
    "symbol": ":",
    "color": "brown",
    "location": "rail",
    "mod_targets": [ "smg", "rifle", "crossbow", "launcher" ],
    "handling_modifier": 10,
    "min_skills": [ [ "weapon", 2 ] ],
    "flags": [ "BIPOD", "PUMP_RAIL_COMPATIBLE" ]
  },
  {
    "id": "IOV_AR_barrel_16",
    "type": "GUNMOD",
    "name": "16英寸AK枪管",
    "description": ".",
    "weight": 426,
    "volume": 3,
    "price": 20000,
    "to_hit": 2,
    "bashing": 5,
    "material": [ "steel" ],
    "symbol": ":",
    "color": "light_gray",
    "location": "barrel",
    "mod_targets": [ "rifle" ],
    "damage_modifier": 1,
    "dispersion_modifier": -40,
    "min_skills": [ [ "weapon", 2 ] ]
  }
]