[
  {
    "type": "mutation",
    "id": "IRONJAW",
    "name": "头铁",
    "points": 2,
    "description": "铜铸的头,铁打的额.劳资的头就是那么铁!\r\n头部防御+5.\r\n解锁技能:头槌",
    "starting_trait": true,
    "social_modifiers": { "intimidate": 2 },
	"armor": [ { "parts": "HEAD", "cut": 5, "bash": 5 } ],
    "cancels": [ "GLASSJAW" ],
	"attacks": {
      "attack_text_u": "你对着%s使出了一记头槌",
      "attack_text_npc": "%1$s对着%2$s使出了一记头槌",
      "body_part": "HEAD",
      "chance": 25,
      "strength_damage": { "damage_type": "bash", "amount": 4 }
    }
  },
  {
    "type": "mutation",
    "id": "GLASSJAW",
	"copy-from": "GLASSJAW",
    "name": "Glass Jaw",
    "cancels": [ "TOUGH","IRONJAW" ]
  },
  {
    "id": "HAIR_BALD",
	"copy-from": "HAIR_BALD",
    "type": "mutation",
    "name": "闪亮的光头",
	"player_display": true,
    "description": "头发越少战力越高.\r\n头部防御+8.\r\n解锁技能:头槌,断子绝孙腿,扇耳光",
    "social_modifiers": { "intimidate": -5 },
	"armor": [ { "parts": "HEAD", "cut": 8, "bash": 8 } ],
	"attacks": [
	{
      "attack_text_u": "*碰*你对着%s使出了一记头槌!",
      "attack_text_npc": "*碰*%1$s对着%2$s使出了一记头槌!",
      "chance": 25,
      "strength_damage": { "damage_type": "bash", "amount": 3 }
    },
	{
      "attack_text_u": "*噗*你对着%s裆部狠狠的踢了一脚!\r\n*啊!!!*\r\n",
      "attack_text_npc": "*噗*%1$s对着%2$s裆部狠狠的踢了一脚!",
      "chance": 10,
      "strength_damage": { "damage_type": "bash", "amount": 7 }
    },
	{
      "attack_text_u": "*啪*你往%s的脸上狠狠的扇了一记耳光!",
      "attack_text_npc": "*啪*%1$s往%2$ss的脸上狠狠的扇了一记耳光!",
      "chance": 20,
      "strength_damage": { "damage_type": "bash", "amount": 2 }
    }
	]
  }
]
