[
  {
    "type": "mutation",
    "id": "BIO_WEAPON_ALPHA",
    "name": "生物武器-阿尔法",
    "points": 1,
    "description": "你的基因组是独一无二的,这是一个DNA标记,表明你是生物武器-阿尔法.也许有一天会有用的.",
    "valid": false,
    "purifiable": false,
    "profession": true
  },
  {
    "type": "mutation",
    "id": "BIO_WEAPON_BETA",
    "name": "生物武器-贝塔",
    "points": 1,
    "description": "你的基因组是独一无二的,这是一个DNA标记,表明你是生物武器-贝塔.  也许有一天会有用的.",
    "valid": false,
    "purifiable": false,
    "profession": true
  },
  {
    "type": "mutation",
    "id": "BIO_WEAPON_GAMMA",
    "name": "生物武器-伽玛",
    "points": 1,
    "description": "你的基因组是独一无二的,这是一个DNA标记,表明你是生物武器-伽玛.  也许有一天会有用的.",
    "valid": false,
    "purifiable": false,
    "profession": true
  },
  {
    "type": "mutation",
    "id": "BIO_WEAPON_DELTA",
    "name": "生物武器-三角洲",
    "points": 1,
    "description": "你的基因组是独一无二的,这是一个DNA标记,表明你是生物武器-三角洲.  也许有一天会有用的.",
    "valid": false,
    "purifiable": false,
    "profession": true
  },
  {
    "type": "mutation",
    "id": "BIO_WEAPON_GENERIC",
    "name": "生物武器",
    "points": 1,
    "description": "这个DNA标记可以提醒你你是什么-一个生物武器.  这是给npc的,如果你有的话,这应该是调试出来的一个bug !!",
    "valid": false,
    "purifiable": false,
    "profession": true
  },
  {
    "type": "mutation",
    "id": "BIO_WEAPON_FAILED",
    "name": "失败的生物武器",
    "points": 1,
    "description": "这个DNA标记可以提醒你你是什么- 在这个世界上又一次失败. 你是一个失败的生物武器.",
    "valid": false,
    "purifiable": false,
    "profession": true
  },
  {
    "type": "mutation",
    "id": "SUPER_SOLDIER_MARKER",
    "name": "超级战士",
    "points": 1,
    "description": "这是一个DNA标记识别你作为超级战士项目的一部分.  它曾被用来给你提供生物识别扫描仪和特殊武器的许可,但现在它看起来毫无用处.",
    "valid": false,
    "purifiable": false,
    "profession": true
  },
  {
    "type": "mutation",
    "id": "MARTIAL_ARTS_SURV",
    "name": "幸存者格斗术",
    "points": 3,
    "description": "你已经很擅长使用即兴和手工制作的武器,偶尔也会使用你的拳头.你开始创造属于自己的武术",
    "initial_ma_styles": [
      "style_surv"
    ],
    "valid": false
  }
]
