[
  {
    "type": "item_group",
    "id": "antique_guns",
    "items": [
      [ "TCW_M1918_AT", 5 ]
    ]
  },
  {
    "type": "item_group",
    "id": "museum_guns",
    "items": [
      [ "TCW_M1918_AT", 5 ],
	  { "item": "132at", "prob": 35, "count-min": 1, "count-max": 5 },
	  { "item": "132at_SK", "prob": 20, "count-min": 1, "count-max": 3 },
	  { "item": "132at_casing", "prob": 50, "count-min": 1, "count-max": 5 }
    ]
  },
  {
    "type": "item_group",
    "id": "M1918",
    "items": [
      [ "TCW_M1918_AT_S", 5 ],
	  { "item": "132at", "prob": 50, "count-min": 3, "count-max": 7 },
	  { "item": "132at_SK", "prob": 30, "count-min": 2, "count-max": 3 },
	  { "item": "132at_casing", "prob": 50, "count-min": 1, "count-max": 10 }
    ]
  }
]